url,url_length,num_dots,num_digits,num_hyphens,has_https,has_at_symbol,has_ip,num_redirects,num_subdomains,suspicious_keyword_count,url_entropy,special_char_count,num_slashes,digit_ratio,has_shortener,label
https://notion.net/blog/2026/updates,36,1,4,0,1,0,0,0,0,1,4.0386,1,5,0.1111,0,safe
http://cutt.ly/nglnqvw,22,1,0,0,0,0,0,0,0,0,3.6978,1,3,0.0,1,phishing
https://help.python.net/en/home,31,2,0,0,1,0,0,0,1,0,3.4861,1,4,0.0,0,safe
https://docs.harvard.com/,25,2,0,0,1,0,0,0,1,0,3.7337,1,3,0.0,0,safe
http://ic10ud-update.top/update/kyg7f,37,1,3,1,0,0,0,0,0,1,4.0981,1,4,0.0811,0,phishing
http://55.173.40.48/icloud-unlock/1ji523.php,44,4,13,1,0,0,1,0,0,1,4.4251,1,4,0.2955,0,phishing
http://jgf82k.6kr4.7mb.amazon.ml/verify,39,4,5,0,0,0,0,0,3,1,4.58,1,3,0.1282,0,phishing
http://outlook-update.tk/login/signin/eftqim8f?id=tvrdpi4rgv,60,1,2,1,0,0,0,0,0,3,4.4437,3,5,0.0333,0,phishing
https://docs.un.com/en/home,27,2,0,0,1,0,0,0,1,0,3.6899,1,4,0.0,0,safe
https://reuters.org/products,28,1,0,0,1,0,0,0,0,0,3.6106,1,3,0.0,0,safe
http://amaz0n-secure.info/secure/17yp2,38,1,4,1,0,0,0,0,0,1,4.4058,1,4,0.1053,0,phishing
https://help.coursera.org/en/home?ref=ciki,42,2,0,0,1,0,0,0,1,0,4.2228,3,4,0.0,0,safe
https://www.stackoverflow.io/en/home,36,2,0,0,1,0,0,0,1,0,4.0724,1,4,0.0,0,safe
http://rb.gy/agrr634,20,1,3,0,0,0,0,0,0,0,3.6464,1,3,0.15,1,phishing
http://fnxe.majw6xm.0u8fw.dhl.cf/alert,38,4,3,0,0,0,0,0,3,1,4.2936,1,3,0.0789,0,phishing
https://167.243.234.210/amazon-alert/7lkq2p.php,47,4,14,1,1,0,1,0,0,1,4.4161,1,4,0.2979,0,phishing
https://instagram-alert.ga/alert/fpm38,38,1,2,1,1,0,0,0,0,1,3.9854,1,4,0.0526,0,phishing
https://m5elja.juc8tu.ltb971c1.wellsfargo.ga/login,50,4,6,0,1,0,0,0,3,1,4.5264,1,3,0.12,0,phishing
https://en.mozilla.org/pricing?ref=m80o,39,2,2,0,1,0,0,0,1,0,4.3875,3,3,0.0513,0,safe
https://www.dropbox.org/pricing,31,2,0,0,1,0,0,0,1,0,3.9292,1,3,0.0,0,safe
https://tinyurl.com/kepw0h6,27,1,2,0,1,0,0,0,0,0,4.2545,1,3,0.0741,1,phishing
https://bno7if.29jpm.jdruez.apple.click/unlock,46,4,3,0,1,0,0,0,3,2,4.5178,1,3,0.0652,0,phishing
https://help.reuters.gov/products,33,2,0,0,1,0,0,0,1,0,3.8391,1,3,0.0,0,safe
https://bit.ly/hetooc1,22,1,1,0,1,0,0,0,0,0,3.6978,1,3,0.0455,1,phishing
http://hdn3x.3a2ybz.1rh.netflix.cf/reset-password,49,4,4,1,0,0,0,0,3,2,4.5173,1,3,0.0816,0,phishing
http://m28s12d.4bh74k0.cbhn1xhd.rstq.cz4r.icloud.xyz/unlock,59,6,10,0,0,0,0,0,5,1,4.6194,1,3,0.1695,0,phishing
http://google-update.top/authenticate/confirm/confirm/billing/v0imdm3t?id=qb66d15c69,84,1,8,1,0,0,0,0,0,4,4.6222,3,7,0.0952,0,phishing
https://docs.who.io/docs/getting-started,40,2,0,1,1,0,0,0,1,0,3.9153,1,4,0.0,0,safe
https://help.spotify.org/products,33,2,0,0,1,0,0,0,1,0,3.9455,1,3,0.0,0,safe
http://eipm12.gjgvwrk.2p22.binance.tk/confirm,45,4,5,0,0,0,0,0,3,1,4.3413,1,3,0.1111,0,phishing
https://150.53.14.201/bankofamerica-webscr/cxilet.php,53,4,10,1,1,0,1,0,0,1,4.6236,1,4,0.1887,0,phishing
http://244.222.41.212/google-recover/aoscpd.php,47,4,11,1,0,0,1,0,0,1,4.0861,1,4,0.234,0,phishing
https://docs.harvard.com/,25,2,0,0,1,0,0,0,1,0,3.7337,1,3,0.0,0,safe
http://77.35.38.67/microsoft-unlock/jkspbj.php,46,4,8,1,0,0,1,0,0,1,4.4309,1,4,0.1739,0,phishing
http://cn68.4a2ep1bs.ejga.google.tk/signin,42,4,5,0,0,0,0,0,3,1,4.3204,1,3,0.119,0,phishing
http://x63mgffn.slu9y.ru0sto.nk8.outlook.ml/support-center,58,5,5,1,0,0,0,0,4,1,4.4225,1,3,0.0862,0,phishing
https://outlook-verify.tk/signin/reset-password/recover/webscr/h6ssqkf8?id=j84s57ejls,85,1,6,2,1,0,0,0,0,6,4.6681,3,7,0.0706,0,phishing
https://coinbasess-authenticate.ga/authenticate/59n14,53,1,4,1,1,0,0,0,0,1,4.0037,1,4,0.0755,0,phishing
https://mit.gov/careers,23,1,0,0,1,0,0,0,0,0,3.8492,1,3,0.0,0,safe
https://en.reuters.org/careers,30,2,0,0,1,0,0,0,1,0,3.5908,1,3,0.0,0,safe
https://www.mit.org/help/contact,32,2,0,0,1,0,0,0,1,0,3.9261,1,4,0.0,0,safe
http://cutt.ly/nuylqv7,22,1,1,0,0,0,0,0,0,0,3.6069,1,3,0.0455,1,phishing
http://bv00o.vtciql.1e48kv2.tci.dp8u5.coinbase.info/recover,59,6,8,0,0,0,0,0,5,1,4.5222,1,3,0.1356,0,phishing
http://faceb00k-reset-password.info/reset-password/2blse,56,1,3,3,0,0,0,0,0,2,4.2327,1,4,0.0536,0,phishing
https://mozilla.gov/products,28,1,0,0,1,0,0,0,0,0,4.0836,1,3,0.0,0,safe
https://docs.who.io/docs/getting-started?ref=g7in,49,2,1,1,1,0,0,0,1,0,4.2162,3,4,0.0204,0,safe
https://www.slack.org/about,27,2,0,0,1,0,0,0,1,0,3.9303,1,3,0.0,0,safe
https://help.who.io/help/contact,32,2,0,0,1,0,0,0,1,0,3.7028,1,4,0.0,0,safe
https://en.bbc.edu/pricing?ref=p3hr,35,2,1,0,1,0,0,0,1,0,4.1859,3,3,0.0286,0,safe
https://docs.cloudflare.org/about,33,2,0,0,1,0,0,0,1,0,4.0289,1,3,0.0,0,safe
https://docs.airbnb.com/pricing,31,2,0,0,1,0,0,0,1,0,3.9779,1,3,0.0,0,safe
https://apple-unlock.gq/authenticate/alert/7qapif22?id=rfh412vxbc,65,1,6,1,1,0,0,0,0,3,4.6608,3,5,0.0923,0,phishing
http://28.164.18.30/amazon-recover/bibya5.php,45,4,10,1,0,0,1,0,0,1,4.5694,1,4,0.2222,0,phishing
http://faceb00k-login.top/login/fiu8e,37,1,3,1,0,0,0,0,0,1,4.2293,1,4,0.0811,0,phishing
http://coinbasefc-reset-password.ga/reset-password/44hgu,56,1,2,3,0,0,0,0,0,2,4.2087,1,4,0.0357,0,phishing
https://python.edu?ref=jh7x,27,1,1,0,1,0,0,0,0,0,4.1805,3,2,0.037,0,safe
https://en.harvard.io/support/faq,33,2,0,0,1,0,0,0,1,1,3.9832,1,4,0.0,0,safe
http://facebook-signin.click/update/support-center/signin/webscr/zixzxbqy?id=a4bcfsrhoa,87,1,1,2,0,0,0,0,0,5,4.6125,3,7,0.0115,0,phishing
http://outlook-billing.gq/update/webscr/signin/b1l96fu0?id=zdmb8dwf7n,69,1,6,1,0,0,0,0,0,4,4.7841,3,6,0.087,0,phishing
http://63.142.51.50/icloud-unlock/zskwua.php,44,4,9,1,0,0,1,0,0,1,4.516,1,4,0.2045,0,phishing
https://en.figma.edu/pricing,28,2,0,0,1,0,0,0,1,0,4.0391,1,3,0.0,0,safe
https://67.85.129.37/usps-reset-password/tjbmqa.php,51,4,9,2,1,0,1,0,0,2,4.4348,1,4,0.1765,0,phishing
https://notion.org/en/home,26,1,0,0,1,0,0,0,0,0,3.5654,1,4,0.0,0,safe
http://lbzrsfh.5m8.f7j3pa1.tovs.6le77r0.outlook.gq/account,58,6,9,0,0,0,0,0,5,1,4.6684,1,3,0.1552,0,phishing
http://66.237.156.97/apple-billing/8ubif7.php,45,4,12,1,0,0,1,0,0,1,4.3223,1,4,0.2667,0,phishing
http://is.gd/4cut92n,20,1,3,0,0,0,0,0,0,0,3.8464,1,3,0.15,1,phishing
https://docs.python.com/docs/getting-started,44,2,0,1,1,0,0,0,1,0,3.9785,1,4,0.0,0,safe
https://help.who.net/pricing,28,2,0,0,1,0,0,0,1,0,3.8424,1,3,0.0,0,safe
https://notion.org/products,27,1,0,0,1,0,0,0,0,0,3.6899,1,3,0.0,0,safe
https://www.github.com/pricing,30,2,0,0,1,0,0,0,1,0,3.9396,1,3,0.0,0,safe
https://en.mozilla.gov/about,28,2,0,0,1,0,0,0,1,0,4.0836,1,3,0.0,0,safe
https://211.230.62.62/usps-confirm/bfgh6q.php,45,4,11,1,1,0,1,0,0,1,4.3304,1,4,0.2444,0,phishing
https://www.python.net/support/faq,34,2,0,0,1,0,0,0,1,1,3.8414,1,4,0.0,0,safe
https://en.stackoverflow.io/,28,2,0,0,1,0,0,0,1,0,4.0836,1,3,0.0,0,safe
http://mndnik.196.3ag.jfvv5qf.xglg.8mmsae4.fedex.ml/support-center,66,7,7,1,0,0,0,0,6,1,4.756,1,3,0.1061,0,phishing
https://www.python.gov/news/latest,34,2,0,0,1,0,0,0,1,0,3.7826,1,4,0.0,0,safe
https://en.reuters.com/news/latest,34,2,0,0,1,0,0,0,1,0,3.7575,1,4,0.0,0,safe
https://help.stackoverflow.gov/products,39,2,0,0,1,0,0,0,1,0,4.1504,1,3,0.0,0,safe
http://facebook-unlock.ga/authenticate/confirm/update/xtnbbnth?id=pewyvmy15f,76,1,2,1,0,0,0,0,0,4,4.5786,3,6,0.0263,0,phishing
http://usps-secure.cf/secure/0q2x7,34,1,3,1,0,0,0,0,0,1,3.9254,1,4,0.0882,0,phishing
https://www.github.com/blog/2026/updates,40,2,4,0,1,0,0,0,1,1,4.2628,1,5,0.1,0,safe
https://dropbox.io/help/contact,31,1,0,0,1,0,0,0,0,0,3.8976,1,4,0.0,0,safe
https://www.trello.edu/careers,30,2,0,0,1,0,0,0,1,0,3.8062,1,3,0.0,0,safe
https://www.npr.org/pricing?ref=rmx6,36,2,1,0,1,0,0,0,1,0,4.1734,3,3,0.0278,0,safe
https://help.nytimes.edu/pricing,32,2,0,0,1,0,0,0,1,0,4.007,1,3,0.0,0,safe
http://157.186.183.169/microsoft-recover/j5bqab.php,51,4,13,1,0,0,1,0,0,1,4.5544,1,4,0.2549,0,phishing
https://93.233.143.148/netflix-verify/wn8hu4.php,48,4,13,1,1,0,1,0,0,1,4.4387,1,4,0.2708,0,phishing
https://www.coursera.org/careers,32,2,0,0,1,0,0,0,1,0,3.7303,1,3,0.0,0,safe
https://en.nationalgeographic.com/pricing,41,2,0,0,1,0,0,0,1,0,3.9604,1,3,0.0,0,safe
https://www.coursera.org/pricing,32,2,0,0,1,0,0,0,1,0,3.9528,1,3,0.0,0,safe
http://cutt.ly/mb5zkt9,22,1,2,0,0,0,0,0,0,0,3.7156,1,3,0.0909,1,phishing
https://docs.mozilla.net/blog/2026/updates,42,2,4,0,1,0,0,0,1,1,4.3001,1,5,0.0952,0,safe
https://en.npr.gov/account/settings,35,2,0,0,1,0,0,0,1,1,3.8617,1,4,0.0,0,safe
http://207.133.95.151/apple-login/xite5h.php,44,4,12,1,0,0,1,0,0,1,4.2179,1,4,0.2727,0,phishing
https://docs.figma.com/account/settings,39,2,0,0,1,0,0,0,1,1,3.9427,1,4,0.0,0,safe
http://wellsfargo-authenticate.click/login/webscr/authenticate/01eaiuzp?id=rlciiior8c,85,1,3,1,0,0,0,0,0,4,4.4155,3,6,0.0353,0,phishing
http://is.gd/8c7gaq9,20,1,3,0,0,0,0,0,0,0,3.8842,1,3,0.15,1,phishing
https://docs.khanacademy.gov/help/contact,41,2,0,0,1,0,0,0,1,0,4.0524,1,4,0.0,0,safe
https://en.python.com/docs/getting-started,42,2,0,1,1,0,0,0,1,0,3.9954,1,4,0.0,0,safe
https://help.bbc.gov/products,29,2,0,0,1,0,0,0,1,0,3.9523,1,3,0.0,0,safe
https://help.airbnb.org/blog/2026/updates?ref=jpq1,50,2,5,0,1,0,0,0,1,1,4.5513,3,5,0.1,0,safe
https://en.coursera.edu?ref=whee,32,2,0,0,1,0,0,0,1,0,3.9917,3,2,0.0,0,safe
https://www.duolingo.gov/account/settings?ref=vhc3,50,2,1,0,1,0,0,0,1,1,4.3762,3,4,0.02,0,safe
http://142.210.208.187/outlook-confirm/on726x.php,49,4,15,1,0,0,1,0,0,1,4.3928,1,4,0.3061,0,phishing
https://coursera.edu/about,26,1,0,0,1,0,0,0,0,0,3.7672,1,3,0.0,0,safe
https://docs.stackoverflow.com/pricing,38,2,0,0,1,0,0,0,1,0,4.241,1,3,0.0,0,safe
http://facebook-reset-password.tk/suspended/support-center/update/mqbwhrau?id=de9gpye5ca,88,1,2,3,0,0,0,0,0,5,4.4392,3,6,0.0227,0,phishing
http://ew147d.6jnd4c.7em.chase.cf/reset-password,48,4,6,1,0,0,0,0,3,2,4.3219,1,3,0.125,0,phishing
https://www.figma.io/pricing,28,2,0,0,1,0,0,0,1,0,3.8963,1,3,0.0,0,safe
https://www.wikipedia.io/products,33,2,0,0,1,0,0,0,1,0,3.8849,1,3,0.0,0,safe
http://is.gd/54ycgog,20,1,2,0,0,0,0,0,0,0,3.7464,1,3,0.1,1,phishing
https://outlook-billing.tk/unlock/account/authenticate/alert/imma5zhx?id=bcgefogvt7,83,1,2,1,1,0,0,0,0,5,4.4825,3,7,0.0241,0,phishing
https://67akkwv5.nd678n.c2ea0i.fwso.fedex.top/support-center,60,5,8,1,1,0,0,0,4,1,4.5761,1,3,0.1333,0,phishing
https://cutt.ly/pelg37t,23,1,2,0,1,0,0,0,0,0,3.6381,1,3,0.087,1,phishing
https://help.usps.net/docs/getting-started?ref=tkn5,51,2,1,1,1,0,0,0,1,0,4.2071,3,4,0.0196,0,safe
http://fedexvu-signin.cf/signin/7gxf8,37,1,2,1,0,0,0,0,0,1,4.0876,1,4,0.0541,0,phishing
https://www.bbc.edu/docs/getting-started,40,2,0,1,1,0,0,0,1,0,4.0587,1,4,0.0,0,safe
https://docs.duolingo.com/products?ref=mdry,43,2,0,0,1,0,0,0,1,0,4.2313,3,3,0.0,0,safe
https://help.un.io/help/contact,31,2,0,0,1,0,0,0,1,0,3.7442,1,4,0.0,0,safe
https://help.usps.io/support/faq,32,2,0,0,1,0,0,0,1,1,3.7386,1,4,0.0,0,safe
http://rb.gy/vk6aah0,20,1,2,0,0,0,0,0,0,0,3.7842,1,3,0.1,1,phishing
http://192.125.151.159/bankofamerica-unlock/ifyrw4.php,54,4,13,1,0,0,1,0,0,1,4.572,1,4,0.2407,0,phishing
http://binance-recover.cf/billing/webscr/eniybp8z?id=hx2simz8m2,63,1,4,1,0,0,0,0,0,3,4.6204,3,5,0.0635,0,phishing
http://vnl6zny.oqfexiw.rgzwd1.nobws.z1x.r6j.netflix.info/authenticate,69,7,4,0,0,0,0,0,6,1,4.5549,1,3,0.058,0,phishing
http://45.103.170.15/amazon-billing/6szo4x.php,46,4,12,1,0,0,1,0,0,1,4.4907,1,4,0.2609,0,phishing
http://app1e-confirm.xyz/confirm/9lxzw,38,1,2,1,0,0,0,0,0,1,4.386,1,4,0.0526,0,phishing
https://help.trello.com/en/home,31,2,0,0,1,0,0,0,1,0,3.631,1,4,0.0,0,safe
https://oijrbkn.nzi4yg3.rbrcry.microsoft.xyz/support-center,59,4,2,1,1,0,0,0,3,1,4.4158,1,3,0.0339,0,phishing
https://docs.nasa.net/docs/getting-started,42,2,0,1,1,0,0,0,1,0,3.8142,1,4,0.0,0,safe
http://25tjea.ma0nrsm.5gb7qkv2.instagram.xyz/reset-password,59,4,6,1,0,0,0,0,3,2,4.6099,1,3,0.1017,0,phishing
https://docs.python.io/about,28,2,0,0,1,0,0,0,1,0,3.7804,1,3,0.0,0,safe
https://help.figma.net/products,31,2,0,0,1,0,0,0,1,0,4.1313,1,3,0.0,0,safe
https://figma.org/about?ref=y0pk,32,1,1,0,1,0,0,0,0,0,4.3278,3,3,0.0312,0,safe
https://coinbasemz-support-center.ml/support-center/tds50,57,1,2,3,1,0,0,0,0,1,4.1925,1,4,0.0351,0,phishing
https://182.53.129.22/chase-update/ocfst9.php,45,4,11,1,1,0,1,0,0,1,4.1694,1,4,0.2444,0,phishing
https://en.notion.org/about,27,2,0,0,1,0,0,0,1,0,3.736,1,3,0.0,0,safe
https://docs.bbc.net/en/home,28,2,0,0,1,0,0,0,1,0,3.682,1,4,0.0,0,safe
https://www.trello.com/products,31,2,0,0,1,0,0,0,1,0,3.8489,1,3,0.0,0,safe
https://help.figma.net/docs/getting-started?ref=cct5,52,2,1,1,1,0,0,0,1,0,4.2413,3,4,0.0192,0,safe
http://wellsfargo4l-signin.gq/signin/k9ura,42,1,2,1,0,0,0,0,0,1,4.2611,1,4,0.0476,0,phishing
http://117.206.6.21/usps-secure/5snu2u.php,42,4,11,1,0,0,1,0,0,1,4.023,1,4,0.2619,0,phishing
http://bankofamericarf-support-center.click/support-center/tsmy9,64,1,1,3,0,0,0,0,0,2,4.2537,1,4,0.0156,0,phishing
https://www.nytimes.org/news/latest,35,2,0,0,1,0,0,0,1,0,3.8617,1,4,0.0,0,safe
https://docs.bbc.edu/?ref=nj8u,30,2,1,0,1,0,0,0,1,0,4.2151,3,3,0.0333,0,safe
https://en.un.edu/help/contact,30,2,0,0,1,0,0,0,1,0,3.7232,1,4,0.0,0,safe
http://66nw5.lgs.z4fqyp6.yspjbn.5i0.binance.info/confirm,56,6,7,0,0,0,0,0,5,1,4.5209,1,3,0.125,0,phishing
http://bit.ly/ja6r1wp,21,1,2,0,0,0,0,0,0,0,3.8442,1,3,0.0952,1,phishing
https://docs.un.edu/blog/2026/updates,37,2,4,0,1,0,0,0,1,1,4.1114,1,5,0.1081,0,safe
http://app1e-confirm.click/confirm/03idh,40,1,3,1,0,0,0,0,0,2,4.2531,1,4,0.075,0,phishing
http://cutt.ly/36vzqgo,22,1,2,0,0,0,0,0,0,0,3.8797,1,3,0.0909,1,phishing
https://tinyurl.com/7he0xma,27,1,2,0,1,0,0,0,0,0,4.2545,1,3,0.0741,1,phishing
https://cutt.ly/se93318,23,1,5,0,1,0,0,0,0,0,3.7951,1,3,0.2174,1,phishing
https://instagram-account.info/signin/support-center/webscr/alert/drcwohqf?id=1hw1c59pl5,88,1,5,2,1,0,0,0,0,5,4.5667,3,7,0.0568,0,phishing
https://en.who.gov/news/latest,30,2,0,0,1,0,0,0,1,0,3.7232,1,4,0.0,0,safe
https://www.mit.edu/products,28,2,0,0,1,0,0,0,1,0,3.8249,1,3,0.0,0,safe
https://npr.edu/support/faq,27,1,0,0,1,0,0,0,0,1,3.764,1,4,0.0,0,safe
https://en.notion.net/account/settings,38,2,0,0,1,0,0,0,1,1,3.5788,1,4,0.0,0,safe
https://harvard.edu/news/latest?ref=9z9u,40,1,2,0,1,0,0,0,0,0,4.1653,3,4,0.05,0,safe
https://help.nytimes.org,24,2,0,0,1,0,0,0,1,0,3.8868,1,2,0.0,0,safe
https://en.notion.org/en/home,29,2,0,0,1,0,0,0,1,0,3.5645,1,4,0.0,0,safe
https://en.mozilla.com/account/settings,39,2,0,0,1,0,0,0,1,1,3.9872,1,4,0.0,0,safe
https://cutt.ly/p77ey8t,23,1,3,0,1,0,0,0,0,0,3.5512,1,3,0.1304,1,phishing
https://help.notion.edu/account/settings,40,2,0,0,1,0,0,0,1,1,3.8776,1,4,0.0,0,safe
https://1.99.104.47/binance-confirm/nfxf7f.php,46,4,9,1,1,0,1,0,0,1,4.3767,1,4,0.1957,0,phishing
https://en.python.edu/pricing,29,2,0,0,1,0,0,0,1,0,3.9263,1,3,0.0,0,safe
http://49.213.105.41/wellsfargo-unlock/icpmt3.php,49,4,11,1,0,0,1,0,0,1,4.6297,1,4,0.2245,0,phishing
http://tinyurl.com/tehcq8v,26,1,1,0,0,0,0,0,0,0,4.056,1,3,0.0385,1,phishing
http://wellsfargog3-webscr.ml/webscr/gfnb4,42,1,2,1,0,0,0,0,0,1,4.2665,1,4,0.0476,0,phishing
https://is.gd/uubzror,21,1,0,0,1,0,0,0,0,0,3.7849,1,3,0.0,1,phishing
https://binance-recover.tk/login/signin/34cvm85v?id=e6vnql2do3,62,1,7,1,1,0,0,0,0,3,4.6478,3,5,0.1129,0,phishing
https://help.spotify.io/docs/getting-started,44,2,0,1,1,0,0,0,1,0,4.0351,1,4,0.0,0,safe
http://appleyr-suspended.xyz/suspended/4ij3u,44,1,2,1,0,0,0,0,0,1,4.1418,1,4,0.0455,0,phishing
https://trello.com/news/latest,30,1,0,0,1,0,0,0,0,0,3.7111,1,4,0.0,0,safe
https://help.mit.gov/support/faq,32,2,0,0,1,0,0,0,1,1,4.0,1,4,0.0,0,safe
https://help.stackoverflow.gov/en/home?ref=tpqj,47,2,0,0,1,0,0,0,1,0,4.3393,3,4,0.0,0,safe
https://www.harvard.gov/pricing,31,2,0,0,1,0,0,0,1,0,3.9779,1,3,0.0,0,safe
https://who.net,15,1,0,0,1,0,0,0,0,0,3.3232,1,2,0.0,0,safe
https://docs.slack.com/,23,2,0,0,1,0,0,0,1,0,3.6425,1,3,0.0,0,safe
http://79.119.149.170/binance-confirm/sulouh.php,48,4,11,1,0,0,1,0,0,1,4.4387,1,4,0.2292,0,phishing
http://netflix-secure.top/unlock/confirm/signin/confirm/zlkhzcyy?id=9w3qz4by2w,78,1,4,1,0,0,0,0,0,4,4.7366,3,7,0.0513,0,phishing
https://en.wikipedia.com/en/home,32,2,0,0,1,0,0,0,1,0,3.9139,1,4,0.0,0,safe
https://www.khanacademy.org/careers?ref=mbpt,44,2,0,0,1,0,0,0,1,0,4.3171,3,3,0.0,0,safe
http://14.128.16.167/facebook-webscr/dv7nbq.php,47,4,11,1,0,0,1,0,0,1,4.5437,1,4,0.234,0,phishing
https://help.un.edu/products?ref=kw10,37,2,2,0,1,0,0,0,1,0,4.2966,3,3,0.0541,0,safe
https://en.mozilla.gov/careers,30,2,0,0,1,0,0,0,1,0,4.1232,1,3,0.0,0,safe
http://sbr2.wccctv9t.9ii.outlook.click/webscr,45,4,3,0,0,0,0,0,3,2,4.0833,1,3,0.0667,0,phishing
http://facebookee-billing.info/billing/omwq2,44,1,1,1,0,0,0,0,0,1,4.1896,1,4,0.0227,0,phishing
https://docs.github.com/en/home?ref=7rq8,40,2,2,0,1,0,0,0,1,0,4.3964,3,4,0.05,0,safe
http://is.gd/8757i96,20,1,6,0,0,0,0,0,0,0,3.7842,1,3,0.3,1,phishing
https://200.186.57.235/apple-signin/vd0zxy.php,46,4,12,1,1,0,1,0,0,1,4.5156,1,4,0.2609,0,phishing
https://en.trello.edu/,22,2,0,0,1,0,0,0,1,0,3.6292,1,3,0.0,0,safe
http://rb.gy/m383cya,20,1,3,0,0,0,0,0,0,0,3.7842,1,3,0.15,1,phishing
https://trello.com/en/home,26,1,0,0,1,0,0,0,0,0,3.6133,1,4,0.0,0,safe
https://en.stackoverflow.edu,28,2,0,0,1,0,0,0,1,0,4.182,1,2,0.0,0,safe
https://www.github.io/,22,2,0,0,1,0,0,0,1,0,3.5383,1,3,0.0,0,safe
https://help.wikipedia.net/,27,2,0,0,1,0,0,0,1,0,3.7262,1,3,0.0,0,safe
https://208.148.127.83/paypal-confirm/j84ic8.php,48,4,14,1,1,0,1,0,0,2,4.4346,1,4,0.2917,0,phishing
https://amazon-authenticate.info/login/login/cat971zb?id=2nj0tt29m4,67,1,8,1,1,0,0,0,0,2,4.5685,3,5,0.1194,0,phishing
http://wbq.3d70.b76pv7x.instagram.xyz/account,45,4,6,0,0,0,0,0,3,1,4.5971,1,3,0.1333,0,phishing
http://mawbxv.au3fig.79hi459.outlook.gq/confirm,47,4,6,0,0,0,0,0,3,1,4.6128,1,3,0.1277,0,phishing
https://help.reuters.edu/careers,32,2,0,0,1,0,0,0,1,0,3.5695,1,3,0.0,0,safe
https://help.nytimes.org/account/settings?ref=8ukq,50,2,1,0,1,0,0,0,1,1,4.3986,3,4,0.02,0,safe
https://89.35.14.125/amazon-signin/6g85sg.php,45,4,12,1,1,0,1,0,0,1,4.3413,1,4,0.2667,0,phishing
https://help.harvard.org,24,2,0,0,1,0,0,0,1,0,3.7721,1,2,0.0,0,safe
https://irs.net,15,1,0,0,1,0,0,0,0,0,3.3232,1,2,0.0,0,safe
http://netflix-update.xyz/account/support-center/gful1fcx?id=o2dimcc3e1,71,1,4,2,0,0,0,0,0,3,4.5595,3,5,0.0563,0,phishing
http://is.gd/eospdpk,20,1,0,0,0,0,0,0,0,0,3.5464,1,3,0.0,1,phishing
https://www.harvard.gov/,24,2,0,0,1,0,0,0,1,0,3.6887,1,3,0.0,0,safe
https://slack.com/account/settings,34,1,0,0,1,0,0,0,0,1,3.8636,1,4,0.0,0,safe
http://binancefk-confirm.xyz/confirm/qgsvi,42,1,0,1,0,0,0,0,0,1,4.404,1,4,0.0,0,phishing
https://www.stackoverflow.net/support/faq,41,2,0,0,1,0,0,0,1,1,4.0923,1,4,0.0,0,safe
http://tinyurl.com/jghkru9,26,1,1,0,0,0,0,0,0,0,4.1039,1,3,0.0385,1,phishing
https://en.figma.net/news/latest,32,2,0,0,1,0,0,0,1,0,3.715,1,4,0.0,0,safe
https://help.trello.com/blog/2026/updates,41,2,4,0,1,0,0,0,1,1,4.1411,1,5,0.0976,0,safe
https://docs.spotify.edu/support/faq,36,2,0,0,1,0,0,0,1,1,3.9267,1,4,0.0,0,safe
https://en.dropbox.org,22,2,0,0,1,0,0,0,1,0,3.7888,1,2,0.0,0,safe
https://en.npr.gov/en/home,26,2,0,0,1,0,0,0,1,0,3.6424,1,4,0.0,0,safe
http://facebook-confirm.ml/webscr/recover/unlock/confirm/b6vlohjc?id=khewbw5yrs,79,1,2,1,0,0,0,0,0,4,4.5555,3,7,0.0253,0,phishing
http://app1e-alert.gq/alert/77z9d,33,1,4,1,0,0,0,0,0,1,3.9455,1,4,0.1212,0,phishing
https://www.notion.io/support/faq,33,2,0,0,1,0,0,0,1,1,3.7865,1,4,0.0,0,safe
http://l3qj9.ylwhd7.5o7m9.wwsvfq1c.fougf4t.wuo3c.paypal.info/suspended,70,7,9,0,0,0,0,0,6,2,4.6981,1,3,0.1286,0,phishing
https://en.who.net/docs/getting-started,39,2,0,1,1,0,0,0,1,0,3.871,1,4,0.0,0,safe
https://220.170.61.25/facebook-signin/z5init.php,48,4,11,1,1,0,1,0,0,1,4.4387,1,4,0.2292,0,phishing
https://help.trello.gov/help/contact,36,2,0,0,1,0,0,0,1,0,3.7636,1,4,0.0,0,safe
https://nasa.net/en/home,24,1,0,0,1,0,0,0,0,0,3.4073,1,4,0.0,0,safe
https://un.io/pricing,21,1,0,0,1,0,0,0,0,0,3.6538,1,3,0.0,0,safe
https://help.duolingo.gov/careers,33,2,0,0,1,0,0,0,1,0,4.1273,1,3,0.0,0,safe
https://90.237.252.167/google-unlock/hib0gi.php,47,4,12,1,1,0,1,0,0,1,4.4956,1,4,0.2553,0,phishing
https://is.gd/1vb9jzw,21,1,2,0,1,0,0,0,0,0,3.9754,1,3,0.0952,1,phishing
https://help.duolingo.com/pricing,33,2,0,0,1,0,0,0,1,0,4.0438,1,3,0.0,0,safe
http://fedex-alert.gq/update/login/webscr/ziorqqdu?id=x2jt53kfo0,64,1,4,1,0,0,0,0,0,4,4.7539,3,6,0.0625,0,phishing
https://8q45m.kcjtqra.4pg4f8ah.ldm.5lezqi.fz00r4.wellsfargo.ml/secure,69,7,10,0,1,0,0,0,6,1,4.5934,1,3,0.1449,0,phishing
https://www.khanacademy.edu/products,36,2,0,0,1,0,0,0,1,0,4.1206,1,3,0.0,0,safe
https://un.edu/blog/2026/updates?ref=cixw,41,1,4,0,1,0,0,0,0,1,4.5313,3,5,0.0976,0,safe
https://docs.github.org/about?ref=qr9l,38,2,1,0,1,0,0,0,1,0,4.3462,3,3,0.0263,0,safe
http://6mucd.6g9m1.eszdu.icloud.ml/login,40,4,4,0,0,0,0,0,3,1,4.2276,1,3,0.1,0,phishing
http://67.249.87.168/facebook-login/zlgjbk.php,46,4,10,1,0,0,1,0,0,1,4.5777,1,4,0.2174,0,phishing
http://bankofamericadu-reset-password.gq/reset-password/ec8bh,61,1,1,3,0,0,0,0,0,2,4.3363,1,4,0.0164,0,phishing
http://amazonss-login.top/login/il6pj,37,1,1,1,0,0,0,0,0,1,3.9723,1,4,0.027,0,phishing
https://wikipedia.net/help/contact?ref=i2ls,43,1,1,0,1,0,0,0,0,0,4.2085,3,4,0.0233,0,safe
https://150.30.243.173/coinbase-signin/3iyve2.php,49,4,13,1,1,0,1,0,0,1,4.4256,1,4,0.2653,0,phishing
https://docs.who.edu/news/latest,32,2,0,0,1,0,0,0,1,0,3.7889,1,4,0.0,0,safe
http://6fhb.aii8k.4sv.wk7i205.rlnnuq.o3mi.apple.click/update,60,7,8,0,0,0,0,0,6,2,4.6896,1,3,0.1333,0,phishing
https://outlook-secure.ml/secure/secure/recover/authenticate/2owk0oxx?id=f41pxlqhpb,83,1,4,1,1,0,0,0,0,3,4.5469,3,7,0.0482,0,phishing
https://dropbox.edu/support/faq,31,1,0,0,1,0,0,0,0,1,3.8732,1,4,0.0,0,safe
https://docs.cloudflare.io/careers,34,2,0,0,1,0,0,0,1,0,3.9542,1,3,0.0,0,safe
http://dhl-login.tk/billing/suspended/authenticate/recover/qrwbzav6?id=c0i3qvz19o,81,1,5,1,0,0,0,0,0,5,4.7015,3,7,0.0617,0,phishing
https://docs.dropbox.org/products,33,2,0,0,1,0,0,0,1,0,3.7068,1,3,0.0,0,safe
http://chaseeb-signin.ga/signin/gpbxb,37,1,0,1,0,0,0,0,0,1,3.8173,1,4,0.0,0,phishing
https://en.reuters.net/pricing,30,2,0,0,1,0,0,0,1,0,3.6314,1,3,0.0,0,safe
https://www.usps.io/docs/getting-started,40,2,0,1,1,0,0,0,1,0,3.9751,1,4,0.0,0,safe
https://www.github.edu/help/contact,35,2,0,0,1,0,0,0,1,0,4.0116,1,4,0.0,0,safe
https://ic10ud-webscr.cf/webscr/4xx58,37,1,5,1,1,0,0,0,0,1,4.3242,1,4,0.1351,0,phishing
https://docs.cloudflare.gov/pricing,35,2,0,0,1,0,0,0,1,0,4.2074,1,3,0.0,0,safe
http://chase-webscr.cf/webscr/duiqg,35,1,0,1,0,0,0,0,0,1,4.1147,1,4,0.0,0,phishing
https://help.airbnb.com/about,29,2,0,0,1,0,0,0,1,0,4.0213,1,3,0.0,0,safe
http://122.4.39.140/icloud-confirm/z2kdjc.php,45,4,10,1,0,0,1,0,0,1,4.5082,1,4,0.2222,0,phishing
https://www.trello.net/careers,30,2,0,0,1,0,0,0,1,0,3.6981,1,3,0.0,0,safe
https://en.who.com/en/home,26,2,0,0,1,0,0,0,1,0,3.5364,1,4,0.0,0,safe
https://en.bbc.net/products,27,2,0,0,1,0,0,0,1,0,3.764,1,3,0.0,0,safe
https://en.github.edu,21,2,0,0,1,0,0,0,1,0,3.6897,1,2,0.0,0,safe
http://213.47.221.86/facebook-secure/n5yu3z.php,47,4,12,1,0,0,1,0,0,1,4.6128,1,4,0.2553,0,phishing
https://68.196.238.29/microsoft-suspended/0fyn0l.php,52,4,12,1,1,0,1,0,0,1,4.5705,1,4,0.2308,0,phishing
https://217.206.6.239/bankofamerica-reset-password/vra20q.php,61,4,12,2,1,0,1,0,0,2,4.6337,1,4,0.1967,0,phishing
https://help.slack.edu/careers,30,2,0,0,1,0,0,0,1,0,3.7899,1,3,0.0,0,safe
http://195.241.69.65/paypal-confirm/jvp5si.php,46,4,11,1,0,0,1,0,0,2,4.4309,1,4,0.2391,0,phishing
https://docs.nasa.net/news/latest,33,2,0,0,1,0,0,0,1,0,3.6055,1,4,0.0,0,safe
https://en.wikipedia.gov/pricing,32,2,0,0,1,0,0,0,1,0,4.0275,1,3,0.0,0,safe
https://help.nytimes.com/en/home,32,2,0,0,1,0,0,0,1,0,3.7417,1,4,0.0,0,safe
https://en.coursera.net/blog/2026/updates?ref=z0de,50,2,5,0,1,0,0,0,1,1,4.3913,3,5,0.1,0,safe
http://8.80.198.35/binance-alert/m851z4.php,43,4,12,1,0,0,1,0,0,1,4.3679,1,4,0.2791,0,phishing
http://bfnjx.02tr.llf1.dwlm6g.92esl.bou352oh.microsoft.ga/account,65,7,9,0,0,0,0,0,6,1,4.6702,1,3,0.1385,0,phishing
http://facebook-support-center.top/authenticate/update/account/webscr/fqnzpgzl?id=2vztqocuev,92,1,1,2,0,0,0,0,0,5,4.4463,3,7,0.0109,0,phishing
https://www.cloudflare.net/account/settings?ref=ly0e,52,2,1,0,1,0,0,0,1,1,4.3371,3,4,0.0192,0,safe
https://help.mozilla.com/docs/getting-started,45,2,0,1,1,0,0,0,1,0,4.1468,1,4,0.0,0,safe
http://coinbase-signin.top/signin/billing/sij0tebh?id=qrjmaxyyv2,64,1,2,1,0,0,0,0,0,2,4.4819,3,5,0.0312,0,phishing
https://help.reuters.gov/blog/2026/updates,42,2,4,0,1,0,0,0,1,1,4.1276,1,5,0.0952,0,safe
http://is.gd/7go8omr,20,1,2,0,0,0,0,0,0,0,3.7842,1,3,0.1,1,phishing
https://o6fh9.9h9.yww7nss.zzkkx.h55d.facebook.xyz/unlock,56,6,7,0,1,0,0,0,5,1,4.4765,1,3,0.125,0,phishing
http://paypalm6-verify.xyz/verify/zq0es,39,1,2,1,0,0,0,0,0,2,4.2723,1,4,0.0513,0,phishing
http://mwq5.fndk5ia.ufba.kk49ix36.pvqnk1c.chase.cf/login,56,6,7,0,0,0,0,0,5,1,4.6995,1,3,0.125,0,phishing
http://paypal-billing.info/login/secure/reset-password/alert/43a4wbgm?id=nluz24tzpf,83,1,5,2,0,0,0,0,0,7,4.6223,3,7,0.0602,0,phishing
https://en.harvard.net/pricing,30,2,0,0,1,0,0,0,1,0,3.8729,1,3,0.0,0,safe
https://docs.dropbox.gov/about,30,2,0,0,1,0,0,0,1,0,3.8696,1,3,0.0,0,safe
https://en.spotify.io/careers,29,2,0,0,1,0,0,0,1,0,3.8573,1,3,0.0,0,safe
http://usps-confirm.ga/verify/update/login/yl6bf08c?id=3pk7g3xc35,65,1,8,1,0,0,0,0,0,4,4.8641,3,6,0.1231,0,phishing
https://en.who.edu/docs/getting-started,39,2,0,1,1,0,0,0,1,0,3.9772,1,4,0.0,0,safe
https://amazonrk-unlock.xyz/unlock/b67lp,40,1,2,1,1,0,0,0,0,1,4.3464,1,4,0.05,0,phishing
https://help.bbc.io/,20,2,0,0,1,0,0,0,1,0,3.5842,1,3,0.0,0,safe
https://www.slack.org/careers?ref=i6hz,38,2,1,0,1,0,0,0,1,0,4.2737,3,3,0.0263,0,safe
https://docs.nytimes.com/,25,2,0,0,1,0,0,0,1,0,3.7533,1,3,0.0,0,safe
http://ntnb.v85ss8.79mkp3va.5lj7u8j.netflix.xyz/authenticate,60,5,9,0,0,0,0,0,4,1,4.5689,1,3,0.15,0,phishing
https://help.harvard.com/products,33,2,0,0,1,0,0,0,1,0,3.9603,1,3,0.0,0,safe
http://q45cjni.mfdex2e.fasp2lp.fbjtj.cuyng.facebook.tk/update,61,6,4,0,0,0,0,0,5,1,4.5514,1,3,0.0656,0,phishing
https://help.coursera.gov/support/faq,37,2,0,0,1,0,0,0,1,1,3.9927,1,4,0.0,0,safe
https://slack.com,17,1,0,0,1,0,0,0,0,0,3.6169,1,2,0.0,0,safe
https://docs.mozilla.edu/,25,2,0,0,1,0,0,0,1,0,3.9737,1,3,0.0,0,safe
http://m4jj.1k6hewal.5sn9.5psudukh.sauaq4i.b41ker.binance.xyz/support-center,76,7,9,1,0,0,0,0,6,1,4.7343,1,3,0.1184,0,phishing
http://outlookdy-unlock.cf/unlock/l7vpi,39,1,1,1,0,0,0,0,0,1,3.9872,1,4,0.0256,0,phishing
https://app1e-support-center.top/support-center/813xx,53,1,4,3,1,0,0,0,0,1,3.9255,1,4,0.0755,0,phishing
https://help.stackoverflow.org/account/settings,47,2,0,0,1,0,0,0,1,1,4.1712,1,4,0.0,0,safe
https://www.nasa.net/careers,28,2,0,0,1,0,0,0,1,0,3.5742,1,3,0.0,0,safe
https://198.205.222.34/coinbase-secure/p7jaba.php,49,4,12,1,1,0,1,0,0,1,4.5073,1,4,0.2449,0,phishing
http://gbto206z.bc9ujry.djf52se.qmctnu.chase.tk/suspended,57,5,6,0,0,0,0,0,4,1,4.6006,1,3,0.1053,0,phishing
https://bankofamerica-account.top/login/unlock/rc3brm7m?id=uog3mjs1gw,69,1,4,1,1,0,0,0,0,3,4.6339,3,5,0.058,0,phishing
https://en.mozilla.gov,22,2,0,0,1,0,0,0,1,0,4.0049,1,2,0.0,0,safe
https://usps-verify.ga/verify/e3lyu,35,1,1,1,1,0,0,0,0,1,4.0931,1,4,0.0286,0,phishing
http://87pfq.dow.obmk6j.4mutat.outlook.click/suspended,54,5,4,0,0,0,0,0,4,2,4.4845,1,3,0.0741,0,phishing
https://en.reuters.org/docs/getting-started,43,2,0,1,1,0,0,0,1,0,3.8445,1,4,0.0,0,safe
https://www.usps.org/blog/2026/updates,38,2,4,0,1,0,0,0,1,1,4.0933,1,5,0.1053,0,safe
https://rb.gy/iz8yo15,21,1,3,0,1,0,0,0,0,0,3.9754,1,3,0.1429,1,phishing
http://rb.gy/aqvdx1m,20,1,1,0,0,0,0,0,0,0,3.9842,1,3,0.05,1,phishing
https://www.stackoverflow.edu/products?ref=rv70,47,2,2,0,1,0,0,0,1,0,4.3414,3,3,0.0426,0,safe
https://www.dropbox.edu/careers,31,2,0,0,1,0,0,0,1,0,3.9536,1,3,0.0,0,safe
http://fedex9f-support-center.info/support-center/cwfg4,55,1,2,3,0,0,0,0,0,1,4.1514,1,4,0.0364,0,phishing
https://help.stackoverflow.io/news/latest,41,2,0,0,1,0,0,0,1,0,4.0132,1,4,0.0,0,safe
https://en.reuters.gov/en/home?ref=jblj,39,2,0,0,1,0,0,0,1,0,4.1311,3,4,0.0,0,safe
http://44.128.136.109/paypal-secure/tw73da.php,46,4,13,1,0,0,1,0,0,2,4.4393,1,4,0.2826,0,phishing
https://help.nytimes.org/careers,32,2,0,0,1,0,0,0,1,0,3.9681,1,3,0.0,0,safe
http://amazonbo-alert.ml/alert/dfopx,36,1,0,1,0,0,0,0,0,1,4.0169,1,4,0.0,0,phishing
http://btx8.0o9wxis.vcd.facebook.top/billing,44,4,3,0,0,0,0,0,3,1,4.408,1,3,0.0682,0,phishing
http://bit.ly/jf3o0yv,21,1,2,0,0,0,0,0,0,0,3.8442,1,3,0.0952,1,phishing
https://hbah.zhh42.urxncw2.8yyi1lnp.vpaciww.facebook.cf/secure,62,6,5,0,1,0,0,0,5,1,4.5912,1,3,0.0806,0,phishing
https://docs.who.net/blog/2026/updates?ref=r7jz,47,2,5,0,1,0,0,0,1,1,4.5785,3,5,0.1064,0,safe
https://www.trello.gov/support/faq,34,2,0,0,1,0,0,0,1,1,3.962,1,4,0.0,0,safe
https://mozilla.io,18,1,0,0,1,0,0,0,0,0,3.6144,1,2,0.0,0,safe
http://216.208.158.44/outlook-account/dd2z81.php,48,4,14,1,0,0,1,0,0,1,4.3137,1,4,0.2917,0,phishing
http://amaz0n-login.info/login/7ga7g,36,1,3,1,0,0,0,0,0,1,3.9404,1,4,0.0833,0,phishing
http://coinbase-confirm.tk/support-center/confirm/9zvso2ag?id=hizl73iiq2,72,1,5,2,0,0,0,0,0,2,4.6874,3,5,0.0694,0,phishing
https://en.harvard.gov/pricing,30,2,0,0,1,0,0,0,1,0,3.9899,1,3,0.0,0,safe
http://198.26.69.210/wellsfargo-update/l8h39x.php,49,4,13,1,0,0,1,0,0,1,4.4919,1,4,0.2653,0,phishing
https://docs.npr.io/news/latest,31,2,0,0,1,0,0,0,1,0,3.8574,1,4,0.0,0,safe
http://66.84.28.40/coinbase-webscr/lqtqe6.php,45,4,9,1,0,0,1,0,0,1,4.4025,1,4,0.2,0,phishing
https://help.airbnb.edu/docs/getting-started,44,2,0,1,1,0,0,0,1,0,4.1181,1,4,0.0,0,safe
https://www.who.edu/docs/getting-started?ref=fdnh,49,2,0,1,1,0,0,0,1,0,4.2061,3,4,0.0,0,safe
https://rb.gy/wzqv72y,21,1,2,0,1,0,0,0,0,0,3.9754,1,3,0.0952,1,phishing
https://www.irs.org/careers,27,2,0,0,1,0,0,0,1,0,3.708,1,3,0.0,0,safe
https://nationalgeographic.net/en/home,38,1,0,0,1,0,0,0,0,0,3.8725,1,4,0.0,0,safe
https://110.105.139.12/fedex-update/5ohcbf.php,46,4,12,1,1,0,1,0,0,1,4.2654,1,4,0.2609,0,phishing
https://help.dropbox.io,23,2,0,0,1,0,0,0,1,0,3.7623,1,2,0.0,0,safe
https://facebook-authenticate.top/suspended/verify/confirm/bbjgtoy0?id=uswm99lnip,81,1,3,1,1,0,0,0,0,4,4.6557,3,6,0.037,0,phishing
https://tinyurl.com/pfm5niz,27,1,1,0,1,0,0,0,0,0,4.1064,1,3,0.037,1,phishing
https://www.figma.org/pricing,29,2,0,0,1,0,0,0,1,0,3.9263,1,3,0.0,0,safe
https://help.nytimes.org/,25,2,0,0,1,0,0,0,1,0,3.8635,1,3,0.0,0,safe
https://docs.duolingo.com/help/contact,38,2,0,0,1,0,0,0,1,0,3.9424,1,4,0.0,0,safe
http://k9vmd.qux.6z8vlj.idby.42tht.idf6a.netflix.cf/secure,58,7,6,0,0,0,0,0,6,1,4.6677,1,3,0.1034,0,phishing
https://harvard.edu/help/contact,32,1,0,0,1,0,0,0,0,0,3.8903,1,4,0.0,0,safe
https://trello.gov/docs/getting-started,39,1,0,1,1,0,0,0,0,0,3.9349,1,4,0.0,0,safe
http://microsoft17-support-center.gq/support-center/xnqi7,57,1,3,3,0,0,0,0,0,1,4.1857,1,4,0.0526,0,phishing
https://en.nasa.com/careers,27,2,0,0,1,0,0,0,1,0,3.6801,1,3,0.0,0,safe
http://bit.ly/cydzd13,21,1,2,0,0,0,0,0,0,0,3.749,1,3,0.0952,1,phishing
https://h3u5n.e6xg5.ywx0u0.coo.facebook.click/authenticate,58,5,6,0,1,0,0,0,4,2,4.4468,1,3,0.1034,0,phishing
https://stackoverflow.gov/news/latest,37,1,0,0,1,0,0,0,0,0,3.99,1,4,0.0,0,safe
http://dhl-alert.top/reset-password/billing/8z4z23am?id=4m2z4j9cm0,66,1,9,2,0,0,0,0,0,4,4.7297,3,5,0.1364,0,phishing
https://en.khanacademy.org/account/settings,43,2,0,0,1,0,0,0,1,1,4.0804,1,4,0.0,0,safe
https://www.spotify.org/news/latest,35,2,0,0,1,0,0,0,1,0,3.8833,1,4,0.0,0,safe
http://132.90.57.5/icloud-confirm/fbfj29.php,44,4,10,1,0,0,1,0,0,1,4.516,1,4,0.2273,0,phishing
https://cloudflare.net/help/contact?ref=v4gi,44,1,1,0,1,0,0,0,0,0,4.2976,3,4,0.0227,0,safe
http://34.227.40.171/dhl-support-center/n9aqwo.php,50,4,11,2,0,0,1,0,0,1,4.4766,1,4,0.22,0,phishing
https://help.github.com/blog/2026/updates,41,2,4,0,1,0,0,0,1,1,4.2083,1,5,0.0976,0,safe
http://outlook-webscr.xyz/account/suspended/i2pqy8i9?id=xfzwjl75nu,66,1,5,1,0,0,0,0,0,3,4.849,3,5,0.0758,0,phishing
http://25.93.185.185/chase-recover/frowg4.php,45,4,11,1,0,0,1,0,0,1,4.3858,1,4,0.2444,0,phishing
http://netflix-suspended.gq/verify/billing/account/account/wmpnlakp?id=wecjxvwdho,81,1,0,1,0,0,0,0,0,4,4.6532,3,7,0.0,0,phishing
https://microsoftep-login.cf/login/8naar,40,1,1,1,1,0,0,0,0,1,4.1653,1,4,0.025,0,phishing
https://en.figma.edu,20,2,0,0,1,0,0,0,1,0,3.9219,1,2,0.0,0,safe
https://en.slack.edu/blog/2026/updates,38,2,4,0,1,0,0,0,1,1,4.1986,1,5,0.1053,0,safe
https://ic10ud-authenticate.ml/authenticate/121b2,49,1,6,1,1,0,0,0,0,1,4.0683,1,4,0.1224,0,phishing
https://amazon-unlock.cf/login/billing/suspended/update/vpfe7kod?id=4ofo3j874l,78,1,6,1,1,0,0,0,0,5,4.6474,3,7,0.0769,0,phishing
http://bankofamericage-signin.cf/signin/vkluq,45,1,0,1,0,0,0,0,0,1,4.3201,1,4,0.0,0,phishing
https://cloudflare.com/,23,1,0,0,1,0,0,0,0,0,3.969,1,3,0.0,0,safe
https://docs.stackoverflow.edu/help/contact,43,2,0,0,1,0,0,0,1,0,4.0979,1,4,0.0,0,safe
https://docs.who.com/,21,2,0,0,1,0,0,0,1,0,3.4633,1,3,0.0,0,safe
https://241.145.222.175/wellsfargo-alert/7f6gac.php,51,4,14,1,1,0,1,0,0,1,4.3827,1,4,0.2745,0,phishing
https://118.50.144.67/coinbase-update/q6fifo.php,48,4,11,1,1,0,1,0,0,1,4.5118,1,4,0.2292,0,phishing
https://khanacademy.edu/blog/2026/updates,41,1,4,0,1,0,0,0,0,1,4.2874,1,5,0.0976,0,safe
http://fedexdl-update.top/update/941kp,38,1,3,1,0,0,0,0,0,1,3.9001,1,4,0.0789,0,phishing
https://help.nasa.edu/help/contact,34,2,0,0,1,0,0,0,1,0,3.7634,1,4,0.0,0,safe
http://115.251.153.40/amazon-suspended/oiz5er.php,49,4,12,1,0,0,1,0,0,1,4.3748,1,4,0.2449,0,phishing
https://help.irs.gov/pricing,28,2,0,0,1,0,0,0,1,0,3.8693,1,3,0.0,0,safe
https://docs.dropbox.edu/support/faq,36,2,0,0,1,0,0,0,1,1,3.9404,1,4,0.0,0,safe
https://instagram-signin.tk/suspended/billing/xat20wfh?id=61ev0rasgt,68,1,5,1,1,0,0,0,0,3,4.5395,3,5,0.0735,0,phishing
https://fedex-unlock.click/update/webscr/billing/lk7uw0oo?id=10alovjf5i,71,1,5,1,1,0,0,0,0,5,4.7181,3,6,0.0704,0,phishing
http://instagram-authenticate.gq/authenticate/kjodv,51,1,0,1,0,0,0,0,0,1,4.0978,1,4,0.0,0,phishing
https://bankofamerica-authenticate.click/authenticate/alert/e4a8atjn?id=k9xb5g1fjo,82,1,5,1,1,0,0,0,0,3,4.4987,3,5,0.061,0,phishing
https://35.57.189.55/usps-support-center/nxgcqa.php,51,4,9,2,1,0,1,0,0,1,4.3095,1,4,0.1765,0,phishing
https://196.68.137.221/dhl-authenticate/qz4mu2.php,50,4,13,1,1,0,1,0,0,1,4.4864,1,4,0.26,0,phishing
https://help.un.gov/en/home,27,2,0,0,1,0,0,0,1,0,3.736,1,4,0.0,0,safe
https://trello.com/about,24,1,0,0,1,0,0,0,0,0,3.7721,1,3,0.0,0,safe
http://u3514n.6bc3uc07.mp4p.pr3s.fl1596zv.d2p8xq.usps.info/authenticate,71,7,16,0,0,0,0,0,6,1,4.79,1,3,0.2254,0,phishing
http://chase-signin.tk/signin/1h0ie,35,1,2,1,0,0,0,0,0,1,3.8186,1,4,0.0571,0,phishing
http://is.gd/z5b9a93,20,1,4,0,0,0,0,0,0,0,3.8842,1,3,0.2,1,phishing
https://www.npr.net/,20,2,0,0,1,0,0,0,1,0,3.3087,1,3,0.0,0,safe
https://help.un.net/account/settings,36,2,0,0,1,0,0,0,1,1,3.7527,1,4,0.0,0,safe
https://en.notion.io/about,26,2,0,0,1,0,0,0,1,0,3.5654,1,3,0.0,0,safe
https://help.figma.io/docs/getting-started,42,2,0,1,1,0,0,0,1,0,4.094,1,4,0.0,0,safe
https://www.nasa.com/news/latest,32,2,0,0,1,0,0,0,1,0,3.6639,1,4,0.0,0,safe
http://tfw15he.2un92k.u9f93.c66ta5vu.9axm.icloud.info/billing,61,6,12,0,0,0,0,0,5,1,4.6106,1,3,0.1967,0,phishing
http://cutt.ly/nyiufjn,22,1,0,0,0,0,0,0,0,0,3.6069,1,3,0.0,1,phishing
https://www.airbnb.net/about,28,2,0,0,1,0,0,0,1,0,3.7979,1,3,0.0,0,safe
https://duolingo.gov/support/faq?ref=dcyu,41,1,0,0,1,0,0,0,0,1,4.3755,3,4,0.0,0,safe
https://nasa.io/account/settings,32,1,0,0,1,0,0,0,0,1,3.6525,1,4,0.0,0,safe
http://c0inbase-unlock.tk/unlock/8f0cm,38,1,3,1,0,0,0,0,0,1,4.241,1,4,0.0789,0,phishing
https://en.wikipedia.io/en/home?ref=yq9n,40,2,1,0,1,0,0,0,1,0,4.2628,3,4,0.025,0,safe
http://icloud-support-center.top/billing/alert/6rinmstx?id=obaz53ykvu,69,1,3,2,0,0,0,0,0,3,4.6428,3,5,0.0435,0,phishing
https://help.irs.gov/en/home,28,2,0,0,1,0,0,0,1,0,3.8249,1,4,0.0,0,safe
https://docs.mit.io/news/latest,31,2,0,0,1,0,0,0,1,0,3.8055,1,4,0.0,0,safe
http://coinbase-login.ga/secure/support-center/update/account/3ry8dqh7?id=5l2skcsv1h,84,1,6,2,0,0,0,0,0,5,4.6536,3,7,0.0714,0,phishing
http://bit.ly/jyu4k9e,21,1,2,0,0,0,0,0,0,0,3.8442,1,3,0.0952,1,phishing
http://fedex-alert.cf/login/verify/reset-password/3ntt07va?id=cs2q3kozgy,72,1,5,2,0,0,0,0,0,5,4.7213,3,6,0.0694,0,phishing
https://help.stackoverflow.edu/en/home,38,2,0,0,1,0,0,0,1,0,4.146,1,4,0.0,0,safe
http://googleds-recover.ga/recover/phz5j,40,1,1,1,0,0,0,0,0,1,4.0628,1,4,0.025,0,phishing
https://help.npr.gov/news/latest,32,2,0,0,1,0,0,0,1,0,3.8042,1,4,0.0,0,safe
https://180.171.179.237/paypal-account/lzm6al.php,49,4,13,1,1,0,1,0,0,2,4.352,1,4,0.2653,0,phishing
http://outlook-secure.click/update/verify/confirm/igzv6a93?id=jy4cveho78,72,1,6,1,0,0,0,0,0,5,4.7781,3,6,0.0833,0,phishing
https://www.nationalgeographic.gov/products,43,2,0,0,1,0,0,0,1,0,4.1757,1,3,0.0,0,safe
http://68.30.59.254/icloud-alert/lymagu.php,43,4,9,1,0,0,1,0,0,1,4.5364,1,4,0.2093,0,phishing
https://docs.dropbox.gov/,25,2,0,0,1,0,0,0,1,0,3.7337,1,3,0.0,0,safe
http://42.25.5.137/netflix-account/na9nlb.php,45,4,9,1,0,0,1,0,0,1,4.4084,1,4,0.2,0,phishing
https://khanacademy.com/news/latest,35,1,0,0,1,0,0,0,0,0,3.9433,1,4,0.0,0,safe
http://cutt.ly/f2r07go,22,1,3,0,0,0,0,0,0,0,3.8797,1,3,0.1364,1,phishing
http://usps-unlock.cf/unlock/ytzi8,34,1,1,1,0,0,0,0,0,1,4.0797,1,4,0.0294,0,phishing
http://usgau24i.asclv.869eb8uu.2jnv56s.outlook.xyz/reset-password,65,5,9,1,0,0,0,0,4,2,4.7455,1,3,0.1385,0,phishing
http://9ugooi3.k5l8fkhy.wdt1.i10.zvk3k9.instagram.top/verify,60,6,9,0,0,0,0,0,5,1,4.6631,1,3,0.15,0,phishing
http://instagramuq-suspended.tk/suspended/dkngw,47,1,0,1,0,0,0,0,0,1,4.0497,1,4,0.0,0,phishing
https://0uf.zzk4frw.d1u816.kn26x2.g3hlem.f5y4a5aa.netflix.ga/suspended,70,7,13,0,1,0,0,0,6,1,4.7553,1,3,0.1857,0,phishing
http://paypal-support-center.ml/account/billing/recover/billing/i54o51wv?id=q2ze2i2w4o,86,1,8,2,0,0,0,0,0,5,4.6732,3,7,0.093,0,phishing
https://docs.figma.io/products,30,2,0,0,1,0,0,0,1,0,3.9396,1,3,0.0,0,safe
https://harvard.io,18,1,0,0,1,0,0,0,0,0,3.6144,1,2,0.0,0,safe
https://dropbox.io/careers?ref=oxfc,35,1,0,0,1,0,0,0,0,0,4.0576,3,3,0.0,0,safe
https://en.airbnb.com/support/faq,33,2,0,0,1,0,0,0,1,1,4.0896,1,4,0.0,0,safe
https://en.nasa.edu/,20,2,0,0,1,0,0,0,1,0,3.4842,1,3,0.0,0,safe
https://figma.net,17,1,0,0,1,0,0,0,0,0,3.6901,1,2,0.0,0,safe
https://npr.edu,15,1,0,0,1,0,0,0,0,0,3.5069,1,2,0.0,0,safe
https://google-recover.tk/account/recover/4m7agbel?id=sw3g8fx9dy,64,1,5,1,1,0,0,0,0,2,4.7386,3,5,0.0781,0,phishing
https://help.mozilla.gov/careers,32,2,0,0,1,0,0,0,1,0,4.0542,1,3,0.0,0,safe
http://instagramf2-confirm.ml/confirm/ddov5,43,1,2,1,0,0,0,0,0,1,4.2512,1,4,0.0465,0,phishing
https://en.notion.gov/en/home,29,2,0,0,1,0,0,0,1,0,3.5645,1,4,0.0,0,safe
https://108.77.191.202/usps-alert/gtp32k.php,44,4,13,1,1,0,1,0,0,1,4.1896,1,4,0.2955,0,phishing
https://help.irs.gov/careers,28,2,0,0,1,0,0,0,1,0,3.8424,1,3,0.0,0,safe
http://z62zlk.w5t5rxc.d62h3oo.v5g.bankofamerica.info/authenticate,65,5,8,0,0,0,0,0,4,1,4.6068,1,3,0.1231,0,phishing
https://docs.npr.net/,21,2,0,0,1,0,0,0,1,0,3.5585,1,3,0.0,0,safe
https://docs.irs.com,20,2,0,0,1,0,0,0,1,0,3.5842,1,2,0.0,0,safe
https://help.reuters.edu/blog/2026/updates,42,2,4,0,1,0,0,0,1,1,4.0237,1,5,0.0952,0,safe
http://1w34zut.wk9g.1peks.pq3qe.zc6.38h9k.fedex.ga/secure,57,7,10,0,0,0,0,0,6,1,4.4481,1,3,0.1754,0,phishing
https://netflixte-account.click/account/102cz,45,1,3,1,1,0,0,0,0,2,4.1604,1,4,0.0667,0,phishing
http://56.96.34.217/google-billing/80zago.php,45,4,11,1,0,0,1,0,0,1,4.4637,1,4,0.2444,0,phishing
http://0f3t9b.irww8why.igg.hu8fk18.google.info/login,52,5,7,0,0,0,0,0,4,1,4.3207,1,3,0.1346,0,phishing
http://131.110.197.251/wellsfargo-verify/spipfq.php,51,4,12,1,0,0,1,0,0,1,4.4592,1,4,0.2353,0,phishing
https://help.nytimes.edu/about,30,2,0,0,1,0,0,0,1,0,3.9899,1,3,0.0,0,safe
http://38.240.235.233/fedex-webscr/hpo2ul.php,45,4,12,1,0,0,1,0,0,1,4.3472,1,4,0.2667,0,phishing
https://help.un.org/about,25,2,0,0,1,0,0,0,1,0,3.8635,1,3,0.0,0,safe
http://d37.n0hsj.rl1a4.e3wto2m.paypal.top/authenticate,54,5,7,0,0,0,0,0,4,2,4.4005,1,3,0.1296,0,phishing
https://bit.ly/a2fjedj,22,1,1,0,1,0,0,0,0,0,3.9363,1,3,0.0455,1,phishing
http://gu6bab9.gzjy5.cft17.hrzx.dhl.tk/suspended,48,5,5,0,0,0,0,0,4,1,4.5876,1,3,0.1042,0,phishing
http://usps-reset-password.click/reset-password/webscr/fvlyzxve?id=r5ykxp6d00,77,1,4,3,0,0,0,0,0,4,4.5651,3,5,0.0519,0,phishing
https://help.slack.gov/pricing,30,2,0,0,1,0,0,0,1,0,4.0566,1,3,0.0,0,safe
https://mozilla.edu/support/faq?ref=ta1w,40,1,1,0,1,0,0,0,0,1,4.3342,3,4,0.025,0,safe
https://docs.who.io/docs/getting-started,40,2,0,1,1,0,0,0,1,0,3.9153,1,4,0.0,0,safe
http://0bxr0bx.6tv.f4aqids4.b729.2viyokk.microsoft.gq/secure,60,6,9,0,0,0,0,0,5,1,4.7062,1,3,0.15,0,phishing
https://www.mozilla.io/en/home,30,2,0,0,1,0,0,0,1,0,3.8566,1,4,0.0,0,safe
https://www.figma.com/account/settings,38,2,0,0,1,0,0,0,1,1,3.9881,1,4,0.0,0,safe
https://docs.figma.io?ref=ita5,30,2,1,0,1,0,0,0,1,0,4.1899,3,2,0.0333,0,safe
http://paypa1-suspended.cf/suspended/2y3g1,42,1,4,1,0,0,0,0,0,1,4.0683,1,4,0.0952,0,phishing
http://olsvnzas.qb8f.srixpz.vl216lb.g99gkjt.binance.info/signin,63,6,6,0,0,0,0,0,5,1,4.574,1,3,0.0952,0,phishing
https://7bk.97lviek7.8y1cury7.l86k8.2cvjc.coinbase.cf/recover,61,6,11,0,1,0,0,0,5,1,4.5407,1,3,0.1803,0,phishing
https://35.51.224.252/bankofamerica-signin/01tp8j.php,53,4,13,1,1,0,1,0,0,1,4.5624,1,4,0.2453,0,phishing
https://docs.irs.edu/,21,2,0,0,1,0,0,0,1,0,3.6538,1,3,0.0,0,safe
https://en.figma.edu/,21,2,0,0,1,0,0,0,1,0,3.8802,1,3,0.0,0,safe
https://duolingo.net/pricing,28,1,0,0,1,0,0,0,0,0,3.9138,1,3,0.0,0,safe
https://www.npr.edu/products,28,2,0,0,1,0,0,0,1,0,3.7709,1,3,0.0,0,safe
https://reuters.net/help/contact,32,1,0,0,1,0,0,0,0,0,3.6403,1,4,0.0,0,safe
https://en.un.net,17,2,0,0,1,0,0,0,1,0,3.1751,1,2,0.0,0,safe
https://4.45.149.210/chase-billing/sqyi5y.php,45,4,10,1,1,0,1,0,0,1,4.3858,1,4,0.2222,0,phishing
https://help.airbnb.gov,23,2,0,0,1,0,0,0,1,0,4.0018,1,2,0.0,0,safe
https://coinbase-recover.click/unlock/suspended/account/reset-password/jyqkdsfz?id=shwn2scxfm,93,1,1,2,1,0,0,0,0,7,4.5916,3,7,0.0108,0,phishing
http://coinbase-secure.click/login/unlock/5udwlicg?id=ej4asjixop,64,1,2,1,0,0,0,0,0,4,4.5173,3,5,0.0312,0,phishing
https://facebook-alert.ga/verify/suspended/l7ylk0ia?id=y0ze30lmwy,65,1,5,1,1,0,0,0,0,3,4.7163,3,5,0.0769,0,phishing
http://is.gd/eyodlgl,20,1,0,0,0,0,0,0,0,0,3.6842,1,3,0.0,1,phishing
http://218.215.230.119/icloud-recover/oaunsk.php,48,4,12,1,0,0,1,0,0,1,4.5378,1,4,0.25,0,phishing
http://eh4k.wydwe.ld7c90h.6a75hm.google.xyz/login,49,5,7,0,0,0,0,0,4,1,4.5252,1,3,0.1429,0,phishing
http://pfvyyp.5lwwhgy.pzci6.45l3.k80.coinbase.info/update,57,6,7,0,0,0,0,0,5,1,4.6726,1,3,0.1228,0,phishing
https://help.airbnb.edu/en/home,31,2,0,0,1,0,0,0,1,0,3.9621,1,4,0.0,0,safe
https://nix.otp.67qrj39w.p1f5.q0qvtww.6hl2mg.wellsfargo.click/login,67,7,9,0,1,0,0,0,6,2,4.7259,1,3,0.1343,0,phishing
http://55.126.66.24/bankofamerica-secure/k19a6y.php,51,4,12,1,0,0,1,0,0,1,4.5448,1,4,0.2353,0,phishing
https://help.mozilla.io/docs/getting-started,44,2,0,1,1,0,0,0,1,0,4.1121,1,4,0.0,0,safe
https://en.mit.net/news/latest,30,2,0,0,1,0,0,0,1,0,3.4729,1,4,0.0,0,safe
https://www.coursera.gov/,25,2,0,0,1,0,0,0,1,0,3.8635,1,3,0.0,0,safe
https://help.nationalgeographic.net/news/latest?ref=2ep7,56,2,2,0,1,0,0,0,1,0,4.1747,3,4,0.0357,0,safe
http://wellsfargo-alert.click/account/alert/unlock/verify/2l6aflmq?id=j8mhemluok,80,1,3,1,0,0,0,0,0,5,4.592,3,7,0.0375,0,phishing
https://docs.nytimes.gov/about,30,2,0,0,1,0,0,0,1,0,4.0981,1,3,0.0,0,safe
http://cutt.ly/l7fyqqe,22,1,1,0,0,0,0,0,0,0,3.6069,1,3,0.0455,1,phishing
http://137.16.170.180/paypal-confirm/93xzpq.php,47,4,13,1,0,0,1,0,0,2,4.4586,1,4,0.2766,0,phishing
https://docs.spotify.gov/products,33,2,0,0,1,0,0,0,1,0,3.8471,1,3,0.0,0,safe
https://en.spotify.org/support/faq,34,2,0,0,1,0,0,0,1,1,3.9254,1,4,0.0,0,safe
https://en.who.net/about,24,2,0,0,1,0,0,0,1,0,3.6368,1,3,0.0,0,safe
http://94.136.227.238/icloud-update/wokjqq.php,46,4,11,1,0,0,1,0,0,1,4.5342,1,4,0.2391,0,phishing
https://nasa.org/about?ref=cpkz,31,1,0,0,1,0,0,0,0,0,4.236,3,3,0.0,0,safe
http://yq2akws.xoyi09c.3lm71.reaavo6v.outlook.xyz/authenticate,62,5,7,0,0,0,0,0,4,1,4.6541,1,3,0.1129,0,phishing
https://microsoft20-billing.click/billing/y1cyk,47,1,3,1,1,0,0,0,0,2,4.2381,1,4,0.0638,0,phishing
http://8.133.84.186/google-suspended/o7arkb.php,47,4,10,1,0,0,1,0,0,1,4.4426,1,4,0.2128,0,phishing
https://docs.coursera.io/pricing,32,2,0,0,1,0,0,0,1,0,3.921,1,3,0.0,0,safe
http://k1xcl9.43t0.r8lvsu3.pss29k.dgm.binance.click/webscr,58,6,9,0,0,0,0,0,5,2,4.6487,1,3,0.1552,0,phishing
http://79.102.6.139/binance-support-center/os9yqh.php,53,4,10,2,0,0,1,0,0,1,4.4708,1,4,0.1887,0,phishing
https://0ut100k-account.cf/account/x6n33,40,1,7,1,1,0,0,0,0,1,4.0348,1,4,0.175,0,phishing
http://wellsfargo-login.top/signin/suspended/billing/28ar2asc?id=4mywe62xzl,75,1,6,1,0,0,0,0,0,4,4.6518,3,6,0.08,0,phishing
http://11.57.195.60/bankofamerica-alert/ji6uuy.php,50,4,10,1,0,0,1,0,0,1,4.5986,1,4,0.2,0,phishing
https://nationalgeographic.edu/careers,38,1,0,0,1,0,0,0,0,0,4.0304,1,3,0.0,0,safe
https://nationalgeographic.net/help/contact,43,1,0,0,1,0,0,0,0,0,3.815,1,4,0.0,0,safe
https://7.192.74.161/google-unlock/qmf7mt.php,45,4,10,1,1,0,1,0,0,1,4.4302,1,4,0.2222,0,phishing
https://docs.nationalgeographic.io/products?ref=g9lc,52,2,1,0,1,0,0,0,1,0,4.2986,3,3,0.0192,0,safe
https://94.196.207.183/icloud-alert/9yszpo.php,46,4,12,1,1,0,1,0,0,1,4.5777,1,4,0.2609,0,phishing
https://docs.figma.org/docs/getting-started,43,2,0,1,1,0,0,0,1,0,4.0072,1,4,0.0,0,safe
https://help.spotify.edu/help/contact,37,2,0,0,1,0,0,0,1,0,3.936,1,4,0.0,0,safe
https://en.stackoverflow.org,28,2,0,0,1,0,0,0,1,0,4.1106,1,2,0.0,0,safe
http://149.47.86.202/fedex-recover/1k4lyy.php,45,4,12,1,0,0,1,0,0,1,4.4805,1,4,0.2667,0,phishing
https://www.nasa.net/support/faq,32,2,0,0,1,0,0,0,1,1,3.7806,1,4,0.0,0,safe
https://en.un.edu/pricing?ref=6oc7,34,2,2,0,1,0,0,0,1,0,4.2561,3,3,0.0588,0,safe
http://amazon-suspended.info/alert/signin/billing/3z0gduqh?id=3fucb51af3,72,1,6,1,0,0,0,0,0,4,4.6343,3,6,0.0833,0,phishing
https://trello.net/account/settings,35,1,0,0,1,0,0,0,0,1,3.7603,1,4,0.0,0,safe
https://help.mit.io/support/faq,31,2,0,0,1,0,0,0,1,1,3.8574,1,4,0.0,0,safe
https://facebookh7-recover.click/recover/8hnnh,46,1,2,1,1,0,0,0,0,2,4.1492,1,4,0.0435,0,phishing
https://dndi.eobah.nes.ttlfsp.46bxvi.icloud.ga/signin,53,6,2,0,1,0,0,0,5,1,4.2821,1,3,0.0377,0,phishing
https://en.nytimes.edu/docs/getting-started,43,2,0,1,1,0,0,0,1,0,3.9665,1,4,0.0,0,safe
https://m29.btv3.j2qugf.binance.info/alert,42,4,4,0,1,0,0,0,3,1,4.4992,1,3,0.0952,0,phishing
http://31.151.101.177/amazon-secure/78vmxe.php,46,4,13,1,0,0,1,0,0,1,4.3546,1,4,0.2826,0,phishing
http://56.56.10.94/paypal-suspended/c8dpqc.php,46,4,9,1,0,0,1,0,0,2,4.2973,1,4,0.1957,0,phishing
https://un.com/docs/getting-started,35,1,0,1,1,0,0,0,0,0,3.9789,1,4,0.0,0,safe
https://www.wikipedia.org/docs/getting-started,46,2,0,1,1,0,0,0,1,0,4.0338,1,4,0.0,0,safe
https://bit.ly/izw9nq3,22,1,2,0,1,0,0,0,0,0,3.9363,1,3,0.0909,1,phishing
https://joaswni.ofy338es.ys2sp.ahswmg.251.1vdwl4.facebook.info/secure,69,7,9,0,1,0,0,0,6,1,4.6892,1,3,0.1304,0,phishing
https://en.nationalgeographic.org/support/faq?ref=vyy9,54,2,1,0,1,0,0,0,1,1,4.3796,3,4,0.0185,0,safe
https://44.246.29.37/coinbase-alert/2eujzf.php,46,4,10,1,1,0,1,0,0,1,4.5285,1,4,0.2174,0,phishing
https://amazon-reset-password.ml/webscr/reset-password/recover/f2j9yqje?id=n1dh4ft4kl,85,1,5,3,1,0,0,0,0,4,4.656,3,6,0.0588,0,phishing
https://232.235.250.244/amazon-verify/xx4wo6.php,48,4,14,1,1,0,1,0,0,1,4.52,1,4,0.2917,0,phishing
https://49cki.bf35fb0.sxbi.ysr3oxnr.spe.apple.tk/confirm,56,6,6,0,1,0,0,0,5,1,4.4852,1,3,0.1071,0,phishing
https://docs.wikipedia.io/news/latest,37,2,0,0,1,0,0,0,1,0,3.8918,1,4,0.0,0,safe
https://help.nytimes.org/about,30,2,0,0,1,0,0,0,1,0,4.0817,1,3,0.0,0,safe
http://158.1.211.237/netflix-update/mkz5gr.php,46,4,11,1,0,0,1,0,0,1,4.4801,1,4,0.2391,0,phishing
https://chase-login.ga/billing/reset-password/6hp2vf1l?id=qxjqcxx63l,68,1,5,2,1,0,0,0,0,4,4.7329,3,5,0.0735,0,phishing
https://tj5.4qmwrjha.7e6.apple.gq/verify,40,4,4,0,1,0,0,0,3,1,4.3964,1,3,0.1,0,phishing
http://a3xvz.sfqy2nv.j6myjx4.qgzh1x.zu3zta.npywv6.netflix.info/update,69,7,7,0,0,0,0,0,6,1,4.6623,1,3,0.1014,0,phishing
https://166.176.188.32/paypal-secure/57wkjh.php,47,4,13,1,1,0,1,0,0,2,4.4083,1,4,0.2766,0,phishing
http://amazon-login.info/login/signin/account/chc2iv72?id=pmncsm1yvn,68,1,4,1,0,0,0,0,0,3,4.3532,3,6,0.0588,0,phishing
http://applefh-secure.top/secure/hzabf,38,1,0,1,0,0,0,0,0,1,3.9553,1,4,0.0,0,phishing
https://lkv.id8n0g.a98cjw5c.binance.ml/webscr,45,4,5,0,1,0,0,0,3,1,4.525,1,3,0.1111,0,phishing
http://095ly.h5p.alhxn8.usps.top/login,38,4,5,0,0,0,0,0,3,1,4.1158,1,3,0.1316,0,phishing
http://cutt.ly/rh3yyas,22,1,1,0,0,0,0,0,0,0,3.5726,1,3,0.0455,1,phishing
http://60.254.1.254/paypal-suspended/9bl7kg.php,47,4,11,1,0,0,1,0,0,2,4.4586,1,4,0.234,0,phishing
http://netflix-billing.ml/login/authenticate/secure/96h4jimy?id=q45h8m5voc,74,1,7,1,0,0,0,0,0,4,4.704,3,6,0.0946,0,phishing
https://en.stackoverflow.edu/support/faq,40,2,0,0,1,0,0,0,1,1,4.1964,1,4,0.0,0,safe
https://www.python.com/products,31,2,0,0,1,0,0,0,1,0,3.8245,1,3,0.0,0,safe
http://veqfpzm.wu71.pnm.naw1goge.facebook.ml/suspended,54,5,3,0,0,0,0,0,4,1,4.4912,1,3,0.0556,0,phishing
https://gr2iqy.cf8y.qlrin9o2.7ppg.google.ga/alert,49,5,5,0,1,0,0,0,4,1,4.3137,1,3,0.102,0,phishing
http://qfytbddj.06mv1.27p9.44yvqa.ot4h.whm2r.icloud.tk/secure,61,7,10,0,0,0,0,0,6,1,4.7458,1,3,0.1639,0,phishing
https://docs.npr.edu/pricing,28,2,0,0,1,0,0,0,1,0,3.8963,1,3,0.0,0,safe
https://www.duolingo.gov/,25,2,0,0,1,0,0,0,1,0,3.8333,1,3,0.0,0,safe
http://cutt.ly/sg8wht3,22,1,2,0,0,0,0,0,0,0,3.6247,1,3,0.0909,1,phishing
http://microsoftx0-recover.gq/recover/b9r1a,43,1,3,1,0,0,0,0,0,1,4.2398,1,4,0.0698,0,phishing
https://en.npr.edu/,19,2,0,0,1,0,0,0,1,0,3.4714,1,3,0.0,0,safe
http://898lzc.f2r8.bpbqw86.4h8.etilox.vsxlcuw0.fedex.click/authenticate,71,7,10,0,0,0,0,0,6,2,4.6144,1,3,0.1408,0,phishing
https://help.dropbox.org/news/latest?ref=mmhz,45,2,0,0,1,0,0,0,1,0,4.2969,3,4,0.0,0,safe
http://xa511uo.qtyctlj2.otybgf.pax5n.t5jqpw90.amazon.ml/signin,62,6,8,0,0,0,0,0,5,1,4.5987,1,3,0.129,0,phishing
http://dhl-login.click/authenticate/reset-password/nvvwmrxd?id=17v6iq80pd,73,1,5,2,0,0,0,0,0,5,4.7223,3,5,0.0685,0,phishing
https://qv7amq.dv8w1.xf4qp.wcqstib.xruxrfl.microsoft.gq/verify,62,6,4,0,1,0,0,0,5,1,4.5849,1,3,0.0645,0,phishing
https://en.coursera.org/,24,2,0,0,1,0,0,0,1,0,3.7721,1,3,0.0,0,safe
http://iyrnhih.zmt2z.urjk.usps.info/authenticate,48,4,1,0,0,0,0,0,3,1,4.2147,1,3,0.0208,0,phishing
https://bank0famerica-suspended.click/suspended/p14cg,53,1,3,1,1,0,0,0,0,2,4.3557,1,4,0.0566,0,phishing
https://en.wikipedia.net/products,33,2,0,0,1,0,0,0,1,0,3.9832,1,3,0.0,0,safe
https://harvard.org/news/latest?ref=0bpn,40,1,1,0,1,0,0,0,0,0,4.2153,3,4,0.025,0,safe
http://usps-webscr.cf/webscr/t7irz,34,1,1,1,0,0,0,0,0,1,3.962,1,4,0.0294,0,phishing
https://en.nationalgeographic.edu/docs/getting-started,54,2,0,1,1,0,0,0,1,0,4.046,1,4,0.0,0,safe
https://en.python.org/careers,29,2,0,0,1,0,0,0,1,0,3.7883,1,3,0.0,0,safe
http://250.118.225.241/outlook-signin/niepna.php,48,4,12,1,0,0,1,0,0,1,4.2721,1,4,0.25,0,phishing
https://www.usps.gov/news/latest,32,2,0,0,1,0,0,0,1,0,3.6997,1,4,0.0,0,safe
https://help.nasa.com/blog/2026/updates,39,2,4,0,1,0,0,0,1,1,4.1923,1,5,0.1026,0,safe
https://en.nytimes.edu/en/home,30,2,0,0,1,0,0,0,1,0,3.6696,1,4,0.0,0,safe
https://help.spotify.edu/about,30,2,0,0,1,0,0,0,1,0,3.9232,1,3,0.0,0,safe
http://2nvn.k4ci.z01618x.rnefyke.zwf.q3nzx.apple.top/alert,58,7,8,0,0,0,0,0,6,1,4.5621,1,3,0.1379,0,phishing
https://harvard.com,19,1,0,0,1,0,0,0,0,0,3.7216,1,2,0.0,0,safe
https://mit.gov/pricing,23,1,0,0,1,0,0,0,0,0,3.7294,1,3,0.0,0,safe
https://python.com/pricing?ref=ytbx,35,1,0,0,1,0,0,0,0,0,4.229,3,3,0.0,0,safe
http://r2jws3jd.5qtig.x0oqaq.ugstqt.x5t7es.fedex.xyz/suspended,62,6,6,0,0,0,0,0,5,1,4.4543,1,3,0.0968,0,phishing
https://help.slack.edu/blog/2026/updates,40,2,4,0,1,0,0,0,1,1,4.1373,1,5,0.1,0,safe
http://binance-recover.top/suspended/confirm/support-center/skiubhdu?id=94xjuy9b1u,82,1,4,2,0,0,0,0,0,4,4.5543,3,6,0.0488,0,phishing
http://236.119.111.98/wellsfargo-reset-password/od225u.php,58,4,14,2,0,0,1,0,0,2,4.4548,1,4,0.2414,0,phishing
https://www.trello.net/support/faq,34,2,0,0,1,0,0,0,1,1,3.8781,1,4,0.0,0,safe
https://notion.io/news/latest,29,1,0,0,1,0,0,0,0,0,3.552,1,4,0.0,0,safe
http://189.1.38.214/google-authenticate/w295cc.php,50,4,12,1,0,0,1,0,0,1,4.3762,1,4,0.24,0,phishing
https://www.dropbox.io/products,31,2,0,0,1,0,0,0,1,0,3.8245,1,3,0.0,0,safe
http://is.gd/c5aka3a,20,1,2,0,0,0,0,0,0,0,3.7464,1,3,0.1,1,phishing
http://xenlrz.e8mxg.1hkch.qc36orba.wellsfargo.click/unlock,58,5,4,0,0,0,0,0,4,2,4.5932,1,3,0.069,0,phishing
http://pcx2k5.1jlbk.2u8.l9nbum3.ho4.zb3lanjr.instagram.gq/update,64,7,9,0,0,0,0,0,6,1,4.7472,1,3,0.1406,0,phishing
https://spotify.edu/en/home,27,1,0,0,1,0,0,0,0,0,3.8101,1,4,0.0,0,safe
https://usps-authenticate.ml/signin/unlock/h6l4krsx?id=lc2yewj8nf,65,1,4,1,1,0,0,0,0,3,4.6769,3,5,0.0615,0,phishing
https://help.python.gov/pricing,31,2,0,0,1,0,0,0,1,0,3.9134,1,3,0.0,0,safe
https://www.nationalgeographic.com/news/latest,46,2,0,0,1,0,0,0,1,0,4.0316,1,4,0.0,0,safe
http://rb.gy/r65fcdf,20,1,2,0,0,0,0,0,0,0,3.7842,1,3,0.1,1,phishing
http://rb.gy/az8071r,20,1,4,0,0,0,0,0,0,0,3.8842,1,3,0.2,1,phishing
https://www.nationalgeographic.com/support/faq,46,2,0,0,1,0,0,0,1,1,4.2028,1,4,0.0,0,safe
http://lopjcs1.7sy.2tc4is7c.g644g5b8.9fuk5.gewk5u.icloud.tk/update,66,7,13,0,0,0,0,0,6,1,4.6422,1,3,0.197,0,phishing
https://faceb00k-billing.ml/billing/slsm6,41,1,3,1,1,0,0,0,0,1,4.1132,1,4,0.0732,0,phishing
http://dlvb3y.1cywb6.j1fd0.binance.gq/webscr,44,4,5,0,0,0,0,0,3,1,4.5615,1,3,0.1136,0,phishing
https://bankofamericani-confirm.info/confirm/6m4q0,50,1,3,1,1,0,0,0,0,1,4.2142,1,4,0.06,0,phishing
http://wellsfargo-login.cf/webscr/confirm/sul8brom?id=lyqrrx6gzt,64,1,2,1,0,0,0,0,0,3,4.6678,3,5,0.0312,0,phishing
http://instagram-unlock.cf/unlock/1w0he,39,1,2,1,0,0,0,0,0,1,4.4068,1,4,0.0513,0,phishing
https://is.gd/abdbafo,21,1,0,0,1,0,0,0,0,0,3.6897,1,3,0.0,1,phishing
http://236.182.241.240/google-secure/sh2gyv.php,47,4,13,1,0,0,1,0,0,1,4.3497,1,4,0.2766,0,phishing
http://158.130.52.12/usps-signin/jjeon3.php,43,4,11,1,0,0,1,0,0,1,4.2108,1,4,0.2558,0,phishing
https://xvvg.mcue.sg0nw.gb0.outlook.click/suspended,51,5,2,0,1,0,0,0,4,2,4.3608,1,3,0.0392,0,phishing
https://notion.net/about,24,1,0,0,1,0,0,0,0,0,3.5069,1,3,0.0,0,safe
http://421mgs.2cyd93.0ejj6.netflix.cf/suspended,47,4,8,0,0,0,0,0,3,1,4.5542,1,3,0.1702,0,phishing
https://wikipedia.net/products,30,1,0,0,1,0,0,0,0,0,3.9647,1,3,0.0,0,safe
http://9mrl0b.mp78k.t1zyd8h6.outlook.click/suspended,52,4,7,0,0,0,0,0,3,2,4.5749,1,3,0.1346,0,phishing
https://docs.cloudflare.gov/help/contact,40,2,0,0,1,0,0,0,1,0,4.0531,1,4,0.0,0,safe
http://cnk.b0sz.b015.6p0f.usps.top/suspended,44,5,6,0,0,0,0,0,4,1,4.1164,1,3,0.1364,0,phishing
https://ynyjoe5.wnn3m.t431nd1u.w6j31wt.netflix.info/unlock,58,5,9,0,1,0,0,0,4,1,4.4675,1,3,0.1552,0,phishing
http://csi78.cxbvp5.11c7gh.google.ga/authenticate,49,4,6,0,0,0,0,0,3,1,4.2957,1,3,0.1224,0,phishing
https://apple-recover.click/authenticate/authenticate/lwag1llb?id=tm22hqs94k,76,1,5,1,1,0,0,0,0,3,4.5206,3,5,0.0658,0,phishing
http://64.29.249.7/outlook-reset-password/wla99m.php,52,4,10,2,0,0,1,0,0,2,4.3398,1,4,0.1923,0,phishing
https://help.coursera.net/docs/getting-started,46,2,0,1,1,0,0,0,1,0,4.0015,1,4,0.0,0,safe
https://knf.2sr5.wyw.n4g.ba4q9.fedex.gq/reset-password,54,6,5,1,1,0,0,0,5,2,4.456,1,3,0.0926,0,phishing
https://147.18.64.8/apple-account/uebj3f.php,44,4,9,1,1,0,1,0,0,1,4.3602,1,4,0.2045,0,phishing
http://coinbase-confirm.gq/billing/secure/ctpyjxzh?id=vppav9f85y,64,1,3,1,0,0,0,0,0,3,4.8206,3,5,0.0469,0,phishing
https://usps.com/products,25,1,0,0,1,0,0,0,0,0,3.5133,1,3,0.0,0,safe
https://www.irs.com/en/home,27,2,0,0,1,0,0,0,1,0,3.764,1,4,0.0,0,safe
https://169.186.33.95/outlook-authenticate/9mlcer.php,53,4,11,1,1,0,1,0,0,1,4.4207,1,4,0.2075,0,phishing
https://help.harvard.gov/news/latest,36,2,0,0,1,0,0,0,1,0,3.9194,1,4,0.0,0,safe
http://u3u.rj3170f.l42mpopv.tjbf9r.u2zyf.microsoft.info/unlock,62,6,9,0,0,0,0,0,5,1,4.5833,1,3,0.1452,0,phishing
https://en.spotify.com/pricing,30,2,0,0,1,0,0,0,1,0,3.9396,1,3,0.0,0,safe
https://help.mozilla.edu/news/latest,36,2,0,0,1,0,0,0,1,0,3.9267,1,4,0.0,0,safe
https://duolingo.edu/help/contact?ref=l57y,42,1,2,0,1,0,0,0,0,0,4.386,3,4,0.0476,0,safe
https://docs.trello.net/products,32,2,0,0,1,0,0,0,1,0,3.7539,1,3,0.0,0,safe
https://help.nationalgeographic.com/account/settings,52,2,0,0,1,0,0,0,1,1,4.0074,1,4,0.0,0,safe
https://en.figma.org,20,2,0,0,1,0,0,0,1,0,3.9219,1,2,0.0,0,safe
http://paypaldr-signin.ga/signin/oii25,38,1,2,1,0,0,0,0,0,2,3.9381,1,4,0.0526,0,phishing
http://gv2wilud.8p9zcmdn.5s912x.4xnueu.wellsfargo.cf/alert,58,5,8,0,0,0,0,0,4,1,4.7437,1,3,0.1379,0,phishing
https://www.reuters.net/account/settings,40,2,0,0,1,0,0,0,1,1,3.7929,1,4,0.0,0,safe
https://dropbox.net/account/settings?ref=racg,45,1,0,0,1,0,0,0,0,1,4.2021,3,4,0.0,0,safe
http://chase1m-reset-password.ml/reset-password/rows8,53,1,2,3,0,0,0,0,0,2,3.9733,1,4,0.0377,0,phishing
http://bank0famerica-alert.xyz/alert/kga7v,42,1,2,1,0,0,0,0,0,1,4.3204,1,4,0.0476,0,phishing
https://bit.ly/gb9oh2p,22,1,2,0,1,0,0,0,0,0,3.7544,1,3,0.0909,1,phishing
https://help.mit.com/pricing,28,2,0,0,1,0,0,0,1,0,3.8424,1,3,0.0,1,safe
https://who.com/support/faq,27,1,0,0,1,0,0,0,0,1,3.7821,1,4,0.0,0,safe
https://is.gd/bxixzvx,21,1,0,0,1,0,0,0,0,0,3.6538,1,3,0.0,1,phishing
https://www.trello.gov/,23,2,0,0,1,0,0,0,1,0,3.6425,1,3,0.0,0,safe
https://en.npr.org/docs/getting-started?ref=0foh,48,2,1,1,1,0,0,0,1,0,4.1573,3,4,0.0208,0,safe
https://docs.airbnb.org/help/contact,36,2,0,0,1,0,0,0,1,0,4.0169,1,4,0.0,0,safe
http://cutt.ly/b6xx31v,22,1,3,0,0,0,0,0,0,0,3.7888,1,3,0.1364,1,phishing
https://a0dpv0k.ayebxc.g5g.xp2j9g3.qa997t.apple.click/recover,61,6,9,0,1,0,0,0,5,2,4.5842,1,3,0.1475,0,phishing
https://www.wikipedia.com/careers,33,2,0,0,1,0,0,0,1,0,3.9455,1,3,0.0,0,safe
https://216.91.111.207/icloud-recover/io6957.php,48,4,15,1,1,0,1,0,0,1,4.395,1,4,0.3125,0,phishing
https://cloudflare.gov/careers,30,1,0,0,1,0,0,0,0,0,4.0314,1,3,0.0,0,safe
https://help.notion.io/products?ref=0q8h,40,2,2,0,1,0,0,0,1,0,4.2653,3,3,0.05,0,safe
https://en.mit.org/account/settings?ref=2g9o,44,2,2,0,1,0,0,0,1,1,4.203,3,4,0.0455,0,safe
https://docs.dropbox.edu/blog/2026/updates?ref=a9iv,51,2,5,0,1,0,0,0,1,1,4.5228,3,5,0.098,0,safe
http://bankofamericack-reset-password.info/reset-password/tlhti,63,1,0,3,0,0,0,0,0,2,4.2295,1,4,0.0,0,phishing
https://faceb00k-support-center.tk/support-center/4a54x,55,1,5,3,1,0,0,0,0,1,4.1971,1,4,0.0909,0,phishing
https://apple-recover.top/webscr/authenticate/signin/a4l3jiph?id=72b60pntrw,75,1,6,1,1,0,0,0,0,4,4.5748,3,6,0.08,0,phishing
https://docs.cloudflare.gov/careers,35,2,0,0,1,0,0,0,1,0,4.0284,1,3,0.0,0,safe
https://cutt.ly/eyshb5d,23,1,1,0,1,0,0,0,0,0,3.7081,1,3,0.0435,1,phishing
https://67.153.138.147/fedex-signin/8c88az.php,46,4,14,1,1,0,1,0,0,1,4.4473,1,4,0.3043,0,phishing
http://20.14.22.23/instagram-update/icf3t3.php,46,4,10,1,0,0,1,0,0,1,4.2818,1,4,0.2174,0,phishing
https://en.who.io/,18,2,0,0,1,0,0,0,1,0,3.4613,1,3,0.0,0,safe
https://help.coursera.com/support/faq,37,2,0,0,1,0,0,0,1,1,3.9387,1,4,0.0,0,safe
http://237.103.45.152/icloud-account/kl1112.php,47,4,15,1,0,0,1,0,0,1,4.3072,1,4,0.3191,0,phishing
https://harvard.gov/about,25,1,0,0,1,0,0,0,0,0,3.7533,1,3,0.0,0,safe
https://help.nytimes.edu/help/contact,37,2,0,0,1,0,0,0,1,0,3.936,1,4,0.0,0,safe
http://google-alert.gq/support-center/confirm/ae991x7s?id=zb2sv0kuy3,68,1,7,2,0,0,0,0,0,3,4.8949,3,5,0.1029,0,phishing
https://228.67.173.213/coinbase-recover/bbp8g6.php,50,4,13,1,1,0,1,0,0,1,4.4386,1,4,0.26,0,phishing
http://ael.21kim7t5.lkvz3.65e667ji.2784.facebook.tk/recover,59,6,14,0,0,0,0,0,5,1,4.5583,1,3,0.2373,0,phishing
https://vt4n86.8sl.tbyk6k.ua2kwuo.axi8.netflix.xyz/login,56,6,7,0,1,0,0,0,5,1,4.5144,1,3,0.125,0,phishing
https://npr.edu/docs/getting-started,36,1,0,1,1,0,0,0,0,0,3.8984,1,4,0.0,0,safe
https://help.nationalgeographic.gov/en/home,43,2,0,0,1,0,0,0,1,0,3.9896,1,4,0.0,0,safe
https://help.python.gov/blog/2026/updates,41,2,4,0,1,0,0,0,1,1,4.1595,1,5,0.0976,0,safe
https://wellsfargo-login.click/account/authenticate/suspended/verify/9mrrtnrd?id=l77vufd632,91,1,6,1,1,0,0,0,0,6,4.6619,3,7,0.0659,0,phishing
https://docs.nytimes.net/help/contact?ref=8lmn,46,2,1,0,1,0,0,0,1,0,4.197,3,4,0.0217,0,safe
https://en.harvard.edu/news/latest,34,2,0,0,1,0,0,0,1,0,3.8078,1,4,0.0,0,safe
https://coursera.com/docs/getting-started,41,1,0,1,1,0,0,0,0,0,3.9788,1,4,0.0,0,safe
https://nationalgeographic.net/careers,38,1,0,0,1,0,0,0,0,0,3.8725,1,3,0.0,0,safe
https://tinyurl.com/0tkow3b,27,1,2,0,1,0,0,0,0,0,4.2084,1,3,0.0741,1,phishing
https://help.wikipedia.edu/pricing,34,2,0,0,1,0,0,0,1,0,3.9957,1,3,0.0,0,safe
http://ln2891.e4oi230b.0mvep09d.x4se09.o0zpp.usps.click/support-center,70,6,15,1,0,0,0,0,5,2,4.595,1,3,0.2143,0,phishing
https://www.who.io/help/contact,31,2,0,0,1,0,0,0,1,0,3.6797,1,4,0.0,0,safe
https://docs.nytimes.io/,24,2,0,0,1,0,0,0,1,0,3.7406,1,3,0.0,0,safe
http://68.196.30.177/microsoft-confirm/1p16mu.php,49,4,13,1,0,0,1,0,0,1,4.3286,1,4,0.2653,0,phishing
https://en.khanacademy.com/news/latest,38,2,0,0,1,0,0,0,1,0,3.945,1,4,0.0,0,safe
https://help.coursera.io/about,30,2,0,0,1,0,0,0,1,0,3.8981,1,3,0.0,0,safe
https://mozilla.io/account/settings,35,1,0,0,1,0,0,0,0,1,3.9329,1,4,0.0,0,safe
http://is.gd/qzsl85p,20,1,2,0,0,0,0,0,0,0,3.7842,1,3,0.1,1,phishing
https://ozwavb.e5p5j.pqi0.563cmln8.google.ml/login,50,5,7,0,1,0,0,0,4,1,4.5113,1,3,0.14,0,phishing
http://paypal-verify.xyz/signin/webscr/41qqqn0o?id=k3cx0gq1wm,61,1,6,1,0,0,0,0,0,4,4.8836,3,5,0.0984,0,phishing
https://www.slack.edu/docs/getting-started,42,2,0,1,1,0,0,0,1,0,4.112,1,4,0.0,0,safe
https://help.mit.com/en/home,28,2,0,0,1,0,0,0,1,0,3.6281,1,4,0.0,1,safe
https://www.python.org/docs/getting-started,43,2,0,1,1,0,0,0,1,0,4.0153,1,4,0.0,0,safe
http://usps-account.top/account/pkywq,37,1,0,1,0,0,0,0,0,1,3.8278,1,4,0.0,0,phishing
https://dropbox.io/blog/2026/updates,36,1,4,0,1,0,0,0,0,1,4.1388,1,5,0.1111,0,safe
https://microsoft-authenticate.top/webscr/webscr/w0ena941?id=gjm7uvhqmr,71,1,5,1,1,0,0,0,0,2,4.6934,3,5,0.0704,0,phishing
https://help.spotify.edu/blog/2026/updates,42,2,4,0,1,0,0,0,1,1,4.1752,1,5,0.0952,0,safe
https://81.251.90.142/bankofamerica-webscr/06ecct.php,53,4,12,1,1,0,1,0,0,1,4.6001,1,4,0.2264,0,phishing
http://paypa1-confirm.gq/confirm/4gk0g,38,1,3,1,0,0,0,0,0,1,4.3135,1,4,0.0789,0,phishing
https://www.notion.net/blog/2026/updates?ref=x3w1,49,2,6,0,1,0,0,0,1,1,4.5232,3,5,0.1224,0,safe
http://41.231.212.119/microsoft-recover/l4y19o.php,50,4,14,1,0,0,1,0,0,1,4.2733,1,4,0.28,0,phishing
https://en.dropbox.com/products,31,2,0,0,1,0,0,0,1,0,3.9134,1,3,0.0,0,safe
https://help.stackoverflow.edu/help/contact,43,2,0,0,1,0,0,0,1,0,4.0918,1,4,0.0,0,safe
https://www.github.io/products,30,2,0,0,1,0,0,0,1,0,3.8566,1,3,0.0,0,safe
https://help.coursera.gov/help/contact,38,2,0,0,1,0,0,0,1,0,3.9381,1,4,0.0,0,safe
http://rv6t5z.tqg.9oop.jg86x0.z0vtfpk4.eud1z1j0.bankofamerica.click/billing,75,7,11,0,0,0,0,0,6,2,4.8314,1,3,0.1467,0,phishing
https://www.harvard.com/blog/2026/updates?ref=to1f,50,2,5,0,1,0,0,0,1,1,4.5513,3,5,0.1,0,safe
http://5bm.w06.dteiqy.vfz.8o9un.2y9q.binance.ml/login,53,7,7,0,0,0,0,0,6,1,4.6352,1,3,0.1321,0,phishing
https://rb.gy/hvv4kcm,21,1,1,0,1,0,0,0,0,0,3.8802,1,3,0.0476,1,phishing
https://amazoniv-billing.ga/billing/zailh,41,1,0,1,1,0,0,0,0,1,3.8788,1,4,0.0,0,phishing
http://coinbase-alert.xyz/unlock/recover/o2wlw2tt?id=78jui0dh7x,63,1,6,1,0,0,0,0,0,3,4.7671,3,5,0.0952,0,phishing
https://en.github.net/news/latest,33,2,0,0,1,0,0,0,1,0,3.6802,1,4,0.0,0,safe
https://help.trello.edu/,24,2,0,0,1,0,0,0,1,0,3.5425,1,3,0.0,0,safe
http://bankofamerica6w-login.top/login/8bufq,44,1,2,1,0,0,0,0,0,1,4.4363,1,4,0.0455,0,phishing
https://168.25.126.105/apple-recover/tj0k7a.php,47,4,13,1,1,0,1,0,0,1,4.3658,1,4,0.2766,0,phishing
https://help.notion.net/account/settings,40,2,0,0,1,0,0,0,1,1,3.7338,1,4,0.0,0,safe
https://help.duolingo.net/pricing,33,2,0,0,1,0,0,0,1,0,3.9603,1,3,0.0,0,safe
https://docs.nationalgeographic.gov/support/faq,47,2,0,0,1,0,0,0,1,1,4.1691,1,4,0.0,0,safe
https://instagram-support-center.info/support-center/56cq2,58,1,3,3,1,0,0,0,0,1,4.2177,1,4,0.0517,0,phishing
https://en.trello.com/news/latest,33,2,0,0,1,0,0,0,1,0,3.7377,1,4,0.0,0,safe
https://en.npr.com/news/latest,30,2,0,0,1,0,0,0,1,0,3.7647,1,4,0.0,0,safe
https://help.wikipedia.edu/,27,2,0,0,1,0,0,0,1,0,3.7542,1,3,0.0,0,safe
http://rb.gy/cdlkabp,20,1,0,0,0,0,0,0,0,0,3.7842,1,3,0.0,1,phishing
https://docs.stackoverflow.edu/help/contact,43,2,0,0,1,0,0,0,1,0,4.0979,1,4,0.0,0,safe
https://docs.slack.org/pricing,30,2,0,0,1,0,0,0,1,0,3.9647,1,3,0.0,0,safe
https://help.notion.io/,23,2,0,0,1,0,0,0,1,0,3.4686,1,3,0.0,0,safe
https://docs.nationalgeographic.net/help/contact,48,2,0,0,1,0,0,0,1,0,3.923,1,4,0.0,0,safe
https://docs.cloudflare.edu/blog/2026/updates,45,2,4,0,1,0,0,0,1,1,4.1999,1,5,0.0889,0,safe
http://netflix-support-center.tk/signin/secure/billing/confirm/99geka1z?id=41o2kbm2os,85,1,7,2,0,0,0,0,0,5,4.6493,3,7,0.0824,0,phishing
https://en.figma.gov/support/faq?ref=z1bn,41,2,1,0,1,0,0,0,1,1,4.4243,3,4,0.0244,0,safe
http://u14d71.588vh1.lbm9xj7.apple.xyz/authenticate,51,4,10,0,0,0,0,0,3,1,4.5324,1,3,0.1961,0,phishing
https://help.nationalgeographic.io,34,2,0,0,1,0,0,0,1,0,3.8954,1,2,0.0,0,safe
http://87.73.246.94/dhl-verify/v9psww.php,41,4,10,1,0,0,1,0,0,1,4.3635,1,4,0.2439,0,phishing
http://is.gd/ngcoo4d,20,1,1,0,0,0,0,0,0,0,3.6842,1,3,0.05,1,phishing
https://npr.edu/?ref=q2b5,25,1,2,0,1,0,0,0,0,0,4.1337,3,3,0.08,0,safe
http://240.169.193.16/instagram-signin/wzm0dn.php,49,4,12,1,0,0,1,0,0,1,4.4102,1,4,0.2449,0,phishing
http://167.212.126.2/fedex-signin/zychd3.php,44,4,11,1,0,0,1,0,0,1,4.3171,1,4,0.25,0,phishing
https://www.reuters.gov/help/contact,36,2,0,0,1,0,0,0,1,0,3.9722,1,4,0.0,0,safe
http://instagram-recover.ml/webscr/confirm/verify/pa4z7vc1?id=tx83irc9lg,72,1,6,1,0,0,0,0,0,4,4.7443,3,6,0.0833,0,phishing
http://apple-authenticate.cf/confirm/support-center/suspended/verify/63ex4fwz?id=lgadbq5esc,91,1,4,2,0,0,0,0,0,5,4.6573,3,7,0.044,0,phishing
https://docs.cloudflare.org/news/latest,39,2,0,0,1,0,0,0,1,0,4.0478,1,4,0.0,0,safe
https://microsoft-recover.click/suspended/confirm/support-center/update/g4e9wzge?id=48f695v6fx,94,1,8,2,1,0,0,0,0,6,4.6711,3,7,0.0851,0,phishing
http://coinbase-authenticate.info/recover/authenticate/qkatu1x5?id=2v8b2tuom6,77,1,6,1,0,0,0,0,0,2,4.4959,3,5,0.0779,0,phishing
https://en.dropbox.org/news/latest,34,2,0,0,1,0,0,0,1,0,3.962,1,4,0.0,0,safe
https://en.reuters.gov/products,31,2,0,0,1,0,0,0,1,0,3.8245,1,3,0.0,0,safe
http://dhl-reset-password.info/webscr/authenticate/reset-password/verify/8n09fz9k?id=hsc2o4md73,95,1,8,3,0,0,0,0,0,5,4.7072,3,7,0.0842,0,phishing
https://help.slack.io/about?ref=5ajq,36,2,1,0,1,0,0,0,1,0,4.3848,3,3,0.0278,0,safe
https://binancek4-recover.ml/recover/3zzhy,42,1,2,1,1,0,0,0,0,1,4.336,1,4,0.0476,0,phishing
https://netflix-suspended.cf/suspended/authenticate/u8y3iydl?id=gne6b110td,74,1,6,1,1,0,0,0,0,2,4.4137,3,5,0.0811,0,phishing
https://slack.org/careers,25,1,0,0,1,0,0,0,0,0,3.7533,1,3,0.0,0,safe
https://help.bbc.com/help/contact,33,2,0,0,1,0,0,0,1,0,3.7259,1,4,0.0,0,safe
https://docs.stackoverflow.gov,30,2,0,0,1,0,0,0,1,0,4.0566,1,2,0.0,0,safe
https://help.nationalgeographic.io/products,43,2,0,0,1,0,0,0,1,0,4.0537,1,3,0.0,0,safe
https://paypa1-secure.ml/secure/895d0,37,1,5,1,1,0,0,0,0,1,4.2497,1,4,0.1351,0,phishing
https://help.reuters.org?ref=dyho,33,2,0,0,1,0,0,0,1,0,3.9683,3,2,0.0,0,safe
https://who.io/docs/getting-started,35,1,0,1,1,0,0,0,0,0,3.9002,1,4,0.0,0,safe
https://en.slack.gov/support/faq,32,2,0,0,1,0,0,0,1,1,4.1167,1,4,0.0,0,safe
http://bit.ly/op2r16p,21,1,3,0,0,0,0,0,0,0,3.713,1,3,0.1429,1,phishing
https://docs.un.org/en/home,27,2,0,0,1,0,0,0,1,0,3.838,1,4,0.0,0,safe
https://docs.reuters.net/account/settings,41,2,0,0,1,0,0,0,1,1,3.7778,1,4,0.0,0,safe
https://48.171.51.115/chase-update/8x9q4e.php,45,4,13,1,1,0,1,0,0,1,4.1613,1,4,0.2889,0,phishing
https://faceb00k-update.gq/update/f2ci7,39,1,4,1,1,0,0,0,0,1,4.253,1,4,0.1026,0,phishing
https://www.harvard.com/,24,2,0,0,1,0,0,0,1,0,3.7721,1,3,0.0,0,safe
http://8.171.208.146/usps-support-center/xd4no3.php,51,4,12,2,0,0,1,0,0,1,4.3583,1,4,0.2353,0,phishing
https://zerv.cfkbq.fk71.1132wys.6mypnj.coinbase.tk/confirm,58,6,7,0,1,0,0,0,5,1,4.6589,1,3,0.1207,0,phishing
https://docs.nytimes.io/careers,31,2,0,0,1,0,0,0,1,0,3.9134,1,3,0.0,0,safe
http://unwbbqmw.e7rcynjq.zxgnj3fd.instagram.tk/authenticate,59,4,2,0,0,0,0,0,3,1,4.5475,1,3,0.0339,0,phishing
https://0wbgz5.4g654z.78n0.187w.microsoft.tk/authenticate,57,5,12,0,1,0,0,0,4,1,4.6396,1,3,0.2105,0,phishing
https://0cipneu.73wh3x2.bmkma97.d1ase3v.krh.chase.cf/billing,60,6,9,0,1,0,0,0,5,1,4.6937,1,3,0.15,0,phishing
http://133.59.223.137/microsoft-authenticate/21nmsz.php,55,4,13,1,0,0,1,0,0,1,4.4263,1,4,0.2364,0,phishing
https://spotify.io/docs/getting-started,39,1,0,1,1,0,0,0,0,0,3.9223,1,4,0.0,0,safe
http://paypal-alert.tk/unlock/authenticate/ocy0z21l?id=yck1tecq5h,65,1,5,1,0,0,0,0,0,4,4.4247,3,5,0.0769,0,phishing
http://outlook-unlock.tk/secure/authenticate/login/signin/o4edqtd5?id=ggo1q18dy8,80,1,6,1,0,0,0,0,0,5,4.467,3,7,0.075,0,phishing
https://trello.io/careers,25,1,0,0,1,0,0,0,0,0,3.6431,1,3,0.0,0,safe
https://i7hdlje.38eit7.m2f3av7.qvgrn.5k7z7g.dhl.ml/recover,58,6,10,0,1,0,0,0,5,1,4.5882,1,3,0.1724,0,phishing
https://docs.stackoverflow.net/blog/2026/updates,48,2,4,0,1,0,0,0,1,1,4.3772,1,5,0.0833,0,safe
https://www.spotify.io/en/home?ref=7nx7,39,2,2,0,1,0,0,0,1,0,4.1823,3,4,0.0513,0,safe
http://instagram15-secure.ml/secure/0e3i3,41,1,5,1,0,0,0,0,0,1,4.2387,1,4,0.122,0,phishing
https://en.harvard.edu/products,31,2,0,0,1,0,0,0,1,0,3.889,1,3,0.0,0,safe
http://162.111.176.71/dhl-suspended/44ymgc.php,46,4,13,1,0,0,1,0,0,1,4.197,1,4,0.2826,0,phishing
https://en.duolingo.edu/docs/getting-started,44,2,0,1,1,0,0,0,1,0,3.9929,1,4,0.0,0,safe
https://www.mozilla.io/pricing,30,2,0,0,1,0,0,0,1,0,3.9899,1,3,0.0,0,safe
https://docs.wikipedia.com/news/latest,38,2,0,0,1,0,0,0,1,0,3.9977,1,4,0.0,0,safe
https://help.figma.com/about,28,2,0,0,1,0,0,0,1,0,4.0391,1,3,0.0,0,safe
http://8ze.5fn.qajwcb0r.j30q.tt0v.1wdu.icloud.cf/login,54,7,7,0,0,0,0,0,6,1,4.6083,1,3,0.1296,0,phishing
https://docs.spotify.com/docs/getting-started,45,2,0,1,1,0,0,0,1,0,4.0081,1,4,0.0,0,safe
https://wellsfargos8-signin.click/signin/f22zn,46,1,3,1,1,0,0,0,0,2,4.2119,1,4,0.0652,0,phishing
http://hhzcs3kj.uo4.a44rxrs4.d8imf2es.chase.info/webscr,55,5,7,0,0,0,0,0,4,1,4.5407,1,3,0.1273,0,phishing
https://www.github.net?ref=1vg7,31,2,2,0,1,0,0,0,1,0,4.2202,3,2,0.0645,0,safe
http://amazon-update.ga/account/confirm/alert/wbvy1g6z?id=nkm4eo593y,68,1,6,1,0,0,0,0,0,4,4.7802,3,6,0.0882,0,phishing
http://bank0famerica-reset-password.click/reset-password/us625,62,1,4,3,0,0,0,0,0,3,4.4261,1,4,0.0645,0,phishing
https://en.mit.org/account/settings,35,2,0,0,1,0,0,0,1,1,3.843,1,4,0.0,0,safe
https://dropbox.io/news/latest,30,1,0,0,1,0,0,0,0,0,3.9232,1,4,0.0,0,safe
https://npr.io/products,23,1,0,0,1,0,0,0,0,0,3.6425,1,3,0.0,0,safe
https://8.208.241.54/binance-alert/z1yzoz.php,45,4,10,1,1,0,1,0,0,1,4.4637,1,4,0.2222,0,phishing
https://c0inbase-billing.ga/billing/hsqum,41,1,1,1,1,0,0,0,0,1,4.0739,1,4,0.0244,0,phishing
https://5.179.22.93/microsoft-reset-password/xsqsc8.php,55,4,9,2,1,0,1,0,0,2,4.4512,1,4,0.1636,0,phishing
https://9pgzd9.2h4l.3nm.nlbull.n0kg.1uetp99j.microsoft.cf/update,64,7,9,0,1,0,0,0,6,1,4.6324,1,3,0.1406,0,phishing
http://is.gd/kygs4ob,20,1,1,0,0,0,0,0,0,0,3.7842,1,3,0.05,1,phishing
http://ef65uyg3.097aaln.bgv.bankofamerica.info/verify,53,4,6,0,0,0,0,0,3,1,4.584,1,3,0.1132,0,phishing
https://irs.edu/products,24,1,0,0,1,0,0,0,0,0,3.6573,1,3,0.0,0,safe
http://is.gd/vdkia8b,20,1,1,0,0,0,0,0,0,0,3.7842,1,3,0.05,1,phishing
https://225.18.9.245/fedex-verify/a0uz8f.php,44,4,11,1,1,0,1,0,0,1,4.4817,1,4,0.25,0,phishing
https://amazon-reset-password.gq/alert/billing/secure/billing/56u7grti?id=7m0830hb3u,84,1,9,2,1,0,0,0,0,5,4.7081,3,7,0.1071,0,phishing
https://en.khanacademy.edu/careers?ref=bv1l,43,2,1,0,1,0,0,0,1,0,4.3328,3,3,0.0233,0,safe
https://dropbox.org/pricing,27,1,0,0,1,0,0,0,0,0,3.8282,1,3,0.0,0,safe
http://wellsfargo0e-authenticate.top/authenticate/310w4,55,1,5,1,0,0,0,0,0,1,4.2104,1,4,0.0909,0,phishing
https://252.97.135.235/amazon-billing/pdk6k2.php,48,4,13,1,1,0,1,0,0,1,4.4859,1,4,0.2708,0,phishing
https://www.spotify.com/,24,2,0,0,1,0,0,0,1,0,3.6573,1,3,0.0,0,safe
https://help.nytimes.edu/about,30,2,0,0,1,0,0,0,1,0,3.9899,1,3,0.0,0,safe
https://37.36.19.233/amazon-signin/76t9gn.php,45,4,12,1,1,0,1,0,0,1,4.2139,1,4,0.2667,0,phishing
https://www.airbnb.net/products,31,2,0,0,1,0,0,0,1,0,4.0023,1,3,0.0,0,safe
https://en.slack.io/support/faq,31,2,0,0,1,0,0,0,1,1,4.0424,1,4,0.0,0,safe
https://help.mit.edu/careers,28,2,0,0,1,0,0,0,1,0,3.8249,1,3,0.0,0,safe
https://www.reuters.com/help/contact,36,2,0,0,1,0,0,0,1,0,3.8956,1,4,0.0,0,safe
https://en.airbnb.gov/help/contact,34,2,0,0,1,0,0,0,1,0,4.0064,1,4,0.0,0,safe
https://coinbase-account.cf/secure/reset-password/support-center/516c3095?id=dlrs0qrkmw,87,1,8,3,1,0,0,0,0,5,4.5838,3,6,0.092,0,phishing
https://www.stackoverflow.gov?ref=n3ym,38,2,1,0,1,0,0,0,1,0,4.4187,3,2,0.0263,0,safe
https://docs.nytimes.com/about,30,2,0,0,1,0,0,0,1,0,3.9647,1,3,0.0,0,safe
http://paypa1-update.gq/update/xlbaj,36,1,1,1,0,0,0,0,0,1,3.9138,1,4,0.0278,0,phishing
https://174.88.241.197/paypal-webscr/l7wstm.php,47,4,12,1,1,0,1,0,0,2,4.3072,1,4,0.2553,0,phishing
https://en.trello.gov/support/faq,33,2,0,0,1,0,0,0,1,1,3.9683,1,4,0.0,0,safe
https://29.98.131.45/google-suspended/s33awq.php,48,4,11,1,1,0,1,0,0,1,4.4285,1,4,0.2292,0,phishing
https://www.npr.net/news/latest,31,2,0,0,1,0,0,0,1,0,3.4744,1,4,0.0,0,safe
https://wellsfargoyd-webscr.tk/webscr/6mr31,43,1,3,1,1,0,0,0,0,1,4.3969,1,4,0.0698,0,phishing
https://help.khanacademy.net/about,34,2,0,0,1,0,0,0,1,0,4.0209,1,3,0.0,0,safe
https://docs.nasa.net/help/contact,34,2,0,0,1,0,0,0,1,0,3.6572,1,4,0.0,0,safe
https://fedex-authenticate.ga/unlock/alert/e1b0e9fj?id=cxrzr3vt8u,65,1,5,1,1,0,0,0,0,3,4.6812,3,5,0.0769,0,phishing
http://tu1v.v8j.ndt5.cv120x.outlook.info/authenticate,53,5,6,0,0,0,0,0,4,1,4.3198,1,3,0.1132,0,phishing
https://g00g1e-account.top/account/qt7rp,40,1,4,1,1,0,0,0,0,1,4.0464,1,4,0.1,0,phishing
http://8vx3nu.pj8x.w9bw5.instagram.top/alert,44,4,5,0,0,0,0,0,3,1,4.4623,1,3,0.1136,0,phishing
https://help.wikipedia.gov/about,32,2,0,0,1,0,0,0,1,0,4.0931,1,3,0.0,0,safe
http://bit.ly/1341mhn,21,1,4,0,0,0,0,0,0,0,3.749,1,3,0.1905,1,phishing
http://icloud5p-suspended.cf/suspended/entjt,44,1,1,1,0,0,0,0,0,1,3.9429,1,4,0.0227,0,phishing
https://www.slack.org/products,30,2,0,0,1,0,0,0,1,0,3.9396,1,3,0.0,0,safe
https://is.gd/y2k2zmn,21,1,2,0,1,0,0,0,0,0,3.8802,1,3,0.0952,1,phishing
http://rb.gy/ttt6hbz,20,1,1,0,0,0,0,0,0,0,3.3037,1,3,0.05,1,phishing
https://docs.nationalgeographic.io/support/faq,46,2,0,0,1,0,0,0,1,1,4.1079,1,4,0.0,0,safe
https://c0inbase-unlock.info/unlock/rxuc3,41,1,2,1,1,0,0,0,0,1,4.2963,1,4,0.0488,0,phishing
http://tinyurl.com/7kjq92e,26,1,3,0,0,0,0,0,0,0,4.3347,1,3,0.1154,1,phishing
https://160.194.72.43/outlook-webscr/304s7n.php,47,4,14,1,1,0,1,0,0,1,4.4956,1,4,0.2979,0,phishing
http://30.49.85.41/google-reset-password/q3ff29.php,51,4,11,2,0,0,1,0,0,2,4.5152,1,4,0.2157,0,phishing
https://help.nationalgeographic.io/careers,42,2,0,0,1,0,0,0,1,0,3.9332,1,3,0.0,0,safe
https://www.cloudflare.edu,26,2,0,0,1,0,0,0,1,0,3.9791,1,2,0.0,0,safe
https://tinyurl.com/xsl1cc0,27,1,2,0,1,0,0,0,0,0,4.0784,1,3,0.0741,1,phishing
http://233.251.139.167/microsoft-account/pbxyss.php,51,4,12,1,0,0,1,0,0,1,4.5004,1,4,0.2353,0,phishing
https://docs.trello.io/account/settings,39,2,0,0,1,0,0,0,1,1,3.894,1,4,0.0,0,safe
https://247.15.234.180/apple-update/7xe8q0.php,46,4,14,1,1,0,1,0,0,1,4.284,1,4,0.3043,0,phishing
https://8dy.zk69y77.krqqbp.xf71u0fo.trd98opg.p8bhzmr.apple.click/unlock,71,7,11,0,1,0,0,0,6,2,4.7526,1,3,0.1549,0,phishing
http://tinyurl.com/4nv5hjx,26,1,2,0,0,0,0,0,0,0,4.1808,1,3,0.0769,1,phishing
https://818pz.92t6ytfu.qudhh.ild4xpy.cwhe4f1d.89zn.chase.info/webscr,68,7,11,0,1,0,0,0,6,1,4.686,1,3,0.1618,0,phishing
http://tinyurl.com/lxbtsn1,26,1,1,0,0,0,0,0,0,0,4.056,1,3,0.0385,1,phishing
https://docs.cloudflare.io/news/latest?ref=66fz,47,2,2,0,1,0,0,0,1,0,4.3149,3,4,0.0426,0,safe
https://nationalgeographic.io/pricing,37,1,0,0,1,0,0,0,0,0,3.8339,1,3,0.0,0,safe
https://help.who.net/blog/2026/updates,38,2,4,0,1,0,0,0,1,1,4.0933,1,5,0.1053,0,safe
https://docs.cloudflare.net/support/faq,39,2,0,0,1,0,0,0,1,1,4.0478,1,4,0.0,0,safe
https://docs.figma.org/help/contact,35,2,0,0,1,0,0,0,1,0,4.0576,1,4,0.0,0,safe
http://google6f-confirm.tk/confirm/wr8lv,40,1,2,1,0,0,0,0,0,1,4.2653,1,4,0.05,0,phishing
https://www.mozilla.io,22,2,0,0,1,0,0,0,1,0,3.6978,1,2,0.0,0,safe
http://97.203.8.100/microsoft-support-center/zixx48.php,55,4,11,2,0,0,1,0,0,1,4.518,1,4,0.2,0,phishing
https://bbc.org/docs/getting-started,36,1,0,1,1,0,0,0,0,0,3.9194,1,4,0.0,0,safe
https://en.slack.io/en/home?ref=2lkn,36,2,1,0,1,0,0,0,1,0,4.2045,3,4,0.0278,0,safe
https://cutt.ly/f31r8l1,23,1,4,0,1,0,0,0,0,0,3.7951,1,3,0.1739,1,phishing
http://netflix-webscr.cf/update/webscr/verify/ms65oeg1?id=chwyvpxlfg,68,1,3,1,0,0,0,0,0,3,4.6934,3,6,0.0441,0,phishing
https://docs.stackoverflow.net/news/latest,42,2,0,0,1,0,0,0,1,0,3.9667,1,4,0.0,0,safe
https://usps.io/support/faq,27,1,0,0,1,0,0,0,0,1,3.5417,1,4,0.0,0,safe
https://irs.gov/news/latest,27,1,0,0,1,0,0,0,0,0,3.7919,1,4,0.0,0,safe
https://reuters.io/news/latest,30,1,0,0,1,0,0,0,0,0,3.6532,1,4,0.0,0,safe
http://112.195.140.217/chase-update/8sex54.php,46,4,15,1,0,0,1,0,0,1,4.2219,1,4,0.3261,0,phishing
http://143.136.174.223/paypal-alert/27a4i3.php,46,4,16,1,0,0,1,0,0,2,4.0316,1,4,0.3478,0,phishing
http://g00g1e-authenticate.cf/authenticate/doyo7,48,1,4,1,0,0,0,0,0,1,4.0616,1,4,0.0833,0,phishing
http://tinyurl.com/5u8gg1i,26,1,3,0,0,0,0,0,0,0,4.1039,1,3,0.1154,1,phishing
https://66oah71d.b3xoo9x.21abql.c6p0vs.7tmn6axn.facebook.info/support-center,76,6,12,1,1,0,0,0,5,1,4.7045,1,3,0.1579,0,phishing
http://3uvvj.3idpz4.dj3uhaaw.195c1au3.google.ml/secure,54,5,9,0,0,0,0,0,4,1,4.572,1,3,0.1667,0,phishing
https://q9e9r.ap81w.3el5d.xq63t74c.zyjob.dxzatrzg.usps.xyz/reset-password,73,7,10,1,1,0,0,0,6,2,4.6858,1,3,0.137,0,phishing
https://help.usps.com/,22,2,0,0,1,0,0,0,1,0,3.5383,1,3,0.0,0,safe
https://help.irs.net/en/home,28,2,0,0,1,0,0,0,1,0,3.6106,1,4,0.0,0,safe
https://googlemd-support-center.click/support-center/mkg0z,58,1,1,3,1,0,0,0,0,2,4.2202,1,4,0.0172,0,phishing
https://dropbox.edu/help/contact?ref=fh5j,41,1,1,0,1,0,0,0,0,0,4.3083,3,4,0.0244,0,safe
http://jt0.ebey8fa5.p45.5oavgtza.m5ldtc.facebook.cf/suspended,61,6,7,0,0,0,0,0,5,1,4.5003,1,3,0.1148,0,phishing
http://rb.gy/g8xoohe,20,1,1,0,0,0,0,0,0,0,3.6842,1,3,0.05,1,phishing
https://fedex-confirm.ml/signin/webscr/abaestd3?id=zjetocsent,61,1,1,1,1,0,0,0,0,3,4.4906,3,5,0.0164,0,phishing
http://facebook-recover.xyz/billing/webscr/signin/ux1frrgj?id=82dedmihvj,72,1,3,1,0,0,0,0,0,4,4.7981,3,6,0.0417,0,phishing
http://178.128.220.194/dhl-login/uw5hz1.php,43,4,14,1,0,0,1,0,0,1,4.3214,1,4,0.3256,0,phishing
https://irs.org/careers,23,1,0,0,1,0,0,0,0,0,3.5884,1,3,0.0,0,safe
https://docs.un.com/help/contact,32,2,0,0,1,0,0,0,1,0,3.7889,1,4,0.0,0,safe
https://spotify.net/careers,27,1,0,0,1,0,0,0,0,0,3.7821,1,3,0.0,0,safe
https://en.mit.net/blog/2026/updates,36,2,4,0,1,0,0,0,1,1,4.1151,1,5,0.1111,0,safe
https://30.99.241.63/instagram-webscr/97h064.php,48,4,14,1,1,0,1,0,0,1,4.5063,1,4,0.2917,0,phishing
http://rb.gy/rpubco4,20,1,1,0,0,0,0,0,0,0,3.6842,1,3,0.05,1,phishing
http://134.72.157.216/outlook-signin/b3mtjc.php,47,4,12,1,0,0,1,0,0,1,4.4851,1,4,0.2553,0,phishing
https://help.bbc.com/docs/getting-started,41,2,0,1,1,0,0,0,1,0,4.0948,1,4,0.0,0,safe
https://docs.nationalgeographic.org/docs/getting-started,56,2,0,1,1,0,0,0,1,0,3.9966,1,4,0.0,0,safe
https://help.mit.net/support/faq,32,2,0,0,1,0,0,0,1,1,3.8872,1,4,0.0,0,safe
https://paypa1-unlock.top/unlock/kq8nh,38,1,2,1,1,0,0,0,0,1,4.0632,1,4,0.0526,0,phishing
https://help.cloudflare.net/account/settings,44,2,0,0,1,0,0,0,1,1,4.0383,1,4,0.0,0,safe
https://notion.io?ref=j8cx,26,1,1,0,1,0,0,0,0,0,4.1039,3,2,0.0385,0,safe
https://dropbox.org/help/contact,32,1,0,0,1,0,0,0,0,0,3.9139,1,4,0.0,0,safe
https://en.stackoverflow.edu/support/faq,40,2,0,0,1,0,0,0,1,1,4.1964,1,4,0.0,0,safe
https://en.coursera.net/?ref=px0z,33,2,1,0,1,0,0,0,1,0,4.1273,3,3,0.0303,0,safe
https://en.slack.gov/products,29,2,0,0,1,0,0,0,1,0,4.0902,1,3,0.0,0,safe
http://tinyurl.com/i7joaib,26,1,1,0,0,0,0,0,0,0,4.0749,1,3,0.0385,1,phishing
https://docs.airbnb.io,22,2,0,0,1,0,0,0,1,0,3.8231,1,2,0.0,0,safe
https://dhl-confirm.cf/secure/authenticate/fqqnu2xr?id=47nvbwl0cl,65,1,4,1,1,0,0,0,0,3,4.6784,3,5,0.0615,0,phishing
https://132.175.116.125/outlook-signin/a2swfx.php,49,4,13,1,1,0,1,0,0,1,4.4028,1,4,0.2653,0,phishing
https://en.airbnb.io,20,2,0,0,1,0,0,0,1,0,3.7219,1,2,0.0,0,safe
https://bit.ly/8zlz3gp,22,1,2,0,1,0,0,0,0,0,3.7544,1,3,0.0909,1,phishing
https://help.trello.com/news/latest,35,2,0,0,1,0,0,0,1,0,3.7474,1,4,0.0,0,safe
https://www.nytimes.edu/en/home,31,2,0,0,1,0,0,0,1,0,3.8087,1,4,0.0,0,safe
https://52.20.174.251/outlook-update/mw1hg2.php,47,4,12,1,1,0,1,0,0,1,4.3149,1,4,0.2553,0,phishing
http://cutt.ly/ckybl7t,22,1,1,0,0,0,0,0,0,0,3.4429,1,3,0.0455,1,phishing
http://ic10ud-update.top/update/9x22s,37,1,5,1,0,0,0,0,0,1,4.0441,1,4,0.1351,0,phishing
http://16.6.5.141/wellsfargo-confirm/7ypsz3.php,47,4,9,1,0,0,1,0,0,1,4.6024,1,4,0.1915,0,phishing
http://applevt-confirm.gq/confirm/qjdnu,39,1,0,1,0,0,0,0,0,1,4.3555,1,4,0.0,0,phishing
https://3gly0.gvpnir.3die.google.xyz/unlock,43,4,3,0,1,0,0,0,3,1,4.3969,1,3,0.0698,0,phishing
http://rb.gy/d7an2ex,20,1,2,0,0,0,0,0,0,0,3.9842,1,3,0.1,1,phishing
https://trello.com/blog/2026/updates,36,1,4,0,1,0,0,0,0,1,4.1388,1,5,0.1111,0,safe
http://we11sfarg0-secure.top/secure/63zx2,41,1,6,1,0,0,0,0,0,1,4.3362,1,4,0.1463,0,phishing
http://bankofamerica-verify.info/verify/verify/authenticate/ay86iyt8?id=1i3xxn53o9,82,1,8,1,0,0,0,0,0,2,4.5369,3,6,0.0976,0,phishing
https://spotify.net/,20,1,0,0,1,0,0,0,0,0,3.4842,1,3,0.0,0,safe
https://3678ki.cc3.arbt.ehlszg.2x58argb.t9104f70.netflix.top/support-center,75,7,14,1,1,0,0,0,6,1,4.7633,1,3,0.1867,0,phishing
http://faceb00k-account.click/account/4tziu,43,1,3,1,0,0,0,0,0,2,4.0595,1,4,0.0698,0,phishing
http://169.149.48.94/outlook-reset-password/68pclf.php,54,4,12,2,0,0,1,0,0,2,4.3868,1,4,0.2222,0,phishing
https://icloud-signin.gq/reset-password/webscr/8iaf4xpa?id=200g71v4js,69,1,8,2,1,0,0,0,0,4,4.8019,3,5,0.1159,0,phishing
https://214.247.89.110/microsoft-reset-password/vnp444.php,58,4,14,2,1,0,1,0,0,2,4.4598,1,4,0.2414,0,phishing
https://79.72.13.16/dhl-suspended/j5q6qk.php,44,4,10,1,1,0,1,0,0,1,4.3171,1,4,0.2273,0,phishing
http://755vkm.1myg7tx.rg8o6.2j7kz.dhl.ga/verify,47,5,9,0,0,0,0,0,4,1,4.605,1,3,0.1915,0,phishing
https://wikipedia.gov/about,27,1,0,0,1,0,0,0,0,0,4.0043,1,3,0.0,0,safe
https://help.coursera.edu/en/home?ref=1sjb,42,2,1,0,1,0,0,0,1,0,4.2548,3,4,0.0238,0,safe
https://127.149.35.91/outlook-signin/o8tgj2.php,47,4,12,1,1,0,1,0,0,1,4.3735,1,4,0.2553,0,phishing
https://help.nytimes.net/help/contact,37,2,0,0,1,0,0,0,1,0,3.7561,1,4,0.0,0,safe
https://c0inbase-webscr.top/webscr/i248y,40,1,4,1,1,0,0,0,0,1,4.2464,1,4,0.1,0,phishing
https://help.dropbox.io/en/home,31,2,0,0,1,0,0,0,1,0,3.8489,1,4,0.0,0,safe
https://docs.duolingo.com,25,2,0,0,1,0,0,0,1,0,3.8439,1,2,0.0,0,safe
https://63.30.104.98/binance-unlock/a7h1hf.php,46,4,11,1,1,0,1,0,0,1,4.5342,1,4,0.2391,0,phishing
http://thtlt9.p0kyiw.f78pelt.42p134kq.mtmvt.chase.click/secure,62,6,9,0,0,0,0,0,5,2,4.494,1,3,0.1452,0,phishing
https://docs.nationalgeographic.gov/blog/2026/updates,53,2,4,0,1,0,0,0,1,1,4.3179,1,5,0.0755,0,safe
https://en.python.net/pricing,29,2,0,0,1,0,0,0,1,0,3.7025,1,3,0.0,0,safe
https://en.nasa.io/help/contact?ref=5jve,40,2,1,0,1,0,0,0,1,0,4.1842,3,4,0.025,0,safe
https://en.spotify.net/about,28,2,0,0,1,0,0,0,1,0,3.7943,1,3,0.0,0,safe
https://tinyurl.com/3nldllj,27,1,1,0,1,0,0,0,0,0,4.0323,1,3,0.037,1,phishing
https://c0inbase-secure.xyz/secure/06989,40,1,6,1,1,0,0,0,0,1,4.2628,1,4,0.15,0,phishing
https://www.notion.io/products,30,2,0,0,1,0,0,0,1,0,3.7232,1,3,0.0,0,safe
http://96.200.62.216/wellsfargo-account/9ed4tg.php,50,4,12,1,0,0,1,0,0,1,4.5186,1,4,0.24,0,phishing
https://nytimes.net/products?ref=9htb,37,1,1,0,1,0,0,0,0,0,4.1885,3,3,0.027,0,safe
https://198.164.204.88/icloud-verify/v96mt8.php,47,4,14,1,1,0,1,0,0,1,4.5437,1,4,0.2979,0,phishing
http://microsoft39-confirm.tk/confirm/sw53i,43,1,4,1,0,0,0,0,0,1,4.1002,1,4,0.093,0,phishing
http://bit.ly/wlym8qb,21,1,1,0,0,0,0,0,0,0,3.6538,1,3,0.0476,1,phishing
https://docs.cloudflare.gov/news/latest,39,2,0,0,1,0,0,0,1,0,4.0991,1,4,0.0,0,safe
https://en.mozilla.net/,23,2,0,0,1,0,0,0,1,0,3.7623,1,3,0.0,0,safe
http://tinyurl.com/j9wqgqi,26,1,1,0,0,0,0,0,0,0,4.1808,1,3,0.0385,1,phishing
https://www.cloudflare.org/account/settings,43,2,0,0,1,0,0,0,1,1,4.1558,1,4,0.0,0,safe
http://bit.ly/2mi39dw,21,1,3,0,0,0,0,0,0,0,3.8442,1,3,0.1429,1,phishing
https://docs.wikipedia.org/news/latest,38,2,0,0,1,0,0,0,1,0,4.0503,1,4,0.0,0,safe
https://en.python.io/account/settings,37,2,0,0,1,0,0,0,1,1,3.7765,1,4,0.0,0,safe
https://netflix-secure.gq/verify/authenticate/update/stf11ygg?id=43jrka04d9,75,1,7,1,1,0,0,0,0,4,4.6596,3,6,0.0933,0,phishing
http://usps-secure.top/webscr/suspended/5ed18be2?id=3bnfzm2cva,62,1,6,1,0,0,0,0,0,3,4.5382,3,5,0.0968,0,phishing
https://instagram-suspended.info/suspended/5t820,48,1,4,1,1,0,0,0,0,1,4.2044,1,4,0.0833,0,phishing
https://docs.who.io,19,2,0,0,1,0,0,0,1,0,3.4714,1,2,0.0,0,safe
http://dhl-unlock.ga/confirm/authenticate/81b6ou4c?id=e2bp0mctrj,64,1,6,1,0,0,0,0,0,3,4.6873,3,5,0.0938,0,phishing
http://usps-confirm.cf/webscr/alert/kyysbpd2?id=wavb1rb7hd,58,1,3,1,0,0,0,0,0,3,4.6747,3,5,0.0517,0,phishing
https://167.42.73.77/usps-authenticate/3w0meg.php,49,4,11,1,1,0,1,0,0,1,4.3112,1,4,0.2245,0,phishing
https://netflix-reset-password.top/reset-password/signin/account/x6lqgs8a?id=92qulg6mgc,87,1,5,3,1,0,0,0,0,4,4.6002,3,6,0.0575,0,phishing
https://en.wikipedia.io/account/settings,40,2,0,0,1,0,0,0,1,1,3.9348,1,4,0.0,0,safe
https://rb.gy/xcflmv4,21,1,1,0,1,0,0,0,0,0,4.0707,1,3,0.0476,1,phishing
https://en.usps.io/docs/getting-started,39,2,0,1,1,0,0,0,1,0,3.904,1,4,0.0,0,safe
https://en.nationalgeographic.com/,34,2,0,0,1,0,0,0,1,0,3.9764,1,3,0.0,0,safe
https://181.195.109.214/binance-login/dcrbkf.php,48,4,12,1,1,0,1,0,0,1,4.5616,1,4,0.25,0,phishing
https://161.140.109.127/netflix-support-center/w75uv8.php,57,4,15,2,1,0,1,0,0,1,4.577,1,4,0.2632,0,phishing
https://168.144.29.33/apple-recover/nyjrls.php,46,4,10,1,1,0,1,0,0,1,4.4123,1,4,0.2174,0,phishing
https://14df.i5e.duiam83.gihx.ecrwyktr.ljcgzv.apple.info/alert,62,7,5,0,1,0,0,0,6,1,4.7054,1,3,0.0806,0,phishing
http://h9pmu5.93z9a.3dlp4.f8qpag.lkbx15p.icloud.cf/confirm,58,6,10,0,0,0,0,0,5,1,4.6357,1,3,0.1724,0,phishing
http://7.22.18.111/microsoft-suspended/cgkrh9.php,49,4,9,1,0,0,1,0,0,1,4.4256,1,4,0.1837,0,phishing
http://owlh5ays.1sf.meur.jtq.binance.click/support-center,57,5,2,1,0,0,0,0,4,2,4.5172,1,3,0.0351,0,phishing
https://6qavoz.126nlcme.hng42a.ptcn9.8ommgug6.gzz.dhl.top/account,65,7,9,0,1,0,0,0,6,1,4.4447,1,3,0.1385,0,phishing
http://zvcbb.h220.2at90.bfzvzejt.0iv0we.xe1i.dhl.gq/verify,58,7,9,0,0,0,0,0,6,1,4.4411,1,3,0.1552,0,phishing
https://harvard.org/blog/2026/updates,37,1,4,0,1,0,0,0,0,1,4.1318,1,5,0.1081,0,safe
https://www.usps.com/about,26,2,0,0,1,0,0,0,1,0,3.6612,1,3,0.0,0,safe
http://dhl7y-reset-password.info/reset-password/qc61x,53,1,3,3,0,0,0,0,0,2,4.3594,1,4,0.0566,0,phishing
https://help.airbnb.com/about?ref=yq3s,38,2,1,0,1,0,0,0,1,0,4.4515,3,3,0.0263,0,safe
https://usps-support-center.tk/unlock/update/verify/6dea4j15?id=kls7vwhv2c,74,1,6,2,1,0,0,0,0,4,4.701,3,6,0.0811,0,phishing
https://docs.slack.io/help/contact,34,2,0,0,1,0,0,0,1,0,3.8078,1,4,0.0,0,safe
https://googlerg-webscr.info/webscr/kpok1,41,1,1,1,1,0,0,0,0,1,4.2107,1,4,0.0244,0,phishing
https://en.cloudflare.edu/docs/getting-started,46,2,0,1,1,0,0,0,1,0,4.0915,1,4,0.0,0,safe
https://binance-reset-password.gq/reset-password/z81l2,54,1,3,3,1,0,0,0,0,2,4.3192,1,4,0.0556,0,phishing
http://xii5e.la4trfg.7yk56.i6su.coinbase.cf/suspended,53,5,6,0,0,0,0,0,4,1,4.537,1,3,0.1132,0,phishing
http://chase-unlock.click/account/webscr/account/reset-password/w72lm2b1?id=kx63nyb7dx,86,1,7,2,0,0,0,0,0,6,4.6741,3,7,0.0814,0,phishing
http://123.22.41.45/google-billing/0cd9ij.php,45,4,11,1,0,0,1,0,0,1,4.3858,1,4,0.2444,0,phishing
https://help.usps.io/about,26,2,0,0,1,0,0,0,1,0,3.6612,1,3,0.0,0,safe
https://en.slack.com/account/settings,37,2,0,0,1,0,0,0,1,1,3.9023,1,4,0.0,0,safe
https://www.airbnb.edu/en/home?ref=ntja,39,2,0,0,1,0,0,0,1,0,4.253,3,4,0.0,0,safe
http://paypal-secure.click/alert/reset-password/suspended/dktp63en?id=8j3ovsqrv8,80,1,5,2,0,0,0,0,0,7,4.5093,3,6,0.0625,0,phishing
https://paypal-signin.tk/account/account/tsy1f0uf?id=4x91z0lzw5,63,1,7,1,1,0,0,0,0,3,4.6417,3,5,0.1111,0,phishing
https://help.bbc.edu?ref=0fhj,29,2,1,0,1,0,0,0,1,0,4.1163,3,2,0.0345,0,safe
http://116.252.229.228/icloud-authenticate/ivc5ae.php,53,4,13,1,0,0,1,0,0,1,4.2628,1,4,0.2453,0,phishing
http://rb.gy/2pxv9tn,20,1,2,0,0,0,0,0,0,0,3.7464,1,3,0.1,1,phishing
https://khanacademy.org/account/settings,40,1,0,0,1,0,0,0,0,1,4.0751,1,4,0.0,0,safe
https://mit.io/en/home?ref=ghpb,31,1,0,0,1,0,0,0,0,0,3.9779,3,4,0.0,0,safe
https://google-unlock.ml/authenticate/alert/suspended/webscr/pcdb6rop?id=1hgp2fg7fu,83,1,4,1,1,0,0,0,0,5,4.5986,3,7,0.0482,0,phishing
http://71.28.179.173/apple-billing/urs5t5.php,45,4,12,1,0,0,1,0,0,1,4.3223,1,4,0.2667,0,phishing
https://29.179.34.3/facebook-authenticate/v9r9sq.php,52,4,10,1,1,0,1,0,0,1,4.496,1,4,0.1923,0,phishing
https://cutt.ly/6tz3s3w,23,1,3,0,1,0,0,0,0,0,3.6381,1,3,0.1304,1,phishing
https://en.wikipedia.net/support/faq,36,2,0,0,1,0,0,0,1,1,4.0169,1,4,0.0,0,safe
https://nasa.com/,17,1,0,0,1,0,0,0,0,0,3.4548,1,3,0.0,0,safe
http://0ut100k-update.top/update/yl53z,38,1,6,1,0,0,0,0,0,1,4.0106,1,4,0.1579,0,phishing
https://docs.notion.io/account/settings?ref=py09,48,2,2,0,1,0,0,0,1,1,4.1969,3,4,0.0417,0,safe
http://tjq.nhb4la.fp3.coinbase.gq/secure,40,4,2,0,0,0,0,0,3,1,4.3653,1,3,0.05,0,phishing
https://notion.org/support/faq,30,1,0,0,1,0,0,0,0,1,3.7484,1,4,0.0,0,safe
https://help.notion.gov/news/latest,35,2,0,0,1,0,0,0,1,0,3.797,1,4,0.0,0,safe
https://is.gd/c381vfo,21,1,3,0,1,0,0,0,0,0,3.9754,1,3,0.1429,1,phishing
http://tinyurl.com/12yb6k8,26,1,4,0,0,0,0,0,0,0,4.2578,1,3,0.1538,1,phishing
https://www.who.com/pricing,27,2,0,0,1,0,0,0,1,0,3.764,1,3,0.0,0,safe
http://54.77.236.240/instagram-verify/4hpg5g.php,48,4,12,1,0,0,1,0,0,1,4.4387,1,4,0.25,0,phishing
http://gz8js4.p8e0gwo.6fgz6m3f.fedex.tk/authenticate,52,4,7,0,0,0,0,0,3,1,4.52,1,3,0.1346,0,phishing
https://python.edu/help/contact,31,1,0,0,1,0,0,0,0,0,3.7568,1,4,0.0,0,safe
http://13.236.203.125/instagram-confirm/3bbfif.php,50,4,12,1,0,0,1,0,0,1,4.4084,1,4,0.24,0,phishing
https://outlookem-billing.gq/billing/uteoh,42,1,0,1,1,0,0,0,0,1,4.0027,1,4,0.0,0,phishing
https://p92k.9b5p10t.5cyuahz.chase.top/login,44,4,7,0,1,0,0,0,3,1,4.4251,1,3,0.1591,0,phishing
https://www.cloudflare.com/products,35,2,0,0,1,0,0,0,1,0,4.05,1,3,0.0,0,safe
https://help.npr.net/,21,2,0,0,1,0,0,0,1,0,3.3321,1,3,0.0,0,safe
http://is.gd/gzhm82x,20,1,2,0,0,0,0,0,0,0,3.7842,1,3,0.1,1,phishing
https://bank0famerica-signin.tk/signin/rm4v6,44,1,3,1,1,0,0,0,0,1,4.2439,1,4,0.0682,0,phishing
http://amazon-webscr.gq/confirm/signin/authenticate/recover/m1yhtwbe?id=9e949xdo3t,82,1,6,1,0,0,0,0,0,5,4.6693,3,7,0.0732,0,phishing
https://en.coursera.org,23,2,0,0,1,0,0,0,1,0,3.7951,1,2,0.0,0,safe
https://en.python.io/news/latest,32,2,0,0,1,0,0,0,1,0,3.6914,1,4,0.0,0,safe
http://netflix-suspended.cf/confirm/recover/signin/k0xqndwn?id=3mtxgmw1sj,73,1,3,1,0,0,0,0,0,4,4.6261,3,6,0.0411,0,phishing
https://help.who.org/products,29,2,0,0,1,0,0,0,1,0,3.8313,1,3,0.0,0,safe
http://145.104.249.127/fedex-recover/b5h1qq.php,47,4,14,1,0,0,1,0,0,1,4.3575,1,4,0.2979,0,phishing
https://usps.io/products,24,1,0,0,1,0,0,0,0,0,3.4906,1,3,0.0,0,safe
http://fedex-login.top/login/vuhln,34,1,0,1,0,0,0,0,0,1,3.9987,1,4,0.0,0,phishing
https://docs.slack.com,22,2,0,0,1,0,0,0,1,0,3.6635,1,2,0.0,0,safe
http://rzru.as8wff.czuzpll.z5ehe56v.lwk.3lezsiji.coinbase.ga/account,68,7,5,0,0,0,0,0,6,1,4.5722,1,3,0.0735,0,phishing
https://docs.cloudflare.org/products?ref=5nam,45,2,1,0,1,0,0,0,1,0,4.2969,3,3,0.0222,0,safe
https://www.spotify.net,23,2,0,0,1,0,0,0,1,0,3.6212,1,2,0.0,0,safe
http://rb.gy/8pfl4vo,20,1,2,0,0,0,0,0,0,0,3.8842,1,3,0.1,1,phishing
https://en.harvard.io/en/home,29,2,0,0,1,0,0,0,1,0,3.8404,1,4,0.0,0,safe
http://is.gd/31lfw45,20,1,4,0,0,0,0,0,0,0,3.9842,1,3,0.2,1,phishing
https://docs.bbc.gov/help/contact,33,2,0,0,1,0,0,0,1,0,3.87,1,4,0.0,0,safe
https://cloudflare.com,22,1,0,0,1,0,0,0,0,0,4.0049,1,2,0.0,0,safe
https://help.nationalgeographic.gov/pricing?ref=b0ob,52,2,1,0,1,0,0,0,1,0,4.2911,3,3,0.0192,0,safe
http://129.6.78.78/apple-account/odzu34.php,43,4,10,1,0,0,1,0,0,1,4.348,1,4,0.2326,0,phishing
http://is.gd/rzzzpip,20,1,0,0,0,0,0,0,0,0,3.4087,1,3,0.0,1,phishing
http://is.gd/nv2i8bg,20,1,2,0,0,0,0,0,0,0,3.7842,1,3,0.1,1,phishing
http://jt27s.3hw.t3mqsnc.o568b.dhl.cf/billing,45,5,7,0,0,0,0,0,4,1,4.4724,1,3,0.1556,0,phishing
https://6ypog8.jmo.20f4d.oh2trw.31l0iy.facebook.cf/confirm,58,6,9,0,1,0,0,0,5,1,4.6634,1,3,0.1552,0,phishing
https://docs.nasa.net/help/contact,34,2,0,0,1,0,0,0,1,0,3.6572,1,4,0.0,0,safe
https://github.edu/account/settings,35,1,0,0,1,0,0,0,0,1,3.843,1,4,0.0,0,safe
http://166.220.108.247/netflix-webscr/uaq5lu.php,48,4,13,1,0,0,1,0,0,1,4.6628,1,4,0.2708,0,phishing
https://221.198.127.145/usps-alert/bel6el.php,45,4,13,1,1,0,1,0,0,1,4.208,1,4,0.2889,0,phishing
https://help.nationalgeographic.net/about,41,2,0,0,1,0,0,0,1,0,3.9883,1,3,0.0,0,safe
https://bankofamerica-update.info/secure/billing/ve15dtvc?id=v8ji02ogln,71,1,5,1,1,0,0,0,0,3,4.7342,3,5,0.0704,0,phishing
https://help.reuters.edu/support/faq?ref=sy0x,45,2,1,0,1,0,0,0,1,1,4.106,3,4,0.0222,0,safe
https://khanacademy.org/support/faq,35,1,0,0,1,0,0,0,0,1,4.1719,1,4,0.0,0,safe
https://notion.org/docs/getting-started,39,1,0,1,1,0,0,0,0,0,3.8004,1,4,0.0,0,safe
https://docs.wikipedia.org/en/home,34,2,0,0,1,0,0,0,1,0,4.0797,1,4,0.0,0,safe
https://www.python.io/pricing,29,2,0,0,1,0,0,0,1,0,3.7623,1,3,0.0,0,safe
https://docs.npr.io/en/home,27,2,0,0,1,0,0,0,1,0,3.764,1,4,0.0,0,safe
http://3.93.28.24/usps-billing/kemqb1.php,41,4,8,1,0,0,1,0,0,1,4.3819,1,4,0.1951,0,phishing
https://www.npr.io/careers,26,2,0,0,1,0,0,0,1,0,3.7672,1,3,0.0,0,safe
https://is.gd/xa404e0,21,1,4,0,1,0,0,0,0,0,3.7849,1,3,0.1905,1,phishing
https://fmz.qwkvu.2yu.9o0tub.l0j64x5.instagram.ga/secure,56,6,7,0,1,0,0,0,5,1,4.8114,1,3,0.125,0,phishing
https://paypa1-verify.tk/verify/ph3dl,37,1,2,1,1,0,0,0,0,1,4.1416,1,4,0.0541,0,phishing
https://usps-account.cf/recover/alert/suspended/support-center/21wyuc4b?id=xutqnto184,85,1,6,2,1,0,0,0,0,5,4.5058,3,7,0.0706,0,phishing
http://is.gd/t3bpsr0,20,1,2,0,0,0,0,0,0,0,3.6464,1,3,0.1,1,phishing
http://7dus.8uk.n5g.coinbase.tk/alert,37,4,3,0,0,0,0,0,3,1,4.3242,1,3,0.0811,0,phishing
http://293q.598qa2.r0u.33d1fj.663j8tj.7di6jz.google.ml/account,62,7,17,0,0,0,0,0,6,1,4.6975,1,3,0.2742,0,phishing
http://usps-confirm.info/confirm/w3dnf,38,1,1,1,0,0,0,0,0,1,4.0503,1,4,0.0263,0,phishing
http://bit.ly/stzqwx2,21,1,1,0,0,0,0,0,0,0,3.7849,1,3,0.0476,1,phishing
http://229.206.107.185/google-billing/iexm08.php,48,4,14,1,0,0,1,0,0,1,4.4073,1,4,0.2917,0,phishing
https://help.who.edu/careers,28,2,0,0,1,0,0,0,1,0,3.8249,1,3,0.0,0,safe
http://app1e-recover.xyz/recover/dgzml,38,1,1,1,0,0,0,0,0,1,4.1331,1,4,0.0263,0,phishing
https://204.160.247.203/paypal-signin/xymue9.php,48,4,13,1,1,0,1,0,0,2,4.4783,1,4,0.2708,0,phishing
https://help.nationalgeographic.net?ref=738j,44,2,3,0,1,0,0,0,1,0,4.3454,3,2,0.0682,0,safe
http://dhl-login.click/support-center/secure/account/account/2ekdvp37?id=5hn5ui97pi,83,1,7,2,0,0,0,0,0,5,4.4928,3,7,0.0843,0,phishing
http://ykwxs.lzo.xv8lsmbf.yt0rs6.76bogxp.67lrvi3.amazon.tk/support-center,73,7,8,1,0,0,0,0,6,1,4.7353,1,3,0.1096,0,phishing
https://en.harvard.net/account/settings,39,2,0,0,1,0,0,0,1,1,3.9066,1,4,0.0,0,safe
https://help.notion.org/,24,2,0,0,1,0,0,0,1,0,3.6573,1,3,0.0,0,safe
http://is.gd/elgiffd,20,1,0,0,0,0,0,0,0,0,3.5842,1,3,0.0,1,phishing
https://www.nationalgeographic.net/products,43,2,0,0,1,0,0,0,1,0,4.1207,1,3,0.0,0,safe
https://www.reuters.org/docs/getting-started,44,2,0,1,1,0,0,0,1,0,3.933,1,4,0.0,0,safe
http://233.234.135.202/chase-update/h75axg.php,46,4,14,1,0,0,1,0,0,1,4.1864,1,4,0.3043,0,phishing
http://usps-authenticate.cf/authenticate/tkym9,46,1,1,1,0,0,0,0,0,1,3.8976,1,4,0.0217,0,phishing
https://binancezp-signin.ga/signin/bo2q5,40,1,2,1,1,0,0,0,0,1,4.0062,1,4,0.05,0,phishing
https://help.duolingo.net/careers,33,2,0,0,1,0,0,0,1,0,4.0289,1,3,0.0,0,safe
http://vlqbi.9ldhx9.hob.owmhe1u.hwijnqud.coinbase.gq/login,58,6,3,0,0,0,0,0,5,1,4.4633,1,3,0.0517,0,phishing
http://facebookkp-webscr.gq/webscr/x9wvl,40,1,1,1,0,0,0,0,0,1,4.3464,1,4,0.025,0,phishing
https://help.mozilla.io/,24,2,0,0,1,0,0,0,1,0,3.6887,1,3,0.0,0,safe
https://en.python.org/news/latest,33,2,0,0,1,0,0,0,1,0,3.7755,1,4,0.0,0,safe
http://tinyurl.com/z3wvq2w,26,1,2,0,0,0,0,0,0,0,4.2578,1,3,0.0769,1,phishing
https://218.54.65.80/netflix-confirm/c314kh.php,47,4,12,1,1,0,1,0,0,1,4.5702,1,4,0.2553,0,phishing
http://is.gd/t4gtgul,20,1,1,0,0,0,0,0,0,0,3.4464,1,3,0.05,1,phishing
https://stackoverflow.edu/help/contact,38,1,0,0,1,0,0,0,0,0,4.0933,1,4,0.0,0,safe
https://en.dropbox.net/news/latest,34,2,0,0,1,0,0,0,1,0,3.8192,1,4,0.0,0,safe
https://help.who.net/pricing,28,2,0,0,1,0,0,0,1,0,3.8424,1,3,0.0,0,safe
https://0xk4ku8.234dvx.7c4fl.ygus9l4a.wellsfargo.tk/alert,57,5,10,0,1,0,0,0,4,1,4.6006,1,3,0.1754,0,phishing
https://paypal-reset-password.gq/suspended/support-center/0dvyipnc?id=q32z67vrmq,80,1,5,3,1,0,0,0,0,5,4.6142,3,5,0.0625,0,phishing
https://irs.gov,15,1,0,0,1,0,0,0,0,0,3.5069,1,2,0.0,0,safe
http://outlook-unlock.top/signin/webscr/f1y7qudg?id=u1ikv8q7hb,62,1,5,1,0,0,0,0,0,3,4.6844,3,5,0.0806,0,phishing
https://en.notion.org/help/contact?ref=qd4x,43,2,1,0,1,0,0,0,1,0,4.255,3,4,0.0233,0,safe
https://www.duolingo.org/?ref=zft2,34,2,1,0,1,0,0,0,1,0,4.2928,3,3,0.0294,0,safe
https://tinyurl.com/8ot52cw,27,1,3,0,1,0,0,0,0,0,4.1343,1,3,0.1111,1,phishing
https://www.cloudflare.com/account/settings,43,2,0,0,1,0,0,0,1,1,4.1734,1,4,0.0,0,safe
https://microsoftol-support-center.tk/support-center/kvnlt,58,1,0,3,1,0,0,0,0,1,4.0024,1,4,0.0,0,phishing
https://en.stackoverflow.edu/news/latest,40,2,0,0,1,0,0,0,1,0,4.0414,1,4,0.0,0,safe
https://en.cloudflare.gov/news/latest,37,2,0,0,1,0,0,0,1,0,4.0876,1,4,0.0,0,safe
https://help.nytimes.org/pricing,32,2,0,0,1,0,0,0,1,0,3.9681,1,3,0.0,0,safe
https://oky.vzq13.gfzcu.obyqc5ao.apple.top/webscr,49,5,3,0,1,0,0,0,4,1,4.4744,1,3,0.0612,0,phishing
https://docs.harvard.gov/blog/2026/updates,42,2,4,0,1,0,0,0,1,1,4.2165,1,5,0.0952,0,safe
https://docs.nationalgeographic.io,34,2,0,0,1,0,0,0,1,0,3.962,1,2,0.0,0,safe
https://en.bbc.io/support/faq,29,2,0,0,1,0,0,0,1,1,3.9783,1,4,0.0,0,safe
https://docs.slack.edu/,23,2,0,0,1,0,0,0,1,0,3.7623,1,3,0.0,0,safe
https://help.duolingo.com/blog/2026/updates,43,2,4,0,1,0,0,0,1,1,4.2664,1,5,0.093,0,safe
https://docs.mit.io/about,25,2,0,0,1,0,0,0,1,0,3.7035,1,3,0.0,0,safe
https://help.cloudflare.edu/,28,2,0,0,1,0,0,0,1,0,3.8693,1,3,0.0,0,safe
https://68.30.41.75/instagram-account/6txt02.php,48,4,11,1,1,0,1,0,0,1,4.4804,1,4,0.2292,0,phishing
https://docs.slack.io/account/settings,38,2,0,0,1,0,0,0,1,1,3.8802,1,4,0.0,0,safe
https://en.dropbox.gov/docs/getting-started,43,2,0,1,1,0,0,0,1,0,4.0651,1,4,0.0,0,safe
http://12.132.36.242/netflix-authenticate/gira3y.php,52,4,11,1,0,0,1,0,0,1,4.3151,1,4,0.2115,0,phishing
http://tinyurl.com/0oi71ma,26,1,3,0,0,0,0,0,0,0,4.1039,1,3,0.1154,1,phishing
https://www.python.io/news/latest,33,2,0,0,1,0,0,0,1,0,3.7,1,4,0.0,0,safe
https://www.usps.com/docs/getting-started,41,2,0,1,1,0,0,0,1,0,4.0435,1,4,0.0,0,safe
https://169.215.47.194/amazon-support-center/ueozkj.php,55,4,11,2,1,0,1,0,0,1,4.5109,1,4,0.2,0,phishing
http://rb.gy/ks3bs7h,20,1,2,0,0,0,0,0,0,0,3.6842,1,3,0.1,1,phishing
https://www.who.net/help/contact?ref=25u3,41,2,3,0,1,0,0,0,1,0,4.2083,3,4,0.0732,0,safe
https://help.trello.io/help/contact?ref=5zx8,44,2,2,0,1,0,0,0,1,0,4.1896,3,4,0.0455,0,safe
http://cutt.ly/dxg93am,22,1,2,0,0,0,0,0,0,0,3.8797,1,3,0.0909,1,phishing
http://c0inbase-support-center.click/support-center/qc1y7,57,1,3,3,0,0,0,0,0,2,4.2451,1,4,0.0526,0,phishing
https://bankofamericax4-suspended.cf/suspended/v1lmi,52,1,2,1,1,0,0,0,0,1,4.4411,1,4,0.0385,0,phishing
https://help.wikipedia.com/careers?ref=9aft,43,2,1,0,1,0,0,0,1,0,4.2602,3,3,0.0233,0,safe
https://www.nasa.io/careers,27,2,0,0,1,0,0,0,1,0,3.7542,1,3,0.0,0,safe
http://95.48.111.67/instagram-suspended/sw6j0s.php,50,4,11,1,0,0,1,0,0,1,4.5015,1,4,0.22,0,phishing
https://un.io/support/faq,25,1,0,0,1,0,0,0,0,1,3.7035,1,4,0.0,0,safe
https://stackoverflow.com/support/faq,37,1,0,0,1,0,0,0,0,1,4.0876,1,4,0.0,0,safe
https://52.14.50.216/dhl-signin/w6kf4l.php,42,4,11,1,1,0,1,0,0,1,4.3088,1,4,0.2619,0,phishing
https://docs.github.io/help/contact,35,2,0,0,1,0,0,0,1,0,3.9329,1,4,0.0,0,safe
https://un.com/account/settings,31,1,0,0,1,0,0,0,0,1,3.7324,1,4,0.0,0,safe
https://36.14.78.119/binance-reset-password/4bct7m.php,54,4,11,2,1,0,1,0,0,2,4.5047,1,4,0.2037,0,phishing
http://ycxt.wig.7bla535.instagram.cf/secure,43,4,4,0,0,0,0,0,3,1,4.4434,1,3,0.093,0,phishing
https://cutt.ly/wbv8hau,23,1,1,0,1,0,0,0,0,0,3.7951,1,3,0.0435,1,phishing
https://help.bbc.com/support/faq?ref=sz0i,41,2,1,0,1,0,0,0,1,1,4.3451,3,4,0.0244,0,safe
http://dh1-confirm.click/confirm/x2kj2,38,1,3,1,0,0,0,0,0,2,4.2281,1,4,0.0789,0,phishing
https://127.33.228.74/facebook-billing/pa86s9.php,49,4,13,1,1,0,1,0,0,1,4.5789,1,4,0.2653,0,phishing
http://fedex-login.cf/suspended/reset-password/om8tnbi0?id=366mnhdld6,69,1,6,2,0,0,0,0,0,4,4.581,3,5,0.087,0,phishing
https://gjq.dixsvubd.sc6c9.5z3p.facebook.gq/alert,49,5,4,0,1,0,0,0,4,1,4.6631,1,3,0.0816,0,phishing
http://cutt.ly/j4h2svn,22,1,2,0,0,0,0,0,0,0,3.7888,1,3,0.0909,1,phishing
https://help.slack.edu/careers,30,2,0,0,1,0,0,0,1,0,3.7899,1,3,0.0,0,safe
https://stackoverflow.gov/en/home,33,1,0,0,1,0,0,0,0,0,4.0896,1,4,0.0,0,safe
http://rb.gy/4r9yn5s,20,1,3,0,0,0,0,0,0,0,3.7842,1,3,0.15,1,phishing
https://www.bbc.net/news/latest,31,2,0,0,1,0,0,0,1,0,3.5632,1,4,0.0,0,safe
https://www.spotify.org/en/home?ref=emu5,40,2,1,0,1,0,0,0,1,0,4.2153,3,4,0.025,0,safe
http://netf1ix-secure.gq/secure/fz4lf,37,1,2,1,0,0,0,0,0,1,4.2062,1,4,0.0541,0,phishing
https://www.who.org/pricing,27,2,0,0,1,0,0,0,1,0,3.6899,1,3,0.0,0,safe
https://netf1ix-authenticate.gq/authenticate/n17h1,50,1,4,1,1,0,0,0,0,1,3.9309,1,4,0.08,0,phishing
https://tinyurl.com/8hgon2d,27,1,2,0,1,0,0,0,0,0,4.1805,1,3,0.0741,1,phishing
https://help.airbnb.gov,23,2,0,0,1,0,0,0,1,0,4.0018,1,2,0.0,0,safe
http://53.34.141.12/apple-alert/pjwm8m.php,42,4,10,1,0,0,1,0,0,1,4.0823,1,4,0.2381,0,phishing
https://help.reuters.gov/products,33,2,0,0,1,0,0,0,1,0,3.8391,1,3,0.0,0,safe
http://binance-reset-password.gq/alert/webscr/7f3llw43?id=uqx9r4iyjc,68,1,6,2,0,0,0,0,0,4,4.7551,3,5,0.0882,0,phishing
https://wellsfargomv-account.xyz/account/r0cnm,46,1,1,1,1,0,0,0,0,1,4.3959,1,4,0.0217,0,phishing
https://help.usps.edu/account/settings,38,2,0,0,1,0,0,0,1,1,3.8405,1,4,0.0,0,safe
https://tinyurl.com/cz8iqv9,27,1,2,0,1,0,0,0,0,0,4.2545,1,3,0.0741,1,phishing
http://bit.ly/09ecmcn,21,1,2,0,0,0,0,0,0,0,3.8442,1,3,0.0952,1,phishing
https://help.mit.gov/help/contact,33,2,0,0,1,0,0,0,1,0,3.859,1,4,0.0,0,safe
https://6f82x.bpzr6.jhw25p7.rz0jm.o1cy.370sei.outlook.xyz/billing,65,7,12,0,1,0,0,0,6,1,4.8196,1,3,0.1846,0,phishing
http://6gcep9i.ledugp.rydg.tkjagp8.9kxplc9m.ey7h0o0a.amazon.cf/signin,69,7,8,0,0,0,0,0,6,1,4.657,1,3,0.1159,0,phishing
http://51.213.113.159/microsoft-update/1of3pm.php,49,4,13,1,0,0,1,0,0,1,4.2141,1,4,0.2653,0,phishing
https://www.slack.com/help/contact,34,2,0,0,1,0,0,0,1,0,3.83,1,4,0.0,0,safe
https://help.mozilla.gov/help/contact,37,2,0,0,1,0,0,0,1,0,3.9591,1,4,0.0,0,safe
http://faceb00k-login.ga/login/bz04c,36,1,4,1,0,0,0,0,0,1,4.2391,1,4,0.1111,0,phishing
http://instagram-update.top/secure/authenticate/update/alert/55irvj9r?id=hnxyr7atuc,83,1,4,1,0,0,0,0,0,4,4.357,3,7,0.0482,0,phishing
https://reuters.gov/en/home,27,1,0,0,1,0,0,0,0,0,3.6899,1,4,0.0,0,safe
http://dhl-unlock.cf/secure/suspended/xrqebyg1?id=zq3ab8ssv9,60,1,4,1,0,0,0,0,0,3,4.7679,3,5,0.0667,0,phishing
https://help.slack.net/blog/2026/updates,40,2,4,0,1,0,0,0,1,1,4.1562,1,5,0.1,0,safe
https://bit.ly/5hifkx5,22,1,2,0,1,0,0,0,0,0,3.7544,1,3,0.0909,1,phishing
https://help.un.net/blog/2026/updates?ref=b2y6,46,2,6,0,1,0,0,0,1,1,4.3688,3,5,0.1304,0,safe
https://www.cloudflare.net/docs/getting-started?ref=b3hn,56,2,1,1,1,0,0,0,1,0,4.396,3,4,0.0179,0,safe
http://149.153.232.236/facebook-update/v46e9p.php,49,4,15,1,0,0,1,0,0,1,4.3774,1,4,0.3061,0,phishing
http://fedexdf-signin.ga/signin/cjguj,37,1,0,1,0,0,0,0,0,1,4.0203,1,4,0.0,0,phishing
https://help.github.io,22,2,0,0,1,0,0,0,1,0,3.6635,1,2,0.0,0,safe
http://coinbase-signin.top/confirm/authenticate/account/6ufw0l7n?id=5s22se5nop,78,1,7,1,0,0,0,0,0,4,4.4982,3,6,0.0897,0,phishing
https://en.bbc.io/help/contact,30,2,0,0,1,0,0,0,1,0,3.7484,1,4,0.0,0,safe
https://17.108.179.91/facebook-secure/4o40is.php,48,4,13,1,1,0,1,0,0,1,4.3971,1,4,0.2708,0,phishing
https://en.khanacademy.edu/account/settings,43,2,0,0,1,0,0,0,1,1,4.0049,1,4,0.0,0,safe
http://microsoft-login.xyz/webscr/unlock/authenticate/b52muxyh?id=kjcwhnxzp3,76,1,3,1,0,0,0,0,0,4,4.7888,3,6,0.0395,0,phishing
https://docs.python.net/careers,31,2,0,0,1,0,0,0,1,0,3.7844,1,3,0.0,0,safe
https://www.npr.io/docs/getting-started,39,2,0,1,1,0,0,0,1,0,3.9772,1,4,0.0,0,safe
https://help.usps.edu/pricing,29,2,0,0,1,0,0,0,1,0,3.8404,1,3,0.0,0,safe
https://142.128.89.222/instagram-support-center/b7bw3e.php,58,4,13,2,1,0,1,0,0,1,4.4943,1,4,0.2241,0,phishing
https://npr.com/pricing,23,1,0,0,1,0,0,0,0,0,3.6753,1,3,0.0,0,safe
https://docs.usps.org/products,30,2,0,0,1,0,0,0,1,0,3.5526,1,3,0.0,0,safe
https://www.wikipedia.net/,26,2,0,0,1,0,0,0,1,0,3.6133,1,3,0.0,0,safe
http://104.194.124.160/icloud-authenticate/tac3n3.php,53,4,14,1,0,0,1,0,0,1,4.3075,1,4,0.2642,0,phishing
https://www.notion.edu/,23,2,0,0,1,0,0,0,1,0,3.6425,1,3,0.0,0,safe
https://help.github.org/,24,2,0,0,1,0,0,0,1,0,3.7406,1,3,0.0,0,safe
https://amazon-alert.ga/secure/verify/9hbbgql6?id=00dzlufu5u,60,1,5,1,1,0,0,0,0,3,4.7757,3,5,0.0833,0,phishing
https://docs.khanacademy.gov/help/contact?ref=zsy7,50,2,1,0,1,0,0,0,1,0,4.4235,3,4,0.02,0,safe
https://docs.spotify.io/pricing,31,2,0,0,1,0,0,0,1,0,3.8002,1,3,0.0,0,safe
https://www.nationalgeographic.com/support/faq,46,2,0,0,1,0,0,0,1,1,4.2028,1,4,0.0,0,safe
https://npr.net/,16,1,0,0,1,0,0,0,0,0,3.1556,1,3,0.0,0,safe
https://help.stackoverflow.io/support/faq,41,2,0,0,1,0,0,0,1,1,4.1196,1,4,0.0,0,safe
https://bbc.gov/,16,1,0,0,1,0,0,0,0,0,3.4528,1,3,0.0,0,safe
https://www.mit.org/careers,27,2,0,0,1,0,0,0,1,0,3.8282,1,3,0.0,0,safe
https://help.mozilla.gov/pricing,32,2,0,0,1,0,0,0,1,0,4.0931,1,3,0.0,0,safe
https://bit.ly/isv2zep,22,1,1,0,1,0,0,0,0,0,3.7544,1,3,0.0455,1,phishing
https://bit.ly/39wkxq6,22,1,3,0,1,0,0,0,0,0,4.0272,1,3,0.1364,1,phishing
https://90.155.5.230/apple-account/pg35uz.php,45,4,11,1,1,0,1,0,0,1,4.2415,1,4,0.2444,0,phishing
https://mit.edu/docs/getting-started,36,1,0,1,1,0,0,0,0,0,3.8945,1,4,0.0,0,safe
https://131.121.247.142/icloud-authenticate/1hldij.php,54,4,13,1,1,0,1,0,0,1,4.2848,1,4,0.2407,0,phishing
http://apple-account.ga/webscr/secure/bxnlqe8o?id=iwl2ykxjck,60,1,2,1,0,0,0,0,0,3,4.6761,3,5,0.0333,0,phishing
http://bankofamerica-reset-password.click/account/reset-password/jcfmdyq1?id=hjy5hf0mnx,87,1,3,3,0,0,0,0,0,4,4.7159,3,5,0.0345,0,phishing
http://bit.ly/kx82l7s,21,1,3,0,0,0,0,0,0,0,3.8442,1,3,0.1429,1,phishing
https://help.stackoverflow.gov/news/latest,42,2,0,0,1,0,0,0,1,0,4.0323,1,4,0.0,0,safe
https://amaz0n-update.xyz/update/bdey7,38,1,2,1,1,0,0,0,0,1,4.0831,1,4,0.0526,0,phishing
https://docs.harvard.io/news/latest?ref=ppd7,44,2,1,0,1,0,0,0,1,0,4.2373,3,4,0.0227,0,safe
https://docs.irs.edu,20,2,0,0,1,0,0,0,1,0,3.6842,1,2,0.0,0,safe
https://help.coursera.org/support/faq,37,2,0,0,1,0,0,0,1,1,3.905,1,4,0.0,0,safe
https://help.bbc.com/docs/getting-started?ref=yatc,50,2,0,1,1,0,0,0,1,0,4.3157,3,4,0.0,0,safe
http://bit.ly/srgyezz,21,1,0,0,0,0,0,0,0,0,3.749,1,3,0.0,1,phishing
https://docs.dropbox.net/pricing,32,2,0,0,1,0,0,0,1,0,3.9681,1,3,0.0,0,safe
https://help.slack.com/pricing,30,2,0,0,1,0,0,0,1,0,4.0314,1,3,0.0,0,safe
https://en.who.gov/careers,26,2,0,0,1,0,0,0,1,0,3.8731,1,3,0.0,0,safe
http://paypal-alert.info/login/support-center/authenticate/secure/2lnt9o7o?id=uxp7i9bsaw,88,1,5,2,0,0,0,0,0,6,4.4686,3,7,0.0568,0,phishing
http://927sc.gt5gq.673.weuzki.paypal.ml/reset-password,54,5,7,1,0,0,0,0,4,3,4.6461,1,3,0.1296,0,phishing
http://113.66.232.173/amazon-update/2ldwxu.php,46,4,12,1,0,0,1,0,0,1,4.3111,1,4,0.2609,0,phishing
https://outlook67-update.xyz/update/wkkj2,41,1,3,1,1,0,0,0,0,1,4.269,1,4,0.0732,0,phishing
https://jne.ybc513.lacers.4mrbrmp2.c19.5odsxfx3.instagram.click/secure,70,7,9,0,1,0,0,0,6,2,4.6521,1,3,0.1286,0,phishing
http://0ca7.8tmfmr3.hbxn.77ogkat.binance.top/secure,51,5,6,0,0,0,0,0,4,1,4.4225,1,3,0.1176,0,phishing
http://bank0famerica-recover.xyz/recover/9z7zo,46,1,3,1,0,0,0,0,0,1,4.3445,1,4,0.0652,0,phishing
http://254.253.27.230/facebook-confirm/b86zkp.php,49,4,13,1,0,0,1,0,0,1,4.5381,1,4,0.2653,0,phishing
http://ic10ud-verify.ml/verify/m9ohb,36,1,3,1,0,0,0,0,0,1,4.3712,1,4,0.0833,0,phishing
http://k89i30o.nq1ox.g87z8m.r4o3s.3ht2l.apple.click/confirm,59,6,12,0,0,0,0,0,5,2,4.67,1,3,0.2034,0,phishing
https://help.irs.com?ref=g2wo,29,2,1,0,1,0,0,0,1,0,4.2373,3,2,0.0345,0,safe
http://outlook-authenticate.xyz/secure/secure/31eucsjd?id=u9y6w023et,68,1,7,1,0,0,0,0,0,2,4.5833,3,5,0.1029,0,phishing
https://usps-alert.click/confirm/account/unlock/m6jer1kk?id=klk7om7fm6,70,1,5,1,1,0,0,0,0,5,4.4964,3,6,0.0714,0,phishing
https://www.reuters.com/en/home,31,2,0,0,1,0,0,0,1,0,3.7442,1,4,0.0,0,safe
http://wellsfargo-verify.ml/verify/login/update/update/ymrhay31?id=74echstff1,77,1,5,1,0,0,0,0,0,3,4.622,3,7,0.0649,0,phishing
http://dhl-confirm.gq/suspended/account/login/uefizeae?id=i7j45uywm9,68,1,4,1,0,0,0,0,0,4,4.7199,3,6,0.0588,0,phishing
https://googlezo-recover.info/recover/p3j0l,43,1,2,1,1,0,0,0,0,1,4.1444,1,4,0.0465,0,phishing
https://en.spotify.org/docs/getting-started,43,2,0,1,1,0,0,0,1,0,3.9864,1,4,0.0,0,safe
https://uspsj8-unlock.gq/unlock/0y67a,37,1,4,1,1,0,0,0,0,1,4.3578,1,4,0.1081,0,phishing
https://55.194.152.212/facebook-recover/itfmm5.php,50,4,12,1,1,0,1,0,0,1,4.3933,1,4,0.24,0,phishing
https://outlook-webscr.ml/webscr/support-center/reset-password/cwg5ppbe?id=dwxfy9mpe5,85,1,3,3,1,0,0,0,0,4,4.488,3,6,0.0353,0,phishing
http://71.168.223.189/facebook-confirm/6mdma0.php,49,4,13,1,0,0,1,0,0,1,4.5735,1,4,0.2653,0,phishing
https://fedex-secure.gq/secure/5fyj8,36,1,2,1,1,0,0,0,0,1,4.107,1,4,0.0556,0,phishing
https://www.figma.net/about,27,2,0,0,1,0,0,0,1,0,3.9582,1,3,0.0,0,safe
http://coinbase-secure.gq/webscr/unlock/webscr/xu7tjkwl?id=32y7w3vx1s,69,1,6,1,0,0,0,0,0,3,4.7555,3,6,0.087,0,phishing
http://outlook-reset-password.ml/login/suspended/qqye1pul?id=v4q444rp2k,71,1,6,2,0,0,0,0,0,4,4.5679,3,5,0.0845,0,phishing
https://14.82.186.118/google-support-center/hf78z1.php,54,4,13,2,1,0,1,0,0,1,4.32,1,4,0.2407,0,phishing
https://www.coursera.com,24,2,0,0,1,0,0,0,1,0,3.8035,1,2,0.0,0,safe
http://195.232.23.122/icloud-verify/q8ffpg.php,46,4,12,1,0,0,1,0,0,1,4.4287,1,4,0.2609,0,phishing
https://fedex-confirm.tk/reset-password/secure/xwt51f19?id=dy6cpctbau,69,1,5,2,1,0,0,0,0,4,4.6049,3,5,0.0725,0,phishing
https://en.duolingo.io/account/settings,39,2,0,0,1,0,0,0,1,1,3.8721,1,4,0.0,0,safe
http://dhl-webscr.tk/confirm/support-center/account/ju4x8q7p?id=znh2cgn698,74,1,7,2,0,0,0,0,0,4,4.8154,3,6,0.0946,0,phishing
https://docs.reuters.io,23,2,0,0,1,0,0,0,1,0,3.6753,1,2,0.0,0,safe
https://www.mit.org/docs/getting-started,40,2,0,1,1,0,0,0,1,0,3.974,1,4,0.0,0,safe
https://help.python.com/help/contact,36,2,0,0,1,0,0,0,1,0,3.6944,1,4,0.0,0,safe
http://google-verify.tk/verify/billing/s4efldi4?id=nbio7xvgij,61,1,3,1,0,0,0,0,0,2,4.445,3,5,0.0492,0,phishing
http://paypal-account.top/authenticate/reset-password/t4q2zvcb?id=qf66v1zqnc,76,1,5,2,0,0,0,0,0,5,4.6178,3,5,0.0658,0,phishing
https://docs.nationalgeographic.org/pricing,43,2,0,0,1,0,0,0,1,0,3.9545,1,3,0.0,0,safe
https://www.mit.edu/support/faq,31,2,0,0,1,0,0,0,1,1,3.9378,1,4,0.0,0,safe
https://www.coursera.io/,24,2,0,0,1,0,0,0,1,0,3.7721,1,3,0.0,0,safe
http://dhlzy-unlock.tk/unlock/2iozy,35,1,1,1,0,0,0,0,0,1,4.0144,1,4,0.0286,0,phishing
https://is.gd/fq8r8kk,21,1,2,0,1,0,0,0,0,0,3.7849,1,3,0.0952,1,phishing
https://docs.nytimes.io/careers?ref=uily,40,2,0,0,1,0,0,0,1,0,4.2464,3,3,0.0,0,safe
https://help.un.gov/products,28,2,0,0,1,0,0,0,1,0,3.9408,1,3,0.0,0,safe
https://docs.notion.io/help/contact,35,2,0,0,1,0,0,0,1,0,3.6799,1,4,0.0,0,safe
http://cutt.ly/5dh5mkb,22,1,2,0,0,0,0,0,0,0,3.6978,1,3,0.0909,1,phishing
https://www.usps.gov/,21,2,0,0,1,0,0,0,1,0,3.4273,1,3,0.0,0,safe
https://wikipedia.com/news/latest,33,1,0,0,1,0,0,0,0,0,3.9455,1,4,0.0,0,safe
http://173.116.8.73/fedex-account/rvwqk9.php,44,4,10,1,0,0,1,0,0,1,4.5443,1,4,0.2273,0,phishing
http://dyemqxz.38rzb.u612rym8.a2jm.hd8dj0.yzi.usps.tk/unlock,60,7,9,0,0,0,0,0,6,1,4.712,1,3,0.15,0,phishing
https://ykoyid.osj.q65.obj6zi.coinbase.gq/account,49,5,3,0,1,0,0,0,4,1,4.3699,1,3,0.0612,0,phishing
https://en.wikipedia.net/account/settings,41,2,0,0,1,0,0,0,1,1,3.8877,1,4,0.0,0,safe
https://docs.slack.gov/about?ref=9da9,37,2,2,0,1,0,0,0,1,0,4.3507,3,3,0.0541,0,safe
https://help.nytimes.net/news/latest,36,2,0,0,1,0,0,0,1,0,3.6179,1,4,0.0,0,safe
http://cx7tz.6frrc6d.v6zk.cw2qq.b91nl.xpuj2.google.ml/alert,59,7,8,0,0,0,0,0,6,1,4.6848,1,3,0.1356,0,phishing
https://en.mozilla.gov/blog/2026/updates,40,2,4,0,1,0,0,0,1,1,4.3251,1,5,0.1,0,safe
http://nefbh.u6txz2of.4dce.3rmf2x0b.google.click/secure,55,5,6,0,0,0,0,0,4,2,4.577,1,3,0.1091,0,phishing
https://www.stackoverflow.gov/careers,37,2,0,0,1,0,0,0,1,0,4.006,1,3,0.0,0,safe
https://en.duolingo.io/blog/2026/updates,40,2,4,0,1,0,0,0,1,1,4.1628,1,5,0.1,0,safe
https://help.slack.io/about,27,2,0,0,1,0,0,0,1,0,3.8842,1,3,0.0,0,safe
https://mozilla.net/support/faq,31,1,0,0,1,0,0,0,0,1,4.0266,1,4,0.0,0,safe
https://docs.cloudflare.org/docs/getting-started,48,2,0,1,1,0,0,0,1,0,4.0739,1,4,0.0,0,safe
http://rb.gy/ufcarqm,20,1,0,0,0,0,0,0,0,0,3.8842,1,3,0.0,1,phishing
https://is.gd/k1fkauj,21,1,1,0,1,0,0,0,0,0,3.8802,1,3,0.0476,1,phishing
https://11.61.179.89/fedex-support-center/90de3d.php,52,4,12,2,1,0,1,0,0,1,4.3018,1,4,0.2308,0,phishing
https://www.airbnb.io/news/latest,33,2,0,0,1,0,0,0,1,0,3.8094,1,4,0.0,0,safe
http://binance-verify.cf/unlock/suspended/reset-password/authenticate/6sq04sbo?id=11tbe1niu4,92,1,7,2,0,0,0,0,0,6,4.5847,3,7,0.0761,0,phishing
https://en.nasa.gov/?ref=pxjp,29,2,0,0,1,0,0,0,1,0,4.1163,3,3,0.0,0,safe
http://k12w.e9cw.zpfcfb.amazon.gq/secure,40,4,3,0,0,0,0,0,3,1,4.4653,1,3,0.075,0,phishing
http://vxv.1k5.9hd.me8xsr.8d1y2yr1.wellsfargo.ga/account,56,6,8,0,0,0,0,0,5,1,4.6773,1,3,0.1429,0,phishing
https://rb.gy/77jw6h2,21,1,4,0,1,0,0,0,0,0,3.8802,1,3,0.1905,1,phishing
https://en.github.edu/docs/getting-started,42,2,0,1,1,0,0,0,1,0,3.9657,1,4,0.0,0,safe
http://coinbasexx-account.top/account/mrq8l,43,1,1,1,0,0,0,0,0,1,4.1535,1,4,0.0233,0,phishing
https://docs.nationalgeographic.gov/news/latest,47,2,0,0,1,0,0,0,1,0,4.0679,1,4,0.0,0,safe
https://en.cloudflare.net/docs/getting-started,46,2,0,1,1,0,0,0,1,0,4.0556,1,4,0.0,0,safe
https://docs.stackoverflow.net/en/home,38,2,0,0,1,0,0,0,1,0,4.0702,1,4,0.0,0,safe
https://coinbase-login.info/alert/recover/z81nqury?id=rklb0jvv7p,64,1,4,1,1,0,0,0,0,3,4.7581,3,5,0.0625,0,phishing
https://en.usps.gov/pricing,27,2,0,0,1,0,0,0,1,0,3.8562,1,3,0.0,0,safe
https://duolingo.gov/,21,1,0,0,1,0,0,0,0,0,3.749,1,3,0.0,0,safe
https://help.github.org/products,32,2,0,0,1,0,0,0,1,0,3.9292,1,3,0.0,0,safe
https://nationalgeographic.edu/blog/2026/updates,48,1,4,0,1,0,0,0,0,1,4.2802,1,5,0.0833,0,safe
http://paypal-account.top/login/signin/unlock/account/gfsb9z7i?id=vauijsyibm,76,1,2,1,0,0,0,0,0,5,4.4648,3,7,0.0263,0,phishing
https://en.harvard.net/account/settings?ref=tuql,48,2,0,0,1,0,0,0,1,1,4.2117,3,4,0.0,0,safe
http://bankofamerica-alert.tk/recover/confirm/signin/reset-password/d153h9um?id=zag4sobqdk,90,1,5,2,0,0,0,0,0,6,4.7249,3,7,0.0556,0,phishing
http://g00g1e-update.ml/update/bk97m,36,1,5,1,0,0,0,0,0,1,4.128,1,4,0.1389,0,phishing
https://we11sfarg0-suspended.top/suspended/r3t8t,48,1,5,1,1,0,0,0,0,1,4.1114,1,4,0.1042,0,phishing
https://coursera.io/blog/2026/updates,37,1,4,0,1,0,0,0,0,1,4.1858,1,5,0.1081,0,safe
https://docs.figma.edu/en/home,30,2,0,0,1,0,0,0,1,0,4.0151,1,4,0.0,0,safe
http://apple-reset-password.gq/support-center/update/suspended/login/iquk24cx?id=c84vvcu1kq,91,1,5,3,0,0,0,0,0,6,4.5691,3,7,0.0549,0,phishing
https://www.wikipedia.io/account/settings,41,2,0,0,1,0,0,0,1,1,3.9435,1,4,0.0,0,safe
https://docs.figma.org/,23,2,0,0,1,0,0,0,1,0,3.882,1,3,0.0,0,safe
https://help.python.org/docs/getting-started,44,2,0,1,1,0,0,0,1,0,4.0008,1,4,0.0,0,safe
https://help.harvard.gov/docs/getting-started,45,2,0,1,1,0,0,0,1,0,4.052,1,4,0.0,0,safe
https://oio11.6wc.zfd93c.ly5h6km.outlook.info/alert,51,5,7,0,1,0,0,0,4,1,4.5228,1,3,0.1373,0,phishing
https://help.airbnb.net/about,29,2,0,0,1,0,0,0,1,0,3.8404,1,3,0.0,0,safe
https://en.mit.gov/pricing,26,2,0,0,1,0,0,0,1,0,3.8441,1,3,0.0,0,safe
https://netflix-verify.info/authenticate/recover/update/unpyjjpp?id=nyr1wrt1xj,78,1,2,1,1,0,0,0,0,4,4.4473,3,6,0.0256,0,phishing
https://help.un.com/,20,2,0,0,1,0,0,0,1,0,3.6842,1,3,0.0,0,safe
https://en.nytimes.net/products,31,2,0,0,1,0,0,0,1,0,3.8371,1,3,0.0,0,safe
http://is.gd/dccrc0x,20,1,1,0,0,0,0,0,0,0,3.6464,1,3,0.05,1,phishing
http://rby.k1zsl.2oxej5.wellsfargo.ga/signin,44,4,3,0,0,0,0,0,3,1,4.5272,1,3,0.0682,0,phishing
https://stackoverflow.gov/pricing,33,1,0,0,1,0,0,0,0,0,4.1879,1,3,0.0,0,safe
https://en.duolingo.org/docs/getting-started,44,2,0,1,1,0,0,0,1,0,3.9929,1,4,0.0,0,safe
http://213.219.57.163/apple-confirm/pd1k48.php,46,4,14,1,0,0,1,0,0,1,4.4907,1,4,0.3043,0,phishing
http://fedex-confirm.tk/billing/suspended/update/yzkjfmh0?id=5a6dxz9x0z,71,1,5,1,0,0,0,0,0,4,4.7638,3,6,0.0704,0,phishing
https://help.duolingo.io/pricing,32,2,0,0,1,0,0,0,1,0,3.9292,1,3,0.0,0,safe
https://harvard.org/about,25,1,0,0,1,0,0,0,0,0,3.7231,1,3,0.0,0,safe
https://www.figma.gov/news/latest,33,2,0,0,1,0,0,0,1,0,3.9306,1,4,0.0,0,safe
http://rb.gy/l2ruqnb,20,1,1,0,0,0,0,0,0,0,3.7842,1,3,0.05,1,phishing
http://154.49.197.61/outlook-suspended/l2fuqb.php,49,4,11,1,0,0,1,0,0,1,4.451,1,4,0.2245,0,phishing
http://icloud-authenticate.click/confirm/secure/confirm/login/5krdn4wf?id=n508q7htgy,84,1,6,1,0,0,0,0,0,5,4.6334,3,7,0.0714,0,phishing
http://117.102.46.190/apple-authenticate/gbzk0l.php,51,4,12,1,0,0,1,0,0,1,4.3344,1,4,0.2353,0,phishing
http://bit.ly/hf5pece,21,1,1,0,0,0,0,0,0,0,3.6538,1,3,0.0476,1,phishing
https://help.trello.org/help/contact,36,2,0,0,1,0,0,0,1,0,3.708,1,4,0.0,0,safe
https://docs.spotify.net/account/settings,41,2,0,0,1,0,0,0,1,1,3.8569,1,4,0.0,0,safe
https://who.com/help/contact,28,1,0,0,1,0,0,0,0,0,3.655,1,4,0.0,0,safe
https://docs.nationalgeographic.edu/about,41,2,0,0,1,0,0,0,1,0,4.1196,1,3,0.0,0,safe
https://dropbox.io/pricing,26,1,0,0,1,0,0,0,0,0,3.8151,1,3,0.0,0,safe
https://cutt.ly/n1qwp7a,23,1,2,0,1,0,0,0,0,0,3.882,1,3,0.087,1,phishing
https://www.duolingo.net/pricing,32,2,0,0,1,0,0,0,1,0,4.007,1,3,0.0,0,safe
https://docs.nasa.gov/pricing,29,2,0,0,1,0,0,0,1,0,3.9094,1,3,0.0,0,safe
https://en.dropbox.com/about,28,2,0,0,1,0,0,0,1,0,3.9677,1,3,0.0,0,safe
https://docs.bbc.gov/account/settings,37,2,0,0,1,0,0,0,1,1,3.9023,1,4,0.0,0,safe
https://help.khanacademy.net/careers,36,2,0,0,1,0,0,0,1,0,3.8956,1,3,0.0,0,safe
http://207.105.71.203/amazon-unlock/g4ksed.php,46,4,12,1,0,0,1,0,0,1,4.5777,1,4,0.2609,0,phishing
http://e3ob6f6f.jsjrhk1o.5xki6.6ojbo5q9.blo.fedex.info/confirm,62,6,9,0,0,0,0,0,5,1,4.4615,1,3,0.1452,0,phishing
https://en.slack.org/,21,2,0,0,1,0,0,0,1,0,3.8802,1,3,0.0,0,safe
https://khanacademy.io/about,28,1,0,0,1,0,0,0,0,0,4.0391,1,3,0.0,0,safe
http://bank0famerica-reset-password.xyz/reset-password/bleeh,60,1,1,3,0,0,0,0,0,2,4.3421,1,4,0.0167,0,phishing
https://en.dropbox.io/support/faq?ref=7qhm,42,2,1,0,1,0,0,0,1,1,4.3088,3,4,0.0238,0,safe
https://en.irs.edu/docs/getting-started,39,2,0,1,1,0,0,0,1,0,3.894,1,4,0.0,0,safe
http://144.58.213.69/fedex-alert/2fa0l8.php,43,4,13,1,0,0,1,0,0,1,4.3503,1,4,0.3023,0,phishing
https://help.nytimes.gov/blog/2026/updates,42,2,4,0,1,0,0,0,1,1,4.3001,1,5,0.0952,0,safe
http://paypal-account.info/verify/login/o67xmehw?id=rp48gx5pqf,62,1,5,1,0,0,0,0,0,4,4.7568,3,5,0.0806,0,phishing
https://www.mit.org/news/latest,31,2,0,0,1,0,0,0,1,0,3.7811,1,4,0.0,0,safe
https://tinyurl.com/55p9afk,27,1,3,0,1,0,0,0,0,0,4.2545,1,3,0.1111,1,phishing
https://www.stackoverflow.io,28,2,0,0,1,0,0,0,1,0,3.9677,1,2,0.0,0,safe
https://docs.airbnb.com/products,32,2,0,0,1,0,0,0,1,0,3.9445,1,3,0.0,0,safe
http://icloud-login.ga/support-center/account/1toldx6y?id=2krx4gxx2m,68,1,5,2,0,0,0,0,0,3,4.6056,3,5,0.0735,0,phishing
http://chase-verify.cf/verify/iof7j,35,1,1,1,0,0,0,0,0,1,4.0576,1,4,0.0286,0,phishing
http://4uj6z.ygjb1.2ob.k8r.irdmk.gewovwau.bankofamerica.ml/webscr,65,7,5,0,0,0,0,0,6,1,4.7273,1,3,0.0769,0,phishing
https://tinyurl.com/yjihpvc,27,1,0,0,1,0,0,0,0,0,4.0323,1,3,0.0,1,phishing
https://y58.mr6d9u.qz0.amazon.click/login,41,4,5,0,1,0,0,0,3,2,4.6074,1,3,0.122,0,phishing
https://docs.harvard.gov/support/faq,36,2,0,0,1,0,0,0,1,1,3.933,1,4,0.0,0,safe
https://mit.org/docs/getting-started,36,1,0,1,1,0,0,0,0,0,3.8599,1,4,0.0,0,safe
https://docs.who.gov/news/latest?ref=k5ag,41,2,1,0,1,0,0,0,1,0,4.2963,3,4,0.0244,0,safe
http://vco.81q6sitv.69efsw28.3c2fwlp.usps.gq/secure,51,5,9,0,0,0,0,0,4,1,4.4373,1,3,0.1765,0,phishing
http://is.gd/qcslfdn,20,1,0,0,0,0,0,0,0,0,3.7842,1,3,0.0,1,phishing
https://en.bbc.edu/help/contact,31,2,0,0,1,0,0,0,1,0,3.8087,1,4,0.0,0,safe
http://is.gd/1rmmh1f,20,1,2,0,0,0,0,0,0,0,3.6842,1,3,0.1,1,phishing
http://cutt.ly/sqnk0fq,22,1,1,0,0,0,0,0,0,0,3.7888,1,3,0.0455,1,phishing
http://outlookyp-alert.xyz/alert/pfby4,38,1,1,1,0,0,0,0,0,1,4.0735,1,4,0.0263,0,phishing
http://is.gd/lnadils,20,1,0,0,0,0,0,0,0,0,3.5842,1,3,0.0,1,phishing
https://who.com/pricing?ref=tymw,32,1,0,0,1,0,0,0,0,0,4.2028,3,3,0.0,0,safe
http://t3c5jyc.k3u4601m.6bwn5m.d97jmmc.3bf8ks3.d3xg7z.bankofamerica.ga/authenticate,83,7,16,0,0,0,0,0,6,1,4.8175,1,3,0.1928,0,phishing
http://96.237.82.74/wellsfargo-alert/sbvt5u.php,47,4,10,1,0,0,1,0,0,1,4.5437,1,4,0.2128,0,phishing
https://www.usps.com/blog/2026/updates,38,2,4,0,1,0,0,0,1,1,4.146,1,5,0.1053,0,safe
https://usps-webscr.gq/webscr/4ey5j,35,1,2,1,1,0,0,0,0,1,4.0903,1,4,0.0571,0,phishing
http://cutt.ly/gi3lz2a,22,1,2,0,0,0,0,0,0,0,3.7888,1,3,0.0909,1,phishing
https://outlook-billing.click/authenticate/suspended/cen5r9z5?id=9i1o5yiqze,75,1,6,1,1,0,0,0,0,4,4.5581,3,5,0.08,0,phishing
https://docs.notion.gov/support/faq,35,2,0,0,1,0,0,0,1,1,3.9544,1,4,0.0,0,safe
https://we11sfarg0-unlock.ga/unlock/1jlem,41,1,4,1,1,0,0,0,0,1,4.4427,1,4,0.0976,0,phishing
https://docs.stackoverflow.net/en/home,38,2,0,0,1,0,0,0,1,0,4.0702,1,4,0.0,0,safe
http://tinyurl.com/90mqlaf,26,1,2,0,0,0,0,0,0,0,4.1808,1,3,0.0769,1,phishing
http://google-webscr.tk/alert/alert/5mke5wdo?id=0flcjvem74,58,1,5,1,0,0,0,0,0,2,4.6125,3,5,0.0862,0,phishing
http://56e.a5h.x4gtwgt.wgrwu8m.5ny9c3l.paypal.info/update,57,6,8,0,0,0,0,0,5,2,4.5322,1,3,0.1404,0,phishing
https://e0z1c.8hlni579.r5c9y.apple.cf/account,45,4,8,0,1,0,0,0,3,1,4.428,1,3,0.1778,0,phishing
http://binance-confirm.tk/account/billing/mv2n54wa?id=fliijbeon2,64,1,4,1,0,0,0,0,0,3,4.5323,3,5,0.0625,0,phishing
https://duolingo.org/blog/2026/updates?ref=rnkk,47,1,4,0,1,0,0,0,0,1,4.4509,3,5,0.0851,0,safe
http://rb.gy/tx05ekf,20,1,2,0,0,0,0,0,0,0,3.8464,1,3,0.1,1,phishing
https://nasa.gov/account/settings,33,1,0,0,1,0,0,0,0,1,3.7377,1,4,0.0,0,safe
https://trello.com/products,27,1,0,0,1,0,0,0,0,0,3.736,1,3,0.0,0,safe
https://docs.nationalgeographic.com/?ref=0kx9,45,2,2,0,1,0,0,0,1,0,4.4914,3,3,0.0444,0,safe
http://224.57.112.17/chase-verify/5tu3qg.php,44,4,12,1,0,0,1,0,0,1,4.4191,1,4,0.2727,0,phishing
https://binance-signin.xyz/suspended/login/support-center/ntofthqk?id=ewqtcz3yjt,80,1,1,2,1,0,0,0,0,4,4.5656,3,6,0.0125,0,phishing
https://www.duolingo.io/products?ref=yj8n,41,2,1,0,1,0,0,0,1,0,4.4243,3,3,0.0244,0,safe
https://help.mit.com/account/settings?ref=a373,46,2,3,0,1,0,0,0,1,1,4.3111,3,4,0.0652,1,safe
https://docs.nytimes.org/news/latest,36,2,0,0,1,0,0,0,1,0,4.004,1,4,0.0,0,safe
https://www.nytimes.gov/support/faq,35,2,0,0,1,0,0,0,1,1,4.1503,1,4,0.0,0,safe
https://help.who.com/products,29,2,0,0,1,0,0,0,1,0,3.8313,1,3,0.0,0,safe
https://docs.duolingo.edu/about,31,2,0,0,1,0,0,0,1,0,3.9536,1,3,0.0,0,safe
https://en.nasa.org/about,25,2,0,0,1,0,0,0,1,0,3.7533,1,3,0.0,0,safe
https://en.airbnb.gov/about,27,2,0,0,1,0,0,0,1,0,3.9303,1,3,0.0,0,safe
https://en.figma.org/en/home,28,2,0,0,1,0,0,0,1,0,3.8518,1,4,0.0,0,safe
https://un.net/account/settings,31,1,0,0,1,0,0,0,0,1,3.5908,1,4,0.0,0,safe
http://paypal-suspended.info/verify/recover/vpermrre?id=yfxcl929j0,66,1,4,1,0,0,0,0,0,4,4.5572,3,5,0.0606,0,phishing
https://wme8c.o8s9.0fttqo.o2oycd6v.vo3t2z.g7nq.wellsfargo.ga/confirm,68,7,9,0,1,0,0,0,6,1,4.6656,1,3,0.1324,0,phishing
http://5mjmu5.5qlg.tjaqlc2p.qhx63e.amazon.top/confirm,53,5,6,0,0,0,0,0,4,1,4.48,1,3,0.1132,0,phishing
https://www.trello.org/en/home,30,2,0,0,1,0,0,0,1,0,3.7396,1,4,0.0,0,safe
http://netflix-login.top/verify/billing/support-center/nqgz48gj?id=356kleakf5,77,1,6,2,0,0,0,0,0,4,4.7392,3,6,0.0779,0,phishing
https://www.duolingo.gov/products,33,2,0,0,1,0,0,0,1,0,4.0061,1,3,0.0,0,safe
https://docs.nytimes.gov/about,30,2,0,0,1,0,0,0,1,0,4.0981,1,3,0.0,0,safe
http://icloud-recover.ga/billing/update/reset-password/confirm/b4b3gcs7?id=571bewd6op,85,1,7,2,0,0,0,0,0,6,4.6933,3,7,0.0824,0,phishing
https://docs.mit.net/support/faq,32,2,0,0,1,0,0,0,1,1,3.965,1,4,0.0,0,safe
http://bankofamerica-authenticate.top/authenticate/unlock/n1wmftur?id=x09hxc8ugs,80,1,4,1,0,0,0,0,0,2,4.526,3,5,0.05,0,phishing
https://en.nytimes.com/help/contact?ref=3x80,44,2,3,0,1,0,0,0,1,0,4.3431,3,4,0.0682,0,safe
http://appled9-reset-password.ga/reset-password/p1yfy,53,1,2,3,0,0,0,0,0,2,4.0272,1,4,0.0377,0,phishing
https://docs.duolingo.org/news/latest,37,2,0,0,1,0,0,0,1,0,4.0203,1,4,0.0,0,safe
https://help.un.gov/blog/2026/updates,37,2,4,0,1,0,0,0,1,1,4.1522,1,5,0.1081,0,safe
https://help.figma.org/pricing,30,2,0,0,1,0,0,0,1,0,4.0062,1,3,0.0,0,safe
http://dh1-verify.top/verify/yeyct,34,1,1,1,0,0,0,0,0,1,3.8888,1,4,0.0294,0,phishing
http://we11sfarg0-confirm.top/confirm/7h53p,43,1,6,1,0,0,0,0,0,1,4.4083,1,4,0.1395,0,phishing
https://docs.stackoverflow.edu/blog/2026/updates?ref=orag,57,2,4,0,1,0,0,0,1,1,4.4735,3,5,0.0702,0,safe
http://is.gd/172mia3,20,1,4,0,0,0,0,0,0,0,3.8842,1,3,0.2,1,phishing
https://en.dropbox.com,22,2,0,0,1,0,0,0,1,0,3.8797,1,2,0.0,0,safe
https://help.nasa.edu/pricing,29,2,0,0,1,0,0,0,1,0,3.9783,1,3,0.0,0,safe
https://0ut100k-verify.ml/verify/ane8t,38,1,5,1,1,0,0,0,0,1,4.3135,1,4,0.1316,0,phishing
https://docs.un.com/account/settings,36,2,0,0,1,0,0,0,1,1,3.8055,1,4,0.0,0,safe
http://bit.ly/wwwvour,21,1,0,0,0,0,0,0,0,0,3.713,1,3,0.0,1,phishing
https://en.duolingo.com/blog/2026/updates?ref=s4vd,50,2,5,0,1,0,0,0,1,1,4.5913,3,5,0.1,0,safe
http://140.250.126.60/dhl-billing/xih7by.php,44,4,12,1,0,0,1,0,0,1,4.2544,1,4,0.2727,0,phishing
http://jha.erlh.vh6836.apple.ml/unlock,38,4,4,0,0,0,0,0,3,1,4.1556,1,3,0.1053,0,phishing
https://help.npr.io/about,25,2,0,0,1,0,0,0,1,0,3.8333,1,3,0.0,0,safe
https://dropbox.net/news/latest,31,1,0,0,1,0,0,0,0,0,3.8213,1,4,0.0,0,safe
https://www.airbnb.io,21,2,0,0,1,0,0,0,1,0,3.6897,1,2,0.0,0,safe
https://www.airbnb.net/account/settings,39,2,0,0,1,0,0,0,1,1,3.9259,1,4,0.0,0,safe
http://dqztpb.b2kt3zya.nen47.icloud.cf/signin,45,4,4,0,0,0,0,0,3,1,4.525,1,3,0.0889,0,phishing
https://bit.ly/xu0y7r2,22,1,3,0,1,0,0,0,0,0,3.9363,1,3,0.1364,1,phishing
http://8.66.180.122/dhl-recover/y8g1w5.php,42,4,12,1,0,0,1,0,0,1,4.3204,1,4,0.2857,0,phishing
http://google3y-billing.ga/billing/qk24p,40,1,3,1,0,0,0,0,0,1,4.0914,1,4,0.075,0,phishing
https://docs.harvard.net/docs/getting-started,45,2,0,1,1,0,0,0,1,0,3.9382,1,4,0.0,0,safe
https://figma.io/about,22,1,0,0,1,0,0,0,0,0,3.7544,1,3,0.0,0,safe
https://en.airbnb.io,20,2,0,0,1,0,0,0,1,0,3.7219,1,2,0.0,0,safe
http://bit.ly/sjtkxn0,21,1,1,0,0,0,0,0,0,0,3.7849,1,3,0.0476,1,phishing
https://help.mit.net/en/home?ref=s0l5,37,2,2,0,1,0,0,0,1,0,4.0104,3,4,0.0541,0,safe
https://en.airbnb.org/support/faq,33,2,0,0,1,0,0,0,1,1,4.0061,1,4,0.0,0,safe
https://docs.nationalgeographic.net/blog/2026/updates,53,2,4,0,1,0,0,0,1,1,4.2752,1,5,0.0755,0,safe
http://microsoft-reset-password.gq/suspended/unlock/clmimw9x?id=ow6dnvk67b,74,1,4,2,0,0,0,0,0,4,4.7281,3,5,0.0541,0,phishing
https://en.usps.com/about,25,2,0,0,1,0,0,0,1,0,3.7533,1,3,0.0,0,safe
http://micr0s0ft-verify.cf/verify/i27k8,39,1,5,1,0,0,0,0,0,1,4.1698,1,4,0.1282,0,phishing
https://docs.dropbox.gov/help/contact,37,2,0,0,1,0,0,0,1,0,3.99,1,4,0.0,0,safe
https://mozilla.gov/support/faq,31,1,0,0,1,0,0,0,0,1,4.0424,1,4,0.0,0,safe
https://docs.dropbox.org?ref=fs4m,33,2,1,0,1,0,0,0,1,0,4.1502,3,2,0.0303,0,safe
https://www.un.net/blog/2026/updates,36,2,4,0,1,0,0,0,1,1,4.1042,1,5,0.1111,0,safe
http://tinyurl.com/lctdzpk,26,1,0,0,0,0,0,0,0,0,3.9791,1,3,0.0,1,phishing
https://khanacademy.com/pricing,31,1,0,0,1,0,0,0,0,0,4.1069,1,3,0.0,0,safe
https://tinyurl.com/wc7jsmi,27,1,1,0,1,0,0,0,0,0,4.1064,1,3,0.037,1,phishing
https://help.trello.edu/help/contact,36,2,0,0,1,0,0,0,1,0,3.7499,1,4,0.0,0,safe
https://help.python.edu/docs/getting-started,44,2,0,1,1,0,0,0,1,0,4.0351,1,4,0.0,0,safe
http://chase9e-login.ga/login/35jrs,35,1,3,1,0,0,0,0,0,1,4.2506,1,4,0.0857,0,phishing
https://196.245.147.24/bankofamerica-unlock/9cdm8e.php,54,4,13,1,1,0,1,0,0,1,4.736,1,4,0.2407,0,phishing
http://paypa1-authenticate.cf/authenticate/i0eso,48,1,2,1,0,0,0,0,0,1,3.8737,1,4,0.0417,0,phishing
https://docs.usps.org/,22,2,0,0,1,0,0,0,1,0,3.516,1,3,0.0,0,safe
https://83.211.114.143/paypal-signin/7ilnov.php,47,4,12,1,1,0,1,0,0,2,4.2199,1,4,0.2553,0,phishing
http://199.238.68.27/dhl-confirm/j4lwlg.php,43,4,11,1,0,0,1,0,0,1,4.5364,1,4,0.2558,0,phishing
https://nasa.com/account/settings,33,1,0,0,1,0,0,0,0,1,3.7149,1,4,0.0,0,safe
https://140.205.177.68/facebook-verify/fde15n.php,49,4,13,1,1,0,1,0,0,1,4.6551,1,4,0.2653,0,phishing
https://www.dropbox.edu/blog/2026/updates,41,2,4,0,1,0,0,0,1,1,4.2018,1,5,0.0976,0,safe
https://6lhz.759.u469j4.31pd.43o6p1y.b556uv.usps.tk/secure,58,7,17,0,1,0,0,0,6,1,4.4671,1,3,0.2931,0,phishing
https://www.harvard.org/blog/2026/updates?ref=drih,50,2,4,0,1,0,0,0,1,1,4.424,3,5,0.08,0,safe
http://binance-authenticate.ml/authenticate/7t19g,49,1,3,1,0,0,0,0,0,1,3.9002,1,4,0.0612,0,phishing
http://we11sfarg0-recover.cf/recover/a816f,42,1,6,1,0,0,0,0,0,1,4.1189,1,4,0.1429,0,phishing
https://github.com/products,27,1,0,0,1,0,0,0,0,0,3.838,1,3,0.0,0,safe
https://en.nytimes.com/careers,30,2,0,0,1,0,0,0,1,0,3.8314,1,3,0.0,0,safe
http://ip6g.5au4.secp40kl.vrhuix.n7wf1ou.7eh0sr.netflix.info/recover,68,7,9,0,0,0,0,0,6,1,4.5978,1,3,0.1324,0,phishing
http://86.58.180.43/coinbase-suspended/61e39a.php,49,4,13,1,0,0,1,0,0,1,4.441,1,4,0.2653,0,phishing
https://coinbase-support-center.cf/alert/update/update/verify/w2q16onc?id=xn5rc1kqiy,84,1,5,2,1,0,0,0,0,4,4.6447,3,7,0.0595,0,phishing
https://docs.github.net/help/contact,36,2,0,0,1,0,0,0,1,0,3.9194,1,4,0.0,0,safe
https://en.mit.edu/products,27,2,0,0,1,0,0,0,1,0,3.838,1,3,0.0,0,safe
http://microsoft-signin.tk/account/recover/signin/reset-password/qghdxw0l?id=tej10206bq,87,1,6,2,0,0,0,0,0,5,4.707,3,7,0.069,0,phishing
https://help.github.gov/account/settings,40,2,0,0,1,0,0,0,1,1,3.9776,1,4,0.0,0,safe
https://spotify.com/news/latest,31,1,0,0,1,0,0,0,0,0,3.87,1,4,0.0,0,safe
https://docs.airbnb.edu/about,29,2,0,0,1,0,0,0,1,0,3.9523,1,3,0.0,0,safe
http://wt0gqg.gcg.3ofk6.pu7qs9ag.34ei.5guy6v.bankofamerica.cf/unlock,68,7,9,0,0,0,0,0,6,1,4.7097,1,3,0.1324,0,phishing
https://coinbaseys-recover.tk/recover/9m9x8,43,1,3,1,1,0,0,0,0,1,4.2488,1,4,0.0698,0,phishing
https://www.mit.io/help/contact,31,2,0,0,1,0,0,0,1,0,3.7811,1,4,0.0,0,safe
http://34.17.76.229/outlook-billing/eo7i64.php,46,4,12,1,0,0,1,0,0,1,4.3111,1,4,0.2609,0,phishing
https://help.mit.gov/news/latest,32,2,0,0,1,0,0,0,1,0,3.84,1,4,0.0,0,safe
https://spotify.edu/about,25,1,0,0,1,0,0,0,0,0,3.8137,1,3,0.0,0,safe
https://en.mozilla.net/,23,2,0,0,1,0,0,0,1,0,3.7623,1,3,0.0,0,safe
https://en.airbnb.gov/account/settings,38,2,0,0,1,0,0,0,1,1,3.9752,1,4,0.0,0,safe
http://175.37.247.24/amazon-recover/av46tl.php,46,4,12,1,0,0,1,0,0,1,4.398,1,4,0.2609,0,phishing
http://lv2m.n5q.xd7n2ro.ddza.9pa35p1y.fedex.click/alert,55,6,8,0,0,0,0,0,5,2,4.617,1,3,0.1455,0,phishing
http://bit.ly/wgnl18t,21,1,2,0,0,0,0,0,0,0,3.6897,1,3,0.0952,1,phishing
http://instagram-authenticate.top/authenticate/78opq,52,1,2,1,0,0,0,0,0,1,3.9745,1,4,0.0385,0,phishing
https://docs.cloudflare.io/blog/2026/updates,44,2,4,0,1,0,0,0,1,1,4.2633,1,5,0.0909,0,safe
https://en.notion.net/docs/getting-started,42,2,0,1,1,0,0,0,1,0,3.7466,1,4,0.0,0,safe
http://bit.ly/16p4ibe,21,1,3,0,0,0,0,0,0,0,3.6538,1,3,0.1429,1,phishing
http://bit.ly/xevgnoi,21,1,0,0,0,0,0,0,0,0,3.8442,1,3,0.0,1,phishing
https://duolingo.net/en/home,28,1,0,0,1,0,0,0,0,0,3.7709,1,4,0.0,0,safe
https://help.irs.net/about,26,2,0,0,1,0,0,0,1,0,3.8253,1,3,0.0,0,safe
https://docs.spotify.edu/about?ref=uavn,39,2,0,0,1,0,0,0,1,0,4.2849,3,3,0.0,0,safe
https://bit.ly/z26hh13,22,1,4,0,1,0,0,0,0,0,3.811,1,3,0.1818,1,phishing
https://cutt.ly/yzszth1,23,1,1,0,1,0,0,0,0,0,3.4642,1,3,0.0435,1,phishing
http://11h7js8.5terk56x.eqg6.4l0nqlf.kino7khu.paypal.tk/recover,63,6,11,0,0,0,0,0,5,2,4.7188,1,3,0.1746,0,phishing
https://11.56.166.132/instagram-recover/0b5ktm.php,50,4,12,1,1,0,1,0,0,1,4.4786,1,4,0.24,0,phishing
http://8s8.z5hh2ks7.uypqm1xd.qg0jz3l.a6yk9.5dfpjgxz.amazon.info/alert,69,7,11,0,0,0,0,0,6,1,4.8814,1,3,0.1594,0,phishing
https://help.harvard.edu/careers,32,2,0,0,1,0,0,0,1,0,3.7417,1,3,0.0,0,safe
https://www.nytimes.gov/blog/2026/updates,41,2,4,0,1,0,0,0,1,1,4.3546,1,5,0.0976,0,safe
https://docs.wikipedia.edu/news/latest?ref=plai,47,2,0,0,1,0,0,0,1,0,4.1956,3,4,0.0,0,safe
http://outlook-alert.tk/confirm/suspended/unlock/lcr1e4uv?id=g692bf5mlt,71,1,6,1,0,0,0,0,0,4,4.6848,3,6,0.0845,0,phishing
http://rb.gy/7mhlqi9,20,1,2,0,0,0,0,0,0,0,3.8842,1,3,0.1,1,phishing
http://nty.d80u0.1o85rs4.fotfkv.p7pqfb1x.netflix.click/confirm,62,6,9,0,0,0,0,0,5,2,4.6436,1,3,0.1452,0,phishing
http://126.66.31.182/facebook-billing/kuoem4.php,48,4,11,1,0,0,1,0,0,1,4.5221,1,4,0.2292,0,phishing
http://rb.gy/yuhilhx,20,1,0,0,0,0,0,0,0,0,3.6464,1,3,0.0,1,phishing
https://microsoft-account.ga/reset-password/webscr/ibgcehnq?id=8tnogmolxl,73,1,1,2,1,0,0,0,0,4,4.5355,3,5,0.0137,0,phishing
http://rb.gy/05dm2d2,20,1,4,0,0,0,0,0,0,0,3.7842,1,3,0.2,1,phishing
https://help.who.edu/account/settings,37,2,0,0,1,0,0,0,1,1,3.9696,1,4,0.0,0,safe
https://facebook-suspended.xyz/reset-password/alert/authenticate/webscr/yjwm02gg?id=5hicotx4rh,94,1,4,2,1,0,0,0,0,6,4.6895,3,7,0.0426,0,phishing
http://chase-confirm.click/support-center/unlock/update/tcx4f5vm?id=ji55wkzhu7,78,1,5,2,0,0,0,0,0,5,4.6803,3,6,0.0641,0,phishing
https://bbc.com/help/contact,28,1,0,0,1,0,0,0,0,0,3.6645,1,4,0.0,0,safe
https://help.harvard.org/news/latest,36,2,0,0,1,0,0,0,1,0,3.8984,1,4,0.0,0,safe
https://tinyurl.com/1db4s7g,27,1,3,0,1,0,0,0,0,0,4.3286,1,3,0.1111,1,phishing
https://icloud-support-center.info/secure/verify/nw6ldhzm?id=cfu4jlrji7,71,1,3,2,1,0,0,0,0,3,4.6044,3,5,0.0423,0,phishing
https://cloudflare.io/,22,1,0,0,1,0,0,0,0,0,3.9706,1,3,0.0,0,safe
http://jrmhc.ev08pbx.elkx.netflix.ga/confirm,44,4,2,0,0,0,0,0,3,1,4.4363,1,3,0.0455,0,phishing
https://docs.nationalgeographic.com/account/settings,52,2,0,0,1,0,0,0,1,1,4.0035,1,4,0.0,0,safe
https://tinyurl.com/jeyj7ya,27,1,1,0,1,0,0,0,0,0,4.1525,1,3,0.037,1,phishing
https://t2c6x.ardy3g.637ne.apple.tk/support-center,50,4,6,1,1,0,0,0,3,1,4.3513,1,3,0.12,0,phishing
https://www.notion.net/news/latest,34,2,0,0,1,0,0,0,1,0,3.5281,1,4,0.0,0,safe
http://amazon-alert.click/unlock/billing/authenticate/djotsilx?id=jfzajvlnrf,76,1,0,1,0,0,0,0,0,5,4.4886,3,6,0.0,0,phishing
http://mrqv7b.e51khmr0.zry.uj1.google.xyz/confirm,49,5,5,0,0,0,0,0,4,1,4.6377,1,3,0.102,0,phishing
https://en.reuters.org/,23,2,0,0,1,0,0,0,1,0,3.5227,1,3,0.0,0,safe
https://mit.net/support/faq,27,1,0,0,1,0,0,0,0,1,3.7784,1,4,0.0,0,safe
https://cloudflare.gov/blog/2026/updates,40,1,4,0,1,0,0,0,0,1,4.2751,1,5,0.1,0,safe
http://cz0udz6.6x31cl3.h1bp.djtva.apple.info/login,50,5,7,0,0,0,0,0,4,1,4.5264,1,3,0.14,0,phishing
https://usps.net/careers,24,1,0,0,1,0,0,0,0,0,3.4906,1,3,0.0,0,safe
https://dropbox.gov/,20,1,0,0,1,0,0,0,0,0,3.6464,1,3,0.0,0,safe
http://vf5v87.eqrrs6o.upmwt.v70r.dhl.top/alert,46,5,6,0,0,0,0,0,4,1,4.3174,1,3,0.1304,0,phishing
https://en.nytimes.io/news/latest?ref=hg5m,42,2,1,0,1,0,0,0,1,0,4.1548,3,4,0.0238,0,safe
https://docs.slack.gov/support/faq,34,2,0,0,1,0,0,0,1,1,4.0209,1,4,0.0,0,safe
https://help.slack.net/news/latest?ref=8jgz,43,2,1,0,1,0,0,0,1,0,4.1711,3,4,0.0233,0,safe
https://178.83.40.98/paypal-suspended/bvg6xs.php,48,4,10,1,1,0,1,0,0,2,4.4544,1,4,0.2083,0,phishing
http://usps4u-signin.gq/signin/1tox9,36,1,3,1,0,0,0,0,0,1,3.9058,1,4,0.0833,0,phishing
https://www.usps.gov/account/settings,37,2,0,0,1,0,0,0,1,1,3.8588,1,4,0.0,0,safe
http://instagram-support-center.ml/suspended/secure/hin0av1l?id=3venqyp7bh,74,1,4,2,0,0,0,0,0,3,4.5949,3,5,0.0541,0,phishing
http://79.61.125.226/google-reset-password/5znz1p.php,53,4,12,2,0,0,1,0,0,2,4.4045,1,4,0.2264,0,phishing
https://airbnb.io/support/faq,29,1,0,0,1,0,0,0,0,1,3.8404,1,4,0.0,0,safe
https://irs.com/,16,1,0,0,1,0,0,0,0,0,3.4528,1,3,0.0,0,safe
https://www.mit.com/,20,2,0,0,1,0,0,0,1,0,3.4087,1,3,0.0,1,safe
https://ic10ud-authenticate.top/authenticate/p4p9r,50,1,4,1,1,0,0,0,0,1,4.0129,1,4,0.08,0,phishing
https://www.reuters.com/pricing,31,2,0,0,1,0,0,0,1,0,3.9536,1,3,0.0,0,safe
http://dyv.3po2rx.cfzuj2.fo09et.9diwob6.m4zkz.microsoft.top/authenticate,72,7,8,0,0,0,0,0,6,1,4.6637,1,3,0.1111,0,phishing
http://chasejj-secure.ml/secure/ylyuq,37,1,0,1,0,0,0,0,0,1,3.9696,1,4,0.0,0,phishing
https://microsoftop-recover.cf/recover/54bu6,44,1,3,1,1,0,0,0,0,1,4.0964,1,4,0.0682,0,phishing
https://icloud-alert.ml/confirm/webscr/secure/recover/qs1ib9x0?id=rdhmjqxfnx,76,1,3,1,1,0,0,0,0,5,4.6301,3,7,0.0395,0,phishing
https://en.duolingo.io?ref=kql7,31,2,1,0,1,0,0,0,1,0,4.3492,3,2,0.0323,0,safe
https://www.mozilla.com/account/settings,40,2,0,0,1,0,0,0,1,1,4.0562,1,4,0.0,0,safe
https://4.11.7.19/google-support-center/dc2n76.php,50,4,9,2,1,0,1,0,0,1,4.3264,1,4,0.18,0,phishing
https://www.cloudflare.com/news/latest,38,2,0,0,1,0,0,0,1,0,4.0304,1,4,0.0,0,safe
http://bit.ly/wp134pr,21,1,3,0,0,0,0,0,0,0,3.713,1,3,0.1429,1,phishing
https://cutt.ly/4cxuqel,23,1,1,0,1,0,0,0,0,0,3.7081,1,3,0.0435,1,phishing
http://bankofamerica-authenticate.tk/confirm/unlock/unlock/y4qylhww?id=8sf5rh1e2a,81,1,5,1,0,0,0,0,0,3,4.676,3,6,0.0617,0,phishing
https://rb.gy/5cxd08a,21,1,3,0,1,0,0,0,0,0,4.0707,1,3,0.1429,1,phishing
http://118.53.16.212/binance-login/63hxyq.php,45,4,12,1,0,0,1,0,0,1,4.4193,1,4,0.2667,0,phishing
https://irs.net/docs/getting-started,36,1,0,1,1,0,0,0,0,0,3.7697,1,4,0.0,0,safe
https://en.harvard.com/pricing,30,2,0,0,1,0,0,0,1,0,4.0566,1,3,0.0,0,safe
https://help.nationalgeographic.gov/products,44,2,0,0,1,0,0,0,1,0,4.1181,1,3,0.0,0,safe
http://coinbase-verify.tk/signin/signin/confirm/rfnowgma?id=ermd3tk5to,70,1,2,1,0,0,0,0,0,3,4.4358,3,6,0.0286,0,phishing
http://c0inbase-login.gq/login/ypldf,36,1,1,1,0,0,0,0,0,1,4.2527,1,4,0.0278,0,phishing
https://en.nasa.org/support/faq,31,2,0,0,1,0,0,0,1,1,3.8245,1,4,0.0,0,safe
https://help.nasa.net/docs/getting-started,42,2,0,1,1,0,0,0,1,0,3.8885,1,4,0.0,0,safe
http://facebook-signin.info/support-center/suspended/login/1vp2r0y2?id=9v0n2gyspz,81,1,7,2,0,0,0,0,0,4,4.6346,3,6,0.0864,0,phishing
https://www.harvard.gov/news/latest,35,2,0,0,1,0,0,0,1,0,3.8861,1,4,0.0,0,safe
https://docs.who.com/products,29,2,0,0,1,0,0,0,1,0,3.6504,1,3,0.0,0,safe
https://www.npr.org/help/contact,32,2,0,0,1,0,0,0,1,0,3.8278,1,4,0.0,0,safe
https://en.slack.io/help/contact,32,2,0,0,1,0,0,0,1,0,3.7889,1,4,0.0,0,safe
http://chase-confirm.click/login/suspended/login/signin/v3b02d35?id=ltqvt4u2eg,78,1,7,1,0,0,0,0,0,5,4.6499,3,7,0.0897,0,phishing
http://bit.ly/ng5uto7,21,1,2,0,0,0,0,0,0,0,3.7849,1,3,0.0952,1,phishing
https://netflix95-signin.top/signin/46hhl,41,1,4,1,1,0,0,0,0,1,4.0227,1,4,0.0976,0,phishing
https://coinbase-unlock.gq/billing/support-center/recover/19gkvffb?id=i7tn7muapj,80,1,4,2,1,0,0,0,0,4,4.7004,3,6,0.05,0,phishing
https://docs.coursera.org?ref=0b3q,34,2,2,0,1,0,0,0,1,0,4.2784,3,2,0.0588,0,safe
http://is.gd/5wo3ex1,20,1,3,0,0,0,0,0,0,0,3.9842,1,3,0.15,1,phishing
https://help.nasa.net/en/home,29,2,0,0,1,0,0,0,1,0,3.5385,1,4,0.0,0,safe
https://www.github.gov/careers,30,2,0,0,1,0,0,0,1,0,4.0314,1,3,0.0,0,safe
http://chase-authenticate.click/reset-password/secure/zcdej10s?id=yc1escfadg,76,1,3,2,0,0,0,0,0,5,4.3904,3,5,0.0395,0,phishing
https://bbc.io/products,23,1,0,0,1,0,0,0,0,0,3.6753,1,3,0.0,0,safe
https://46.141.243.122/instagram-suspended/5p7mym.php,53,4,13,1,1,0,1,0,0,1,4.4188,1,4,0.2453,0,phishing
http://netflix-verify.ga/suspended/authenticate/confirm/webscr/07p4wxxb?id=rv8p85xca5,85,1,7,1,0,0,0,0,0,5,4.7307,3,7,0.0824,0,phishing
https://www.irs.org/account/settings,36,2,0,0,1,0,0,0,1,1,3.882,1,4,0.0,0,safe
http://y6l.2i62cjq.ztuoh.d4zd4bay.913.qouor.microsoft.xyz/update,64,7,9,0,0,0,0,0,6,1,4.6462,1,3,0.1406,0,phishing
http://wellsfargo6c-authenticate.tk/authenticate/gcfs0,54,1,2,1,0,0,0,0,0,1,4.153,1,4,0.037,0,phishing
https://irs.com/en/home,23,1,0,0,1,0,0,0,0,0,3.654,1,4,0.0,0,safe
https://khanacademy.gov/news/latest?ref=imm8,44,1,1,0,1,0,0,0,0,0,4.4251,3,4,0.0227,0,safe
http://binance-account.ml/account/awogc,39,1,0,1,0,0,0,0,0,1,3.894,1,4,0.0,0,phishing
https://tinyurl.com/ucttet5,27,1,1,0,1,0,0,0,0,0,3.8562,1,3,0.037,1,phishing
http://google-webscr.click/alert/support-center/9qcfcj3g?id=z79n4g1fgx,70,1,6,2,0,0,0,0,0,4,4.7548,3,5,0.0857,0,phishing
http://tinyurl.com/kniiqk1,26,1,1,0,0,0,0,0,0,0,3.998,1,3,0.0385,1,phishing
http://59.6.42.249/usps-update/onmy32.php,41,4,10,1,0,0,1,0,0,1,4.2083,1,4,0.2439,0,phishing
http://rb.gy/9mcdjdm,20,1,1,0,0,0,0,0,0,0,3.7842,1,3,0.05,1,phishing
https://chase-billing.tk/authenticate/secure/y2574hkr?id=4lyuv3emzs,67,1,6,1,1,0,0,0,0,3,4.6385,3,5,0.0896,0,phishing
http://gz9esgo.r4ydq.n52sbii.paypal.gq/account,46,4,4,0,0,0,0,0,3,2,4.5285,1,3,0.087,0,phishing
https://docs.nasa.com,21,2,0,0,1,0,0,0,1,0,3.5945,1,2,0.0,0,safe
https://en.slack.com/products,29,2,0,0,1,0,0,0,1,0,3.9952,1,3,0.0,0,safe
https://bank0famerica-alert.tk/alert/q5w4s,42,1,3,1,1,0,0,0,0,1,4.2797,1,4,0.0714,0,phishing
https://help.duolingo.org/account/settings,42,2,0,0,1,0,0,0,1,1,4.0144,1,4,0.0,0,safe
https://www.mozilla.io/pricing,30,2,0,0,1,0,0,0,1,0,3.9899,1,3,0.0,0,safe
https://paypal-signin.gq/unlock/update/update/ehibfwcj?id=yfvxqj32fr,68,1,2,1,1,0,0,0,0,4,4.7508,3,6,0.0294,0,phishing
http://google-support-center.ga/authenticate/billing/secure/ruvbt28y?id=se1m89k6ea,82,1,6,2,0,0,0,0,0,4,4.5945,3,6,0.0732,0,phishing
https://mit.net/pricing,23,1,0,0,1,0,0,0,0,0,3.5884,1,3,0.0,0,safe
https://duolingo.gov/,21,1,0,0,1,0,0,0,0,0,3.749,1,3,0.0,0,safe
http://l6mi9z56.fwd1z.6eww3hu.00f00.tcp0pyq.chase.info/alert,60,6,12,0,0,0,0,0,5,1,4.6002,1,3,0.2,0,phishing
http://8r03.l1qtde6l.6htnvnvq.coinbase.ga/update,48,4,6,0,0,0,0,0,3,1,4.4885,1,3,0.125,0,phishing
http://google-alert.xyz/account/account/webscr/oov7xgo6?id=g9zxxb57qy,69,1,5,1,0,0,0,0,0,3,4.6608,3,6,0.0725,0,phishing
https://paypa1-alert.gq/alert/th9uj,35,1,2,1,1,0,0,0,0,1,3.976,1,4,0.0571,0,phishing
https://help.nationalgeographic.edu/account/settings,52,2,0,0,1,0,0,0,1,1,4.0313,1,4,0.0,0,safe
https://docs.figma.io/account/settings,38,2,0,0,1,0,0,0,1,1,3.9354,1,4,0.0,0,safe
http://facebook78-alert.xyz/alert/lp54s,39,1,4,1,0,0,0,0,0,1,4.3555,1,4,0.1026,0,phishing
https://mozilla.net/help/contact,32,1,0,0,1,0,0,0,0,0,3.8011,1,4,0.0,0,safe
https://bbc.net/products?ref=ff1g,33,1,1,0,1,0,0,0,0,0,4.1502,3,3,0.0303,0,safe
https://en.stackoverflow.edu/docs/getting-started,49,2,0,1,1,0,0,0,1,0,4.2112,1,4,0.0,0,safe
https://docs.github.org/docs/getting-started?ref=pcrh,53,2,0,1,1,0,0,0,1,0,4.1916,3,4,0.0,0,safe
https://help.github.gov/products,32,2,0,0,1,0,0,0,1,0,3.9917,1,3,0.0,0,safe
https://bit.ly/6955q5x,22,1,5,0,1,0,0,0,0,0,3.811,1,3,0.2273,1,phishing
https://www.mit.net,19,2,0,0,1,0,0,0,1,0,3.3661,1,2,0.0,0,safe
http://231.82.188.116/coinbase-recover/60rv57.php,49,4,15,1,0,0,1,0,0,1,4.451,1,4,0.3061,0,phishing
http://bankofamerica4h-unlock.xyz/unlock/ubmmd,46,1,1,1,0,0,0,0,0,1,4.4522,1,4,0.0217,0,phishing
https://docs.dropbox.com/blog/2026/updates,42,2,4,0,1,0,0,0,1,1,4.1962,1,5,0.0952,0,safe
https://icloud-authenticate.info/update/alert/y2w7mmk0?id=e4cubv8nxm,68,1,5,1,1,0,0,0,0,3,4.7067,3,5,0.0735,0,phishing
http://outlookde-authenticate.top/authenticate/7az9e,52,1,2,1,0,0,0,0,0,1,3.8957,1,4,0.0385,0,phishing
https://chase-billing.top/billing/r8orx,39,1,1,1,1,0,0,0,0,1,4.1378,1,4,0.0256,0,phishing
https://en.cloudflare.net/en/home,33,2,0,0,1,0,0,0,1,0,3.9196,1,4,0.0,0,safe
http://usps-authenticate.tk/authenticate/08ksm,46,1,2,1,0,0,0,0,0,1,3.8541,1,4,0.0435,0,phishing
https://un.gov/account/settings?ref=eaqn,40,1,0,0,1,0,0,0,0,1,4.1439,3,4,0.0,0,safe
https://www.bbc.gov/blog/2026/updates?ref=yp2r,46,2,5,0,1,0,0,0,1,1,4.4935,3,5,0.1087,0,safe
http://zxai7v.ev1u9h2.gx49kdvl.tlkfhgsk.apple.top/confirm,57,5,6,0,0,0,0,0,4,1,4.6507,1,3,0.1053,0,phishing
https://en.github.net/help/contact?ref=5ioj,43,2,1,0,1,0,0,0,1,0,4.2398,3,4,0.0233,0,safe
https://en.mit.gov/docs/getting-started,39,2,0,1,1,0,0,0,1,0,3.9542,1,4,0.0,0,safe
http://is.gd/d838ns5,20,1,4,0,0,0,0,0,0,0,3.6842,1,3,0.2,1,phishing
http://binancehi-webscr.cf/webscr/wuqxj,39,1,0,1,0,0,0,0,0,1,4.2017,1,4,0.0,0,phishing
https://harvard.edu/help/contact,32,1,0,0,1,0,0,0,0,0,3.8903,1,4,0.0,0,safe
https://figma.com/support/faq?ref=ympx,38,1,0,0,1,0,0,0,0,1,4.241,3,4,0.0,0,safe
https://en.npr.net/,19,2,0,0,1,0,0,0,1,0,3.1814,1,3,0.0,0,safe
http://sqp9.7l57ajb.90va4.icloud.cf/secure,42,4,7,0,0,0,0,0,3,1,4.5468,1,3,0.1667,0,phishing
http://jdnci.yq3mb6.9jtdmxpl.fkssalm1.sbqf.outlook.ga/alert,59,6,4,0,0,0,0,0,5,1,4.6472,1,3,0.0678,0,phishing
https://docs.wikipedia.net/careers,34,2,0,0,1,0,0,0,1,0,3.9398,1,3,0.0,0,safe
http://icloud-unlock.click/suspended/confirm/confirm/e4ghxoop?id=r2k13bfbcn,75,1,4,1,0,0,0,0,0,4,4.5598,3,6,0.0533,0,phishing
http://184.100.172.85/google-unlock/ko5aa8.php,46,4,13,1,0,0,1,0,0,1,4.3439,1,4,0.2826,0,phishing
https://docs.github.org,23,2,0,0,1,0,0,0,1,0,3.7951,1,2,0.0,0,safe
https://www.python.io/careers,29,2,0,0,1,0,0,0,1,0,3.8833,1,3,0.0,0,safe
http://26.239.184.89/google-webscr/wxgc5t.php,45,4,11,1,0,0,1,0,0,1,4.4637,1,4,0.2444,0,phishing
https://63.49.23.147/amazon-signin/vx64ao.php,45,4,11,1,1,0,1,0,0,1,4.4025,1,4,0.2444,0,phishing
https://55.192.109.27/google-account/qg1o2b.php,47,4,12,1,1,0,1,0,0,1,4.3679,1,4,0.2553,0,phishing
http://netf1ix-unlock.ga/unlock/2spfl,37,1,2,1,0,0,0,0,0,1,4.2834,1,4,0.0541,0,phishing
http://is.gd/d9tm5ft,20,1,2,0,0,0,0,0,0,0,3.5842,1,3,0.1,1,phishing
https://figma.net/en/home,25,1,0,0,1,0,0,0,0,0,3.7035,1,4,0.0,0,safe
https://google-recover.ml/secure/signin/verify/unlock/eeut86cu?id=gdomszxpo0,76,1,3,1,1,0,0,0,0,5,4.545,3,7,0.0395,0,phishing
https://is.gd/734vsrv,21,1,3,0,1,0,0,0,0,0,3.749,1,3,0.1429,1,phishing
http://binance-support-center.top/support-center/gb9tx,54,1,1,3,0,0,0,0,0,1,3.9885,1,4,0.0185,0,phishing
https://www.spotify.org/en/home,31,2,0,0,1,0,0,0,1,0,3.9134,1,4,0.0,0,safe
https://docs.duolingo.edu/pricing,33,2,0,0,1,0,0,0,1,0,3.9832,1,3,0.0,0,safe
http://netflix-unlock.gq/webscr/account/webscr/confirm/6q9620n7?id=bjb4zfjpzg,77,1,7,1,0,0,0,0,0,4,4.8831,3,7,0.0909,0,phishing
http://coinbase-support-center.ml/recover/alert/login/update/1tw1cwxz?id=ntpf6d2njb,83,1,4,2,0,0,0,0,0,5,4.6262,3,7,0.0482,0,phishing
https://docs.nationalgeographic.net/,36,2,0,0,1,0,0,0,1,0,3.9749,1,3,0.0,0,safe
https://www.npr.org/news/latest,31,2,0,0,1,0,0,0,1,0,3.704,1,4,0.0,0,safe
https://stackoverflow.io,24,1,0,0,1,0,0,0,0,0,4.0221,1,2,0.0,0,safe
https://www.who.edu/about,25,2,0,0,1,0,0,0,1,0,3.6235,1,3,0.0,0,safe
https://docs.stackoverflow.gov/account/settings,47,2,0,0,1,0,0,0,1,1,4.1348,1,4,0.0,0,safe
https://235.154.6.36/apple-login/nkagyw.php,43,4,9,1,1,0,1,0,0,1,4.3656,1,4,0.2093,0,phishing
https://alk3.hfnf6ddj.r7d.8q2.apple.xyz/webscr,46,5,5,0,1,0,0,0,4,1,4.6133,1,3,0.1087,0,phishing
https://google-verify.click/authenticate/alert/account/recover/od6gv7a8?id=z27qxggoks,85,1,5,1,1,0,0,0,0,6,4.6129,3,7,0.0588,0,phishing
https://docs.un.com/help/contact?ref=n96k,41,2,2,0,1,0,0,0,1,0,4.2963,3,4,0.0488,0,safe
http://243.143.75.187/apple-account/knnba8.php,46,4,12,1,0,0,1,0,0,1,4.3089,1,4,0.2609,0,phishing
http://20.181.230.3/facebook-secure/3geirp.php,46,4,10,1,0,0,1,0,0,1,4.3767,1,4,0.2174,0,phishing
http://161.180.87.158/bankofamerica-reset-password/jpr1zu.php,61,4,12,2,0,0,1,0,0,2,4.6153,1,4,0.1967,0,phishing
https://help.usps.com/products,30,2,0,0,1,0,0,0,1,0,3.7232,1,3,0.0,0,safe
https://help.nasa.io/careers?ref=w9na,37,2,1,0,1,0,0,0,1,0,4.1212,3,3,0.027,0,safe
http://bit.ly/j3trbgo,21,1,1,0,0,0,0,0,0,0,3.6897,1,3,0.0476,1,phishing
https://help.who.org/help/contact,33,2,0,0,1,0,0,0,1,0,3.7865,1,4,0.0,0,safe
https://cutt.ly/wbszhcd,23,1,0,0,1,0,0,0,0,0,3.7081,1,3,0.0,1,phishing
https://docs.bbc.net/en/home,28,2,0,0,1,0,0,0,1,0,3.682,1,4,0.0,0,safe
https://41.121.53.5/netflix-confirm/nit7l2.php,46,4,10,1,1,0,1,0,0,1,4.371,1,4,0.2174,0,phishing
https://python.net/products,27,1,0,0,1,0,0,0,0,0,3.6764,1,3,0.0,0,safe
https://yg2rdbx.5x7nqsw.rkfbtkb.6sf6l80u.c392l.paypal.xyz/unlock,64,6,10,0,1,0,0,0,5,2,4.7883,1,3,0.1562,0,phishing
https://help.harvard.io/en/home,31,2,0,0,1,0,0,0,1,0,3.8976,1,4,0.0,0,safe
https://help.bbc.io/en/home?ref=epxx,36,2,0,0,1,0,0,0,1,0,4.0833,3,4,0.0,0,safe
http://205.250.187.144/chase-confirm/70yc69.php,47,4,16,1,0,0,1,0,0,1,4.5542,1,4,0.3404,0,phishing
https://duolingo.org/account/settings,37,1,0,0,1,0,0,0,0,1,3.9156,1,4,0.0,0,safe
http://x0zx3m.i44tfdva.7ubjpp.t1l.t5b.google.info/support-center,64,6,7,1,0,0,0,0,5,1,4.6831,1,3,0.1094,0,phishing
https://docs.spotify.edu/news/latest,36,2,0,0,1,0,0,0,1,0,3.9484,1,4,0.0,0,safe
https://bbc.org/news/latest,27,1,0,0,1,0,0,0,0,0,3.838,1,4,0.0,0,safe
http://bit.ly/9dh6hcn,21,1,2,0,0,0,0,0,0,0,3.713,1,3,0.0952,1,phishing
https://wikipedia.edu,21,1,0,0,1,0,0,0,0,0,3.6897,1,2,0.0,0,safe
http://xop3u.g5ui.yglkqbd.coinbase.tk/confirm,45,4,2,0,0,0,0,0,3,1,4.5803,1,3,0.0444,0,phishing
http://230.41.41.102/coinbase-suspended/himqqv.php,50,4,10,1,0,0,1,0,0,1,4.4635,1,4,0.2,0,phishing
https://fcm.tasks.lu2.chase.tk/reset-password,45,4,1,1,1,0,0,0,3,2,4.0802,1,3,0.0222,0,phishing
https://www.un.io/account/settings,34,2,0,0,1,0,0,0,1,1,3.797,1,4,0.0,0,safe
https://help.nationalgeographic.net/careers,43,2,0,0,1,0,0,0,1,0,3.9057,1,3,0.0,0,safe
http://rb.gy/814ycxn,20,1,3,0,0,0,0,0,0,0,3.8842,1,3,0.15,1,phishing
https://docs.nationalgeographic.gov/help/contact,48,2,0,0,1,0,0,0,1,0,3.9967,1,4,0.0,0,safe
http://rb.gy/n0hei75,20,1,3,0,0,0,0,0,0,0,3.8842,1,3,0.15,1,phishing
https://en.notion.org/news/latest,33,2,0,0,1,0,0,0,1,0,3.7149,1,4,0.0,0,safe
https://npr.net/blog/2026/updates,33,1,4,0,1,0,0,0,0,1,4.0637,1,5,0.1212,0,safe
http://us0ka.hovq.kjpsa5.2ps.ryyd.chase.xyz/webscr,50,6,3,0,0,0,0,0,5,1,4.426,1,3,0.06,0,phishing
https://docs.duolingo.net,25,2,0,0,1,0,0,0,1,0,3.8635,1,2,0.0,0,safe
https://cutt.ly/f6k6g2r,23,1,3,0,1,0,0,0,0,0,3.882,1,3,0.1304,1,phishing
https://docs.mit.net/news/latest,32,2,0,0,1,0,0,0,1,0,3.7417,1,4,0.0,0,safe
http://8w90e.776f46zd.ihxj5qn3.o6i5sc.nhkk.ouq9.bankofamerica.tk/unlock,71,7,13,0,0,0,0,0,6,1,4.8181,1,3,0.1831,0,phishing
https://www.trello.net/account/settings,39,2,0,0,1,0,0,0,1,1,3.8836,1,4,0.0,0,safe
https://docs.notion.com/support/faq,35,2,0,0,1,0,0,0,1,1,3.8973,1,4,0.0,0,safe
http://microsoft-account.cf/alert/verify/fu9z0ni8?id=474k75meqk,63,1,8,1,0,0,0,0,0,3,4.7791,3,5,0.127,0,phishing
http://coinbasesr-reset-password.xyz/reset-password/zu2i1,57,1,2,3,0,0,0,0,0,2,4.2498,1,4,0.0351,0,phishing
http://fedex-signin.xyz/signin/695d9,36,1,4,1,0,0,0,0,0,1,4.1144,1,4,0.1111,0,phishing
https://docs.nationalgeographic.net/,36,2,0,0,1,0,0,0,1,0,3.9749,1,3,0.0,0,safe
https://help.npr.io/products,28,2,0,0,1,0,0,0,1,0,3.8249,1,3,0.0,0,safe
https://amazon-authenticate.ga/confirm/support-center/yzkhxrew?id=e9d2ai3ikt,76,1,3,2,1,0,0,0,0,3,4.5735,3,5,0.0395,0,phishing
http://kynfot.q1b36e6.vigp.vkiknhe.fedex.top/unlock,51,5,4,0,0,0,0,0,4,1,4.4052,1,3,0.0784,0,phishing
http://chase34-unlock.tk/unlock/ao48g,37,1,4,1,0,0,0,0,0,1,4.1549,1,4,0.1081,0,phishing
https://help.wikipedia.org/,27,2,0,0,1,0,0,0,1,0,3.9303,1,3,0.0,0,safe
http://130.251.130.22/dhl-authenticate/76p3yb.php,49,4,14,1,0,0,1,0,0,1,4.3112,1,4,0.2857,0,phishing
https://www.usps.org/account/settings,37,2,0,0,1,0,0,0,1,1,3.8588,1,4,0.0,0,safe
http://microsoftq2-signin.tk/signin/6gagr,41,1,2,1,0,0,0,0,0,1,4.0804,1,4,0.0488,0,phishing
http://bit.ly/gwkz2qr,21,1,1,0,0,0,0,0,0,0,3.9395,1,3,0.0476,1,phishing
https://help.notion.com/docs/getting-started,44,2,0,1,1,0,0,0,1,0,4.0068,1,4,0.0,0,safe
https://help.coursera.edu/news/latest,37,2,0,0,1,0,0,0,1,0,3.8687,1,4,0.0,0,safe
http://wellsfargo-reset-password.xyz/update/signin/suspended/2rfee4nz?id=3an71jwz31,83,1,7,2,0,0,0,0,0,5,4.6323,3,6,0.0843,0,phishing
https://134.85.155.40/instagram-secure/2gqo0r.php,49,4,12,1,1,0,1,0,0,1,4.5173,1,4,0.2449,0,phishing
https://docs.github.org/account/settings,40,2,0,0,1,0,0,0,1,1,3.9276,1,4,0.0,0,safe
http://b923.jy1z.oru71d.ucc.x9uresy.microsoft.xyz/verify,56,6,7,0,0,0,0,0,5,1,4.5344,1,3,0.125,0,phishing
https://nytimes.com/en/home,27,1,0,0,1,0,0,0,0,0,3.634,1,4,0.0,0,safe
http://40.97.219.241/google-reset-password/c3koyb.php,53,4,11,2,0,0,1,0,0,2,4.5531,1,4,0.2075,0,phishing
http://microsoft-update.ga/support-center/suspended/confirm/vd148kdn?id=64ihgibn6j,82,1,6,2,0,0,0,0,0,4,4.62,3,6,0.0732,0,phishing
http://is.gd/kipvulj,20,1,0,0,0,0,0,0,0,0,3.7842,1,3,0.0,1,phishing
https://www.un.com/help/contact,31,2,0,0,1,0,0,0,1,0,3.8087,1,4,0.0,0,safe
https://en.who.gov/docs/getting-started,39,2,0,1,1,0,0,0,1,0,3.9898,1,4,0.0,0,safe
https://www.dropbox.edu/about,29,2,0,0,1,0,0,0,1,0,3.8573,1,3,0.0,0,safe
https://en.duolingo.io,22,2,0,0,1,0,0,0,1,0,3.7888,1,2,0.0,0,safe
https://npr.net/help/contact?ref=r5ex,37,1,1,0,1,0,0,0,0,0,3.9696,3,4,0.027,0,safe
http://paypalow-unlock.ml/unlock/ifu46,38,1,2,1,0,0,0,0,0,2,4.1883,1,4,0.0526,0,phishing
http://facebook-webscr.ga/alert/unlock/xzu988rm?id=919sto9bz7,61,1,8,1,0,0,0,0,0,3,4.7605,3,5,0.1311,0,phishing
http://aqovg5.mf2k1.c8q.usps.xyz/suspended,42,4,4,0,0,0,0,0,3,1,4.5468,1,3,0.0952,0,phishing
https://nationalgeographic.com/docs/getting-started,51,1,0,1,1,0,0,0,0,0,4.0366,1,4,0.0,0,safe
https://cloudflare.com,22,1,0,0,1,0,0,0,0,0,4.0049,1,2,0.0,0,safe
https://docs.notion.com/products?ref=53xd,41,2,2,0,1,0,0,0,1,0,4.2203,3,3,0.0488,0,safe
https://en.dropbox.net/about,28,2,0,0,1,0,0,0,1,0,3.8249,1,3,0.0,0,safe
http://bank0famerica-reset-password.gq/reset-password/r1zvl,59,1,2,3,0,0,0,0,0,2,4.4293,1,4,0.0339,0,phishing
http://faceb00k-recover.tk/recover/c0cwp,40,1,3,1,0,0,0,0,0,1,3.9037,1,4,0.075,0,phishing
https://help.mozilla.edu/blog/2026/updates,42,2,4,0,1,0,0,0,1,1,4.2048,1,5,0.0952,0,safe
https://help.un.org/support/faq,31,2,0,0,1,0,0,0,1,1,3.8976,1,4,0.0,0,safe
http://cutt.ly/wvrtsrt,22,1,0,0,0,0,0,0,0,0,3.4474,1,3,0.0,1,phishing
https://en.bbc.io/docs/getting-started,38,2,0,1,1,0,0,0,1,0,3.9579,1,4,0.0,0,safe
https://www.github.io/news/latest?ref=qqbw,42,2,0,0,1,0,0,0,1,0,4.1845,3,4,0.0,0,safe
https://help.python.io,22,2,0,0,1,0,0,0,1,0,3.5383,1,2,0.0,0,safe
https://docs.reuters.gov/about?ref=0yoz,39,2,1,0,1,0,0,0,1,0,4.2849,3,3,0.0256,0,safe
http://google-secure.cf/alert/login/tyowvsj8?id=t170n82ldn,58,1,6,1,0,0,0,0,0,3,4.673,3,5,0.1034,0,phishing
https://docs.reuters.org/support/faq,36,2,0,0,1,0,0,0,1,1,3.8502,1,4,0.0,0,safe
https://en.wikipedia.edu/docs/getting-started,45,2,0,1,1,0,0,0,1,0,4.028,1,4,0.0,0,safe
http://cutt.ly/pe4udqa,22,1,1,0,0,0,0,0,0,0,3.6978,1,3,0.0455,1,phishing
https://help.spotify.net/blog/2026/updates,42,2,4,0,1,0,0,0,1,1,4.1845,1,5,0.0952,0,safe
https://cloudflare.com/,23,1,0,0,1,0,0,0,0,0,3.969,1,3,0.0,0,safe
https://docs.irs.org/products,29,2,0,0,1,0,0,0,1,0,3.6504,1,3,0.0,0,safe
https://help.spotify.gov/careers,32,2,0,0,1,0,0,0,1,0,4.007,1,3,0.0,0,safe
https://www.github.net/account/settings,39,2,0,0,1,0,0,0,1,1,3.8517,1,4,0.0,0,safe
https://en.bbc.net/about,24,2,0,0,1,0,0,0,1,0,3.6054,1,3,0.0,0,safe
https://docs.wikipedia.com/about,32,2,0,0,1,0,0,0,1,0,4.0306,1,3,0.0,0,safe
https://en.un.org/careers,25,2,0,0,1,0,0,0,1,0,3.7533,1,3,0.0,0,safe
http://google3t-reset-password.ga/reset-password/d4jio,54,1,2,3,0,0,0,0,0,2,4.0491,1,4,0.037,0,phishing
https://help.slack.gov/account/settings,39,2,0,0,1,0,0,0,1,1,3.994,1,4,0.0,0,safe
https://docs.mit.com/pricing,28,2,0,0,1,0,0,0,1,0,3.7709,1,3,0.0,1,safe
https://docs.un.org/products,28,2,0,0,1,0,0,0,1,0,3.6995,1,3,0.0,0,safe
http://dhl-recover.info/secure/update/webscr/authenticate/y2nl58my?id=c57c58lb56,80,1,9,1,0,0,0,0,0,5,4.6225,3,7,0.1125,0,phishing
https://help.figma.edu/,23,2,0,0,1,0,0,0,1,0,3.882,1,3,0.0,0,safe
https://5gdp0max.v0lucy.teinuk9.8a967yb.efa3gsl.chase.cf/alert,62,6,9,0,1,0,0,0,5,1,4.6939,1,3,0.1452,0,phishing
http://micr0s0ft-confirm.cf/confirm/55r1d,41,1,5,1,0,0,0,0,0,1,4.034,1,4,0.122,0,phishing
http://8suj.b06lk6.uzetfa.coinbase.info/login,45,4,4,0,0,0,0,0,3,1,4.4302,1,3,0.0889,0,phishing
https://help.wikipedia.io/about,31,2,0,0,1,0,0,0,1,0,3.9134,1,3,0.0,0,safe
https://en.duolingo.gov/products,32,2,0,0,1,0,0,0,1,0,4.0153,1,3,0.0,0,safe
https://tinyurl.com/hv7dgyq,27,1,1,0,1,0,0,0,0,0,4.2545,1,3,0.037,1,phishing
https://is.gd/g6e34xx,21,1,3,0,1,0,0,0,0,0,3.7849,1,3,0.1429,1,phishing
http://bit.ly/ohu8ryt,21,1,1,0,0,0,0,0,0,0,3.5945,1,3,0.0476,1,phishing
https://slack.gov/products,26,1,0,0,1,0,0,0,0,0,3.921,1,3,0.0,0,safe
https://www.dropbox.com/blog/2026/updates,41,2,4,0,1,0,0,0,1,1,4.2874,1,5,0.0976,0,safe
https://www.nationalgeographic.gov/en/home?ref=y7o0,51,2,2,0,1,0,0,0,1,0,4.4148,3,4,0.0392,0,safe
https://amazon58-confirm.ga/confirm/958dz,41,1,5,1,1,0,0,0,0,1,4.3083,1,4,0.122,0,phishing
http://234.126.11.143/dhl-recover/kz59yu.php,44,4,13,1,0,0,1,0,0,1,4.4251,1,4,0.2955,0,phishing
https://help.mozilla.gov/account/settings,41,2,0,0,1,0,0,0,1,1,4.0923,1,4,0.0,0,safe
http://tinyurl.com/wvd2w8q,26,1,2,0,0,0,0,0,0,0,4.2578,1,3,0.0769,1,phishing
http://facebook-confirm.ga/login/suspended/rvkgkw91?id=c1ia6g9crd,65,1,5,1,0,0,0,0,0,3,4.678,3,5,0.0769,0,phishing
https://5w3dobj.mbhgjva.6zc.rkbzwj.kom0.nh9bykc.instagram.tk/account,68,7,5,0,1,0,0,0,6,1,4.5905,1,3,0.0735,0,phishing
https://en.who.com/pricing,26,2,0,0,1,0,0,0,1,0,3.9022,1,3,0.0,0,safe
https://en.un.edu/blog/2026/updates,35,2,4,0,1,0,0,0,1,1,4.0472,1,5,0.1143,0,safe
http://dhlkk-account.ml/account/poita,37,1,0,1,0,0,0,0,0,1,3.8819,1,4,0.0,0,phishing
https://dh1-recover.tk/recover/guwb7,36,1,2,1,1,0,0,0,0,1,4.149,1,4,0.0556,0,phishing
https://en.spotify.org/en/home,30,2,0,0,1,0,0,0,1,0,3.8314,1,4,0.0,0,safe
https://www.nationalgeographic.io/products,42,2,0,0,1,0,0,0,1,0,4.112,1,3,0.0,0,safe
http://tinyurl.com/egwf06o,26,1,2,0,0,0,0,0,0,0,4.2578,1,3,0.0769,1,phishing
https://nytimes.gov/pricing?ref=hak4,36,1,1,0,1,0,0,0,0,0,4.3848,3,3,0.0278,0,safe
https://cutt.ly/4y78n60,23,1,5,0,1,0,0,0,0,0,3.882,1,3,0.2174,1,phishing
http://rb.gy/6tqg8we,20,1,2,0,0,0,0,0,0,0,3.7464,1,3,0.1,1,phishing
http://fedex-unlock.top/verify/alert/tdi5rb14?id=x6k130ixa1,59,1,8,1,0,0,0,0,0,3,4.6922,3,5,0.1356,0,phishing
https://docs.stackoverflow.gov/en/home?ref=2v8l,47,2,2,0,1,0,0,0,1,0,4.4083,3,4,0.0426,0,safe
https://bbc.edu/about?ref=ts2h,30,1,1,0,1,0,0,0,0,0,4.0566,3,3,0.0333,0,safe
https://73.24.179.236/instagram-unlock/slpuwj.php,49,4,10,1,1,0,1,0,0,1,4.6043,1,4,0.2041,0,phishing
https://www.reuters.gov/,24,2,0,0,1,0,0,0,1,0,3.6573,1,3,0.0,0,safe
https://70.108.225.203/google-billing/5y0i0l.php,48,4,14,1,1,0,1,0,0,1,4.2802,1,4,0.2917,0,phishing
https://en.cloudflare.edu/about,31,2,0,0,1,0,0,0,1,0,4.0181,1,3,0.0,0,safe
http://chase6u-update.top/update/u3s43,38,1,4,1,0,0,0,0,0,1,3.85,1,4,0.1053,0,phishing
https://nasa.edu/account/settings,33,1,0,0,1,0,0,0,0,1,3.7377,1,4,0.0,0,safe
https://rb.gy/5s1ro6v,21,1,3,0,1,0,0,0,0,0,3.8802,1,3,0.1429,1,phishing
https://docs.spotify.io/careers,31,2,0,0,1,0,0,0,1,0,3.8489,1,3,0.0,0,safe
https://docs.nytimes.net/careers,32,2,0,0,1,0,0,0,1,0,3.8514,1,3,0.0,0,safe
http://is.gd/hyhk4zz,20,1,1,0,0,0,0,0,0,0,3.6464,1,3,0.05,1,phishing
https://en.npr.com/pricing,26,2,0,0,1,0,0,0,1,0,3.7672,1,3,0.0,0,safe
http://tinyurl.com/txmr5ni,26,1,1,0,0,0,0,0,0,0,3.9022,1,3,0.0385,1,phishing
http://binance-support-center.cf/verify/unlock/signin/billing/64z6baa4?id=31sk33c37x,84,1,10,2,0,0,0,0,0,5,4.7364,3,7,0.119,0,phishing
https://help.dropbox.org/account/settings,41,2,0,0,1,0,0,0,1,1,4.1107,1,4,0.0,0,safe
http://netflix-unlock.ml/update/webscr/verify/pmod6xss?id=f7tp01dlbm,68,1,4,1,0,0,0,0,0,4,4.7325,3,6,0.0588,0,phishing
https://www.python.edu/help/contact,35,2,0,0,1,0,0,0,1,0,3.8757,1,4,0.0,0,safe
https://en.slack.gov/about,26,2,0,0,1,0,0,0,1,0,4.027,1,3,0.0,0,safe
https://docs.airbnb.net/docs/getting-started,44,2,0,1,1,0,0,0,1,0,3.9613,1,4,0.0,0,safe
http://instagram-confirm.click/confirm/flbu5,44,1,1,1,0,0,0,0,0,2,4.2373,1,4,0.0227,0,phishing
https://docs.bbc.net/account/settings,37,2,0,0,1,0,0,0,1,1,3.7969,1,4,0.0,0,safe
https://dh1-update.ml/update/icynp,34,1,1,1,1,0,0,0,0,1,4.0064,1,4,0.0294,0,phishing
https://docs.nationalgeographic.com/docs/getting-started,56,2,0,1,1,0,0,0,1,0,4.0523,1,4,0.0,0,safe
https://spotify.gov/careers,27,1,0,0,1,0,0,0,0,0,3.9303,1,3,0.0,0,safe
https://www.un.org/en/home?ref=ak2w,35,2,1,0,1,0,0,0,1,0,4.1934,3,4,0.0286,0,safe
https://help.mozilla.io/en/home,31,2,0,0,1,0,0,0,1,0,3.76,1,4,0.0,0,safe
https://help.notion.net/products,32,2,0,0,1,0,0,0,1,0,3.7928,1,3,0.0,0,safe
https://en.irs.gov?ref=8hts,27,2,1,0,1,0,0,0,1,0,4.0323,3,2,0.037,0,safe
http://j9tuq.3buabw2q.v7c500t8.7tho8p.amazon.ml/support-center,62,5,10,1,0,0,0,0,4,1,4.6593,1,3,0.1613,0,phishing
https://python.org/products?ref=15k7,36,1,3,0,1,0,0,0,0,0,4.3083,3,3,0.0833,0,safe
https://duolingo.net/careers,28,1,0,0,1,0,0,0,0,0,4.0122,1,3,0.0,0,safe
http://usps-webscr.ml/webscr/dlzwu,34,1,0,1,0,0,0,0,0,1,4.0064,1,4,0.0,0,phishing
https://www.mozilla.com/support/faq,35,2,0,0,1,0,0,0,1,1,4.0716,1,4,0.0,0,safe
https://docs.coursera.edu/news/latest,37,2,0,0,1,0,0,0,1,0,3.8687,1,4,0.0,0,safe
https://help.harvard.net/blog/2026/updates,42,2,4,0,1,0,0,0,1,1,4.1869,1,5,0.0952,0,safe
https://a60lpy.dszcj.ljt59i.vg9j.gpvc0i.d7s.amazon.tk/secure,60,7,7,0,1,0,0,0,6,1,4.6165,1,3,0.1167,0,phishing
https://chase71-billing.info/billing/3d115,42,1,6,1,1,0,0,0,0,1,4.2704,1,4,0.1429,0,phishing
https://github.edu/pricing,26,1,0,0,1,0,0,0,0,0,3.8441,1,3,0.0,0,safe
https://ik4kadl.ns8ioij.qfr.facebook.top/verify,47,4,2,0,1,0,0,0,3,1,4.4265,1,3,0.0426,0,phishing
http://binance-authenticate.ml/webscr/signin/reset-password/verify/6qgs37vx?id=ahen2vov7k,89,1,5,2,0,0,0,0,0,6,4.6914,3,7,0.0562,0,phishing
http://instagram-confirm.cf/signin/support-center/authenticate/alert/evtlvu5f?id=t25dc3ffdo,91,1,4,2,0,0,0,0,0,5,4.4369,3,7,0.044,0,phishing
http://zp1axc.7f1r.8ha.netflix.cf/webscr,40,4,4,0,0,0,0,0,3,1,4.2964,1,3,0.1,0,phishing
https://docs.coursera.gov/products,34,2,0,0,1,0,0,0,1,0,3.8222,1,3,0.0,0,safe
https://nasa.org/about,22,1,0,0,1,0,0,0,0,0,3.6292,1,3,0.0,0,safe
http://coinbase-alert.ga/update/signin/account/unlock/3liq5z91?id=2c3gz2fr7w,76,1,8,1,0,0,0,0,0,5,4.7285,3,7,0.1053,0,phishing
http://cutt.ly/ly1iq2x,22,1,2,0,0,0,0,0,0,0,3.6978,1,3,0.0909,1,phishing
https://help.slack.org/products,31,2,0,0,1,0,0,0,1,0,3.9536,1,3,0.0,0,safe
https://docs.spotify.io/,24,2,0,0,1,0,0,0,1,0,3.5425,1,3,0.0,0,safe
http://140.121.65.213/usps-unlock/e1k51n.php,44,4,14,1,0,0,1,0,0,1,4.1978,1,4,0.3182,0,phishing
http://fedex-update.gq/update/owt2u,35,1,1,1,0,0,0,0,0,1,3.8757,1,4,0.0286,0,phishing
http://vvs07.o23csgg.498ex0.sz3o7zvy.chase.tk/suspended,55,5,10,0,0,0,0,0,4,1,4.5198,1,3,0.1818,0,phishing
http://rb.gy/7indb5n,20,1,2,0,0,0,0,0,0,0,3.7842,1,3,0.1,1,phishing
https://who.org/blog/2026/updates,33,1,4,0,1,0,0,0,0,1,4.1014,1,5,0.1212,0,safe
https://en.nasa.org/pricing,27,2,0,0,1,0,0,0,1,0,3.8101,1,3,0.0,0,safe
https://www.stackoverflow.gov/blog/2026/updates,47,2,4,0,1,0,0,0,1,1,4.3553,1,5,0.0851,0,safe
http://229.156.109.62/apple-update/n1b8gd.php,45,4,13,1,0,0,1,0,0,1,4.208,1,4,0.2889,0,phishing
https://help.nytimes.gov/blog/2026/updates,42,2,4,0,1,0,0,0,1,1,4.3001,1,5,0.0952,0,safe
https://spotify.org/support/faq?ref=7135,40,1,4,0,1,0,0,0,0,1,4.2464,3,4,0.1,0,safe
https://www.trello.gov/en/home,30,2,0,0,1,0,0,0,1,0,3.8062,1,4,0.0,0,safe
https://spotify.gov/blog/2026/updates,37,1,4,0,1,0,0,0,0,1,4.1858,1,5,0.1081,0,safe
https://wellsfargo-account.ga/authenticate/support-center/unlock/dba45ous?id=0lxwbhjfnx,87,1,3,2,1,0,0,0,0,4,4.6115,3,6,0.0345,0,phishing
https://docs.cloudflare.edu/blog/2026/updates,45,2,4,0,1,0,0,0,1,1,4.1999,1,5,0.0889,0,safe
https://docs.mozilla.net/products,33,2,0,0,1,0,0,0,1,0,4.0667,1,3,0.0,0,safe
https://help.mit.io/careers,27,2,0,0,1,0,0,0,1,0,3.7821,1,3,0.0,0,safe
https://help.dropbox.edu,24,2,0,0,1,0,0,0,1,0,3.8035,1,2,0.0,0,safe
https://en.stackoverflow.gov/help/contact,41,2,0,0,1,0,0,0,1,0,4.062,1,4,0.0,0,safe
https://en.un.io/about,22,2,0,0,1,0,0,0,1,0,3.6635,1,3,0.0,0,safe
https://en.coursera.com/,24,2,0,0,1,0,0,0,1,0,3.8035,1,3,0.0,0,safe
https://www.duolingo.net/help/contact,37,2,0,0,1,0,0,0,1,0,3.9696,1,4,0.0,0,safe
http://icloud-suspended.cf/recover/billing/signin/unlock/3lxdx8po?id=pqmcpefx75,79,1,4,1,0,0,0,0,0,5,4.5939,3,7,0.0506,0,phishing
https://176.158.7.148/icloud-secure/3w578w.php,46,4,14,1,1,0,1,0,0,1,4.4144,1,4,0.3043,0,phishing
http://bit.ly/tayh2d6,21,1,2,0,0,0,0,0,0,0,3.5945,1,3,0.0952,1,phishing
https://stackoverflow.gov/blog/2026/updates,43,1,4,0,1,0,0,0,0,1,4.348,1,5,0.093,0,safe
https://npr.edu/help/contact,28,1,0,0,1,0,0,0,0,0,3.7804,1,4,0.0,0,safe
https://www.khanacademy.edu/support/faq,39,2,0,0,1,0,0,0,1,1,4.2017,1,4,0.0,0,safe
https://44.106.41.20/apple-unlock/9kkqaa.php,44,4,10,1,1,0,1,0,0,1,4.2805,1,4,0.2273,0,phishing
http://amazon3c-signin.gq/signin/8rp18,38,1,4,1,0,0,0,0,0,1,4.1331,1,4,0.1053,0,phishing
http://192.51.106.249/facebook-unlock/q5keqa.php,48,4,12,1,0,0,1,0,0,1,4.4804,1,4,0.25,0,phishing
https://usps.org/pricing,24,1,0,0,1,0,0,0,0,0,3.6573,1,3,0.0,0,safe
http://27.134.42.241/amazon-signin/pfxwvf.php,45,4,10,1,0,0,1,0,0,1,4.3749,1,4,0.2222,0,phishing
http://paypal2n-account.click/account/np4cf,43,1,2,1,0,0,0,0,0,3,3.8995,1,4,0.0465,0,phishing
https://docs.un.com/about,25,2,0,0,1,0,0,0,1,0,3.7533,1,3,0.0,0,safe
https://bankofamerica-secure.click/suspended/unlock/verify/v6ouuaf5?id=k2k32pi9lb,81,1,6,1,1,0,0,0,0,5,4.6764,3,6,0.0741,0,phishing
http://cutt.ly/c62gaa0,22,1,3,0,0,0,0,0,0,0,3.6978,1,3,0.1364,1,phishing
https://usps.io/en/home?ref=0dri,32,1,1,0,1,0,0,0,0,0,4.0778,3,4,0.0312,0,safe
http://209.143.233.115/microsoft-reset-password/any7zd.php,58,4,13,2,0,0,1,0,0,2,4.6335,1,4,0.2241,0,phishing
http://wellsfargo4d-billing.top/billing/qpi4s,45,1,2,1,0,0,0,0,0,1,4.1722,1,4,0.0444,0,phishing
http://f52zh1a.fg4jjp.uhpn.nfxpw.k83itw.brbqgr25.outlook.ml/login,65,7,8,0,0,0,0,0,6,1,4.635,1,3,0.1231,0,phishing
http://qmsmsg.y2qc29.906x8u2r.efdz13j.sf62p2.un34dek.icloud.top/signin,70,7,15,0,0,0,0,0,6,1,4.8072,1,3,0.2143,0,phishing
http://tinyurl.com/1xqsfcq,26,1,1,0,0,0,0,0,0,0,4.1808,1,3,0.0385,1,phishing
http://hafjrqog.erb85.oqm348j.tcjgh17j.microsoft.cf/billing,59,5,7,0,0,0,0,0,4,1,4.5455,1,3,0.1186,0,phishing
http://netflix-recover.click/authenticate/support-center/bcdaqpyw?id=vfx7r7jzyh,79,1,2,2,0,0,0,0,0,4,4.6247,3,5,0.0253,0,phishing
https://dni.o8wq.214p.w9v.coinbase.gq/suspended,47,5,5,0,1,0,0,0,4,1,4.4188,1,3,0.1064,0,phishing
https://en.un.com/help/contact,30,2,0,0,1,0,0,0,1,0,3.7232,1,4,0.0,0,safe
https://tinyurl.com/f7uy86z,27,1,3,0,1,0,0,0,0,0,4.2545,1,3,0.1111,1,phishing
https://npr.gov/en/home,23,1,0,0,1,0,0,0,0,0,3.654,1,4,0.0,0,safe
https://docs.duolingo.gov/en/home,33,2,0,0,1,0,0,0,1,0,3.9653,1,4,0.0,0,safe
https://en.coursera.com/account/settings,40,2,0,0,1,0,0,0,1,1,3.8751,1,4,0.0,0,safe
https://en.khanacademy.io/about,31,2,0,0,1,0,0,0,1,0,4.0668,1,3,0.0,0,safe
https://spotify.org/support/faq,31,1,0,0,1,0,0,0,0,1,3.7442,1,4,0.0,0,safe
http://psh54mns.oc3h9jg8.fyb1.mkoe7y37.fb8.instagram.tk/verify,62,6,10,0,0,0,0,0,5,1,4.6955,1,3,0.1613,0,phishing
http://0nl5dr.nn9g.zc6.e5ccxji.f7rw3s0.bvi4b.wellsfargo.ga/account,66,7,9,0,0,0,0,0,6,1,4.7445,1,3,0.1364,0,phishing
http://cutt.ly/oa75ktq,22,1,2,0,0,0,0,0,0,0,3.7156,1,3,0.0909,1,phishing
https://www.khanacademy.io/,27,2,0,0,1,0,0,0,1,0,4.0043,1,3,0.0,0,safe
https://irs.edu/support/faq,27,1,0,0,1,0,0,0,0,1,3.7821,1,4,0.0,0,safe
https://help.irs.net/support/faq?ref=meys,41,2,0,0,1,0,0,0,1,1,4.1196,3,4,0.0,0,safe
https://www.who.net/en/home,27,2,0,0,1,0,0,0,1,0,3.4118,1,4,0.0,0,safe
https://en.notion.io/account/settings,37,2,0,0,1,0,0,0,1,1,3.6249,1,4,0.0,0,safe
https://d89.4ob8o.vkgf807s.netflix.top/secure,45,4,7,0,1,0,0,0,3,1,4.5191,1,3,0.1556,0,phishing
https://www.python.net/news/latest,34,2,0,0,1,0,0,0,1,0,3.5647,1,4,0.0,0,safe
https://npr.gov/news/latest?ref=c1bk,36,1,1,0,1,0,0,0,0,0,4.2947,3,4,0.0278,0,safe
https://www.nasa.gov/en/home?ref=0cab,37,2,1,0,1,0,0,0,1,0,4.2834,3,4,0.027,0,safe
http://17.187.185.251/chase-recover/nrsq9z.php,46,4,12,1,0,0,1,0,0,1,4.3275,1,4,0.2609,0,phishing
https://7xbgoh.m73d2rf.kbgpr.8tn9l8e.bsylt.81mw2l.usps.cf/update,64,7,10,0,1,0,0,0,6,1,4.6519,1,3,0.1562,0,phishing
https://who.com/,16,1,0,0,1,0,0,0,0,0,3.3278,1,3,0.0,0,safe
https://help.notion.net/?ref=ak7h,33,2,1,0,1,0,0,0,1,0,4.0438,3,3,0.0303,0,safe
http://binance-account.click/reset-password/authenticate/ft3aek8n?id=qwsfyryb5g,79,1,3,2,0,0,0,0,0,5,4.5759,3,5,0.038,0,phishing
https://en.reuters.gov/about?ref=4c86,37,2,3,0,1,0,0,0,1,0,4.3038,3,3,0.0811,0,safe
https://docs.npr.edu/blog/2026/updates?ref=jzej,47,2,4,0,1,0,0,0,1,1,4.4774,3,5,0.0851,0,safe
https://coinbase-secure.click/confirm/alert/yy3a9dya?id=1dvd0sbwgf,66,1,4,1,1,0,0,0,0,4,4.7189,3,5,0.0606,0,phishing
https://en.wikipedia.net/docs/getting-started?ref=l472,54,2,3,1,1,0,0,0,1,0,4.3581,3,4,0.0556,0,safe
https://docs.wikipedia.gov/help/contact?ref=bo1e,48,2,1,0,1,0,0,0,1,0,4.4128,3,4,0.0208,0,safe
https://en.usps.net/en/home,27,2,0,0,1,0,0,0,1,0,3.4118,1,4,0.0,0,safe
http://is.gd/3unv8t0,20,1,3,0,0,0,0,0,0,0,3.8464,1,3,0.15,1,phishing
https://www.khanacademy.org/account/settings,44,2,0,0,1,0,0,0,1,1,4.1724,1,4,0.0,0,safe
http://paypal-login.xyz/recover/recover/k4s285gx?id=vomne2oent,62,1,5,1,0,0,0,0,0,3,4.6357,3,5,0.0806,0,phishing
https://www.dropbox.org/pricing,31,2,0,0,1,0,0,0,1,0,3.9292,1,3,0.0,0,safe
http://55.221.185.239/google-login/lwq2vc.php,45,4,12,1,0,0,1,0,0,1,4.2969,1,4,0.2667,0,phishing
https://244.24.1.111/chase-update/ondfyu.php,44,4,9,1,1,0,1,0,0,1,4.1352,1,4,0.2045,0,phishing
https://fedex-alert.cf/update/confirm/support-center/support-center/h0y9sg0y?id=gjn5sd54rp,90,1,6,3,1,0,0,0,0,4,4.5409,3,7,0.0667,0,phishing
http://instagram0n-recover.info/recover/k790l,45,1,4,1,0,0,0,0,0,1,4.3391,1,4,0.0889,0,phishing
https://help.nytimes.com/help/contact,37,2,0,0,1,0,0,0,1,0,3.8411,1,4,0.0,0,safe
http://chase-login.gq/login/anzes,33,1,0,1,0,0,0,0,0,1,4.0289,1,4,0.0,0,phishing
http://is.gd/h4je0ve,20,1,2,0,0,0,0,0,0,0,3.7842,1,3,0.1,1,phishing
https://vbxt.y377s69a.vq4sl.bi8.coinbase.ga/confirm,51,5,7,0,1,0,0,0,4,1,4.6257,1,3,0.1373,0,phishing
http://b68dz6m.hjh.vi9jkn.flvy.5iwan7.1h1l3.netflix.ml/webscr,61,7,9,0,0,0,0,0,6,1,4.7394,1,3,0.1475,0,phishing
https://en.nytimes.gov?ref=236i,31,2,3,0,1,0,0,0,1,0,4.3248,3,2,0.0968,0,safe
https://71.132.117.114/microsoft-billing/xyef97.php,51,4,13,1,1,0,1,0,0,1,4.4856,1,4,0.2549,0,phishing
https://92.156.212.205/facebook-confirm/moqk2k.php,50,4,12,1,1,0,1,0,0,1,4.4615,1,4,0.24,0,phishing
http://google-recover.gq/account/confirm/login/confirm/j156ntmw?id=8xg330p6x6,77,1,9,1,0,0,0,0,0,4,4.6772,3,7,0.1169,0,phishing
https://help.duolingo.com/products,34,2,0,0,1,0,0,0,1,0,4.0209,1,3,0.0,0,safe
https://rb.gy/pr1cpg0,21,1,2,0,1,0,0,0,0,0,3.6538,1,3,0.0952,1,phishing
https://tinyurl.com/srmem05,27,1,2,0,1,0,0,0,0,0,4.0784,1,3,0.0741,1,phishing
https://dkui7xt1.pa8.ma84ia.3o9k4443.hh6siui4.google.gq/update,62,6,13,0,1,0,0,0,5,1,4.476,1,3,0.2097,0,phishing
https://www.mit.edu/news/latest,31,2,0,0,1,0,0,0,1,0,3.6923,1,4,0.0,0,safe
https://rb.gy/4o4ng0j,21,1,3,0,1,0,0,0,0,0,3.8802,1,3,0.1429,1,phishing
https://docs.coursera.org/en/home,33,2,0,0,1,0,0,0,1,0,3.8849,1,4,0.0,0,safe
https://wikipedia.org/docs/getting-started,42,1,0,1,1,0,0,0,0,0,3.9988,1,4,0.0,0,safe
https://bit.ly/n0zp71d,22,1,3,0,1,0,0,0,0,0,3.9363,1,3,0.1364,1,phishing
https://paypalfb-suspended.cf/suspended/yvos5,45,1,1,1,1,0,0,0,0,2,4.0892,1,4,0.0222,0,phishing
https://usbimgm.sly9myw3.ow3.cg1.swejkrd.o728.binance.cf/login,62,7,7,0,1,0,0,0,6,1,4.7011,1,3,0.1129,0,phishing
https://docs.who.io/pricing,27,2,0,0,1,0,0,0,1,0,3.7821,1,3,0.0,0,safe
http://bit.ly/pe47vrc,21,1,2,0,0,0,0,0,0,0,3.8442,1,3,0.0952,1,phishing
https://python.com/blog/2026/updates,36,1,4,0,1,0,0,0,0,1,4.1944,1,5,0.1111,0,safe
http://djs7.mwd5r.anpl6.3bi.ratmf.fedex.tk/unlock,49,6,4,0,0,0,0,0,5,1,4.5735,1,3,0.0816,0,phishing
http://netflix2t-account.top/account/re5ko,42,1,2,1,0,0,0,0,0,1,4.0493,1,4,0.0476,0,phishing
https://github.gov/blog/2026/updates,36,1,4,0,1,0,0,0,0,1,4.1042,1,5,0.1111,0,safe
https://www.dropbox.io/account/settings,39,2,0,0,1,0,0,0,1,1,4.0772,1,4,0.0,0,safe
https://ov0f.96j.p8a.1v60ie9v.eggk.icloud.gq/confirm,52,6,8,0,1,0,0,0,5,1,4.6373,1,3,0.1538,0,phishing
https://docs.nasa.io/pricing?ref=u7ol,37,2,1,0,1,0,0,0,1,0,4.317,3,3,0.027,0,safe
https://trello.gov/careers,26,1,0,0,1,0,0,0,0,0,3.7381,1,3,0.0,0,safe
https://43zjehbv.5g3.w5s.wrb1h.p6314.9tph.paypal.xyz/login,58,7,11,0,1,0,0,0,6,2,4.5558,1,3,0.1897,0,phishing
https://help.github.org/,24,2,0,0,1,0,0,0,1,0,3.7406,1,3,0.0,0,safe
http://facebook-login.gq/confirm/update/secure/74cetyh6?id=4dk4oiry38,69,1,7,1,0,0,0,0,0,4,4.7318,3,6,0.1014,0,phishing
https://rb.gy/85nxtqx,21,1,2,0,1,0,0,0,0,0,3.8442,1,3,0.0952,1,phishing
https://dropbox.com/pricing,27,1,0,0,1,0,0,0,0,0,3.9303,1,3,0.0,0,safe
https://ic10ud-unlock.ml/unlock/7birw,37,1,3,1,1,0,0,0,0,1,4.3374,1,4,0.0811,0,phishing
http://188.114.105.96/instagram-account/gonvls.php,50,4,11,1,0,0,1,0,0,1,4.4786,1,4,0.22,0,phishing
https://help.harvard.io/,24,2,0,0,1,0,0,0,1,0,3.7721,1,3,0.0,0,safe
https://en.harvard.com/,23,2,0,0,1,0,0,0,1,0,3.882,1,3,0.0,0,safe
http://tinyurl.com/9e465nx,26,1,4,0,0,0,0,0,0,0,4.2578,1,3,0.1538,1,phishing
http://bank0famerica-update.top/update/42aq8,44,1,4,1,0,0,0,0,0,1,4.2805,1,4,0.0909,0,phishing
http://mci6f0vd.qzmadw.o233wzg8.iebk.f0e4tyc.microsoft.ga/login,63,6,8,0,0,0,0,0,5,1,4.7505,1,3,0.127,0,phishing
https://help.mit.edu/docs/getting-started,41,2,0,1,1,0,0,0,1,0,4.0122,1,4,0.0,0,safe
https://en.spotify.net,22,2,0,0,1,0,0,0,1,0,3.5503,1,2,0.0,0,safe
https://98.229.18.19/facebook-confirm/08yhgt.php,48,4,11,1,1,0,1,0,0,1,4.4906,1,4,0.2292,0,phishing
https://we11sfarg0-webscr.top/webscr/t8xky,42,1,4,1,1,0,0,0,0,1,4.2908,1,4,0.0952,0,phishing
https://en.usps.gov/news/latest,31,2,0,0,1,0,0,0,1,0,3.7166,1,4,0.0,0,safe
https://notion.org/en/home,26,1,0,0,1,0,0,0,0,0,3.5654,1,4,0.0,0,safe
https://docs.npr.io/products,28,2,0,0,1,0,0,0,1,0,3.6726,1,3,0.0,0,safe
https://en.github.net/pricing?ref=4tmx,38,2,1,0,1,0,0,0,1,0,4.1787,3,3,0.0263,0,safe
http://tinyurl.com/jy0biuy,26,1,1,0,0,0,0,0,0,0,3.998,1,3,0.0385,1,phishing
https://www.dropbox.net/about,29,2,0,0,1,0,0,0,1,0,3.8833,1,3,0.0,0,safe
https://www.trello.org/about?ref=qgbi,37,2,0,0,1,0,0,0,1,0,4.2089,3,3,0.0,0,safe
https://www.figma.org/account/settings,38,2,0,0,1,0,0,0,1,1,4.0407,1,4,0.0,0,safe
http://ln3.7xf.fqt.qx04j.zwvyhl3.usps.info/reset-password,57,6,5,1,0,0,0,0,5,2,4.6156,1,3,0.0877,0,phishing
http://460.v22.25ei99.apple.ga/billing,38,4,9,0,0,0,0,0,3,1,4.1486,1,3,0.2368,0,phishing
https://docs.cloudflare.org/en/home,35,2,0,0,1,0,0,0,1,0,4.0791,1,4,0.0,0,safe
https://en.slack.net/en/home,28,2,0,0,1,0,0,0,1,0,3.682,1,4,0.0,0,safe
https://en.python.net/careers,29,2,0,0,1,0,0,0,1,0,3.6335,1,3,0.0,0,safe
https://paypal6h-signin.gq/signin/hrpnu,39,1,1,1,1,0,0,0,0,2,3.904,1,4,0.0256,0,phishing
https://www.cloudflare.edu/,27,2,0,0,1,0,0,0,1,0,3.9582,1,3,0.0,0,safe
https://en.mozilla.io/news/latest,33,2,0,0,1,0,0,0,1,0,3.8243,1,4,0.0,0,safe
http://105.18.222.216/coinbase-unlock/ttj265.php,48,4,14,1,0,0,1,0,0,1,4.395,1,4,0.2917,0,phishing
http://cutt.ly/mesxhmr,22,1,0,0,0,0,0,0,0,0,3.6978,1,3,0.0,1,phishing
https://cloudflare.net/docs/getting-started,43,1,0,1,1,0,0,0,0,0,4.0504,1,4,0.0,0,safe
https://en.un.com/en/home,25,2,0,0,1,0,0,0,1,0,3.5435,1,4,0.0,0,safe
http://amazon-login.top/billing/suspended/reset-password/alert/emn1l318?id=0fl5psihhj,85,1,6,2,0,0,0,0,0,6,4.5961,3,7,0.0706,0,phishing
https://a56fp6s3.epqc3.rf6ubx8i.qdwur0we.dzb1.gw3.coinbase.cf/signin,68,7,10,0,1,0,0,0,6,1,4.658,1,3,0.1471,0,phishing
https://help.trello.gov/pricing?ref=3ska,40,2,1,0,1,0,0,0,1,0,4.3087,3,3,0.025,0,safe
http://tinyurl.com/jut0af9,26,1,2,0,0,0,0,0,0,0,4.1329,1,3,0.0769,1,phishing
https://khanacademy.edu/support/faq,35,1,0,0,1,0,0,0,0,1,4.1147,1,4,0.0,0,safe
https://en.npr.edu/support/faq?ref=9tgi,39,2,1,0,1,0,0,0,1,1,4.1698,3,4,0.0256,0,safe
http://231.210.74.30/icloud-reset-password/m3l34y.php,53,4,13,2,0,0,1,0,0,2,4.5296,1,4,0.2453,0,phishing
https://en.mozilla.gov/careers?ref=l06g,39,2,2,0,1,0,0,0,1,0,4.4068,3,3,0.0513,0,safe
https://help.duolingo.org/docs/getting-started?ref=xzyk,55,2,0,1,1,0,0,0,1,0,4.44,3,4,0.0,0,safe
http://is.gd/tftwwa3,20,1,1,0,0,0,0,0,0,0,3.5842,1,3,0.05,1,phishing
https://help.duolingo.gov/careers,33,2,0,0,1,0,0,0,1,0,4.1273,1,3,0.0,0,safe
http://chase-recover.gq/recover/sh2ae,37,1,1,1,0,0,0,0,0,1,3.8305,1,4,0.027,0,phishing
http://wellsfargo-suspended.ml/secure/secure/reset-password/billing/iw5ii93d?id=mkjbc3r9v5,90,1,6,2,0,0,0,0,0,5,4.6008,3,7,0.0667,0,phishing
https://tinyurl.com/qp0t8ve,27,1,2,0,1,0,0,0,0,0,4.2084,1,3,0.0741,1,phishing
https://docs.stackoverflow.gov/,31,2,0,0,1,0,0,0,1,0,4.0424,1,3,0.0,0,safe
https://www.who.org/docs/getting-started,40,2,0,1,1,0,0,0,1,0,3.9276,1,4,0.0,0,safe
https://google68-signin.info/signin/tyub9,41,1,3,1,1,0,0,0,0,1,4.0531,1,4,0.0732,0,phishing
https://rb.gy/7n4khoh,21,1,2,0,1,0,0,0,0,0,3.8442,1,3,0.0952,1,phishing
https://paypal1z-secure.info/secure/edhy6,41,1,2,1,1,0,0,0,0,2,4.3059,1,4,0.0488,0,phishing
http://rb.gy/37qir5g,20,1,3,0,0,0,0,0,0,0,3.7842,1,3,0.15,1,phishing
https://c0inbase-reset-password.info/reset-password/2js0f,57,1,3,3,1,0,0,0,0,2,4.1634,1,4,0.0526,0,phishing
https://docs.reuters.edu/docs/getting-started?ref=wjai,54,2,0,1,1,0,0,0,1,0,4.1851,3,4,0.0,0,safe
https://docs.dropbox.net/?ref=y96m,34,2,2,0,1,0,0,0,1,0,4.315,3,3,0.0588,0,safe
https://llw37m.o07gio.uoj.i1dce.f8glpb4n.79dejkf.fedex.ga/update,64,7,9,0,1,0,0,0,6,1,4.6672,1,3,0.1406,0,phishing
https://help.wikipedia.edu/en/home,34,2,0,0,1,0,0,0,1,0,3.9147,1,4,0.0,0,safe
https://www.khanacademy.com/en/home?ref=fyhr,44,2,0,0,1,0,0,0,1,0,4.2261,3,4,0.0,0,safe
http://bit.ly/c2zk1iy,21,1,2,0,0,0,0,0,0,0,3.749,1,3,0.0952,1,phishing
https://www.who.gov/account/settings,36,2,0,0,1,0,0,0,1,1,3.8611,1,4,0.0,0,safe
http://oeu6t0r4.v0ds.36kcn1.bzguwcl.epqb4o.ijd.facebook.info/billing,68,7,8,0,0,0,0,0,6,1,4.7082,1,3,0.1176,0,phishing
https://instagram-account.info/secure/billing/authenticate/18bl31tq?id=8lsmxcd4zg,81,1,6,1,1,0,0,0,0,4,4.6194,3,6,0.0741,0,phishing
https://140.146.207.251/apple-alert/jvtzu2.php,46,4,13,1,1,0,1,0,0,1,4.2818,1,4,0.2826,0,phishing
https://en.reuters.edu/blog/2026/updates,40,2,4,0,1,0,0,0,1,1,4.0537,1,5,0.1,0,safe
https://dropbox.io/account/settings,35,1,0,0,1,0,0,0,0,1,3.976,1,4,0.0,0,safe
https://fedex-reset-password.ga/login/alert/recover/recover/d7tek9yv?id=x7hy3wln8n,82,1,5,2,1,0,0,0,0,5,4.563,3,7,0.061,0,phishing
https://docs.nationalgeographic.net/news/latest?ref=3j5u,56,2,2,0,1,0,0,0,1,0,4.381,3,4,0.0357,0,safe
https://www.un.gov/help/contact,31,2,0,0,1,0,0,0,1,0,3.8976,1,4,0.0,0,safe
https://en.khanacademy.net/docs/getting-started?ref=mfp0,56,2,1,1,1,0,0,0,1,0,4.2954,3,4,0.0179,0,safe
https://nytimes.gov,19,1,0,0,1,0,0,0,0,0,3.7871,1,2,0.0,0,safe
http://amazon-account.info/alert/signin/vhfi7cnf?id=djyjo2bxcy,62,1,2,1,0,0,0,0,0,3,4.6077,3,5,0.0323,0,phishing
https://notion.net/careers?ref=v3oj,35,1,1,0,1,0,0,0,0,0,4.0716,3,3,0.0286,0,safe
https://en.harvard.com/careers,30,2,0,0,1,0,0,0,1,0,3.8314,1,3,0.0,0,safe
https://2ic1.3xrax5.bp3u.p4qxd67n.z9i.q7h2dr0.wellsfargo.click/account,70,7,12,0,1,0,0,0,6,2,4.8536,1,3,0.1714,0,phishing
https://docs.spotify.com/about?ref=p76t,39,2,2,0,1,0,0,0,1,0,4.263,3,3,0.0513,0,safe
https://nationalgeographic.com/help/contact,43,1,0,0,1,0,0,0,0,0,3.8943,1,4,0.0,0,safe
https://wikipedia.gov/pricing?ref=jfyt,38,1,0,0,1,0,0,0,0,0,4.3565,3,3,0.0,0,safe
https://en.khanacademy.edu/careers,34,2,0,0,1,0,0,0,1,0,3.9003,1,3,0.0,0,safe
http://coinbaseo3-recover.ml/recover/3a81t,42,1,4,1,0,0,0,0,0,1,4.1752,1,4,0.0952,0,phishing
http://bit.ly/ttjxdym,21,1,0,0,0,0,0,0,0,0,3.5178,1,3,0.0,1,phishing
https://en.khanacademy.io/products,34,2,0,0,1,0,0,0,1,0,4.1385,1,3,0.0,0,safe
https://docs.nationalgeographic.com/products,44,2,0,0,1,0,0,0,1,0,4.0815,1,3,0.0,0,safe
http://nulua.f0x.zq3b.11456g.qetv.paypal.ga/verify,50,6,7,0,0,0,0,0,5,2,4.5284,1,3,0.14,0,phishing
https://docs.usps.edu/docs/getting-started,42,2,0,1,1,0,0,0,1,0,3.8739,1,4,0.0,0,safe
https://help.who.com/en/home,28,2,0,0,1,0,0,0,1,0,3.6106,1,4,0.0,0,safe
https://help.nytimes.net/support/faq,36,2,0,0,1,0,0,0,1,1,3.9722,1,4,0.0,0,safe
https://docs.dropbox.net/news/latest,36,2,0,0,1,0,0,0,1,0,3.9166,1,4,0.0,0,safe
https://www.wikipedia.gov/en/home,33,2,0,0,1,0,0,0,1,0,3.9683,1,4,0.0,0,safe
https://docs.irs.gov/support/faq,32,2,0,0,1,0,0,0,1,1,3.9292,1,4,0.0,0,safe
http://bit.ly/em7f91b,21,1,3,0,0,0,0,0,0,0,3.8442,1,3,0.1429,1,phishing
http://cutt.ly/6dmcagz,22,1,1,0,0,0,0,0,0,0,3.7888,1,3,0.0455,1,phishing
https://reuters.gov/about?ref=031l,34,1,3,0,1,0,0,0,0,0,4.2561,3,3,0.0882,0,safe
https://chasej3-recover.cf/recover/rq5jx,40,1,2,1,1,0,0,0,0,1,4.0414,1,4,0.05,0,phishing
https://www.npr.org/,20,2,0,0,1,0,0,0,1,0,3.4464,1,3,0.0,0,safe
http://jvbal.skirg5c.h8ogp55r.outlook.cf/alert,46,4,4,0,0,0,0,0,3,1,4.3275,1,3,0.087,0,phishing
https://figma.com/en/home,25,1,0,0,1,0,0,0,0,0,3.8137,1,4,0.0,0,safe
https://docs.stackoverflow.org/news/latest,42,2,0,0,1,0,0,0,1,0,4.0596,1,4,0.0,0,safe
http://50.246.225.134/amazon-reset-password/5i8pkh.php,54,4,13,2,0,0,1,0,0,2,4.5301,1,4,0.2407,0,phishing
https://help.who.gov/,21,2,0,0,1,0,0,0,1,0,3.5585,1,3,0.0,0,safe
https://www.airbnb.edu/help/contact,35,2,0,0,1,0,0,0,1,0,4.0791,1,4,0.0,0,safe
https://www.mozilla.gov/products,32,2,0,0,1,0,0,0,1,0,4.1556,1,3,0.0,0,safe
http://netf1ix-webscr.click/webscr/09kuh,40,1,3,1,0,0,0,0,0,2,4.3342,1,4,0.075,0,phishing
https://en.notion.net/products,30,2,0,0,1,0,0,0,1,0,3.6696,1,3,0.0,0,safe
https://nasa.net/support/faq,28,1,0,0,1,0,0,0,0,1,3.655,1,4,0.0,0,safe
https://www.npr.net/help/contact,32,2,0,0,1,0,0,0,1,0,3.6914,1,4,0.0,0,safe
https://we11sfarg0-recover.xyz/recover/4r9vv,44,1,5,1,1,0,0,0,0,1,4.2522,1,4,0.1136,0,phishing
https://rb.gy/csvb0e4,21,1,2,0,1,0,0,0,0,0,3.8802,1,3,0.0952,1,phishing
https://stackoverflow.net/account/settings,42,1,0,0,1,0,0,0,0,1,4.043,1,4,0.0,0,safe
https://www.nasa.gov/support/faq,32,2,0,0,1,0,0,0,1,1,3.882,1,4,0.0,0,safe
https://mozilla.edu/careers,27,1,0,0,1,0,0,0,0,0,4.0323,1,3,0.0,0,safe
https://bit.ly/54mybup,22,1,2,0,1,0,0,0,0,0,3.7544,1,3,0.0909,1,phishing
https://docs.coursera.org/pricing,33,2,0,0,1,0,0,0,1,0,3.9226,1,3,0.0,0,safe
https://coinbase-recover.ga/support-center/support-center/2i1zu0mm?id=3ahrdcwj28,80,1,6,3,1,0,0,0,0,2,4.6042,3,5,0.075,0,phishing
https://0ut100k-suspended.top/suspended/rf2fu,45,1,5,1,1,0,0,0,0,1,3.9726,1,4,0.1111,0,phishing
https://5sh.1qrak.hmwmsj.wvyf9.j1jf.8qhx.chase.xyz/alert,56,7,5,0,1,0,0,0,6,1,4.4452,1,3,0.0893,0,phishing
http://61.196.152.68/instagram-unlock/r0kzzl.php,48,4,11,1,0,0,1,0,0,1,4.5637,1,4,0.2292,0,phishing
http://31.81.166.220/bankofamerica-secure/v4zrgx.php,52,4,11,1,0,0,1,0,0,1,4.7432,1,4,0.2115,0,phishing
https://www.stackoverflow.gov/?ref=jnif,39,2,0,0,1,0,0,0,1,0,4.3362,3,3,0.0,0,safe
https://help.slack.gov/blog/2026/updates?ref=2uet,49,2,5,0,1,0,0,0,1,1,4.4182,3,5,0.102,0,safe
https://coinbase-signin.tk/recover/login/vm6zqk12?id=obkkctf4vn,63,1,4,1,1,0,0,0,0,3,4.6464,3,5,0.0635,0,phishing
https://docs.figma.gov/careers,30,2,0,0,1,0,0,0,1,0,4.0566,1,3,0.0,0,safe
http://facebook-confirm.info/recover/account/update/support-center/cbumei0b?id=xu5tdi8tvx,89,1,3,2,0,0,0,0,0,5,4.4482,3,7,0.0337,0,phishing
http://fxyvbu7.9terl.8ouz.iio.facebook.xyz/suspended,52,5,3,0,0,0,0,0,4,1,4.549,1,3,0.0577,0,phishing
http://wellsfargov1-secure.gq/secure/hfp58,42,1,3,1,0,0,0,0,0,1,4.318,1,4,0.0714,0,phishing
https://help.duolingo.net/products,34,2,0,0,1,0,0,0,1,0,3.962,1,3,0.0,0,safe
https://docs.nasa.net,21,2,0,0,1,0,0,0,1,0,3.5585,1,2,0.0,0,safe
https://208.136.52.51/facebook-confirm/lm7qbh.php,49,4,11,1,1,0,1,0,0,1,4.6705,1,4,0.2245,0,phishing
https://www.wikipedia.edu/account/settings,42,2,0,0,1,0,0,0,1,1,3.9847,1,4,0.0,0,safe
http://is.gd/1g3yxdj,20,1,2,0,0,0,0,0,0,0,3.7842,1,3,0.1,1,phishing
https://help.airbnb.edu/support/faq,35,2,0,0,1,0,0,0,1,1,4.0791,1,4,0.0,0,safe
http://zpt.vsy.6ubh4.ktdae.xxbspu.9hsfj4.netflix.click/signin,61,7,4,0,0,0,0,0,6,2,4.5039,1,3,0.0656,0,phishing
https://usps-login.gq/webscr/login/update/x97be5e6?id=2i3afl06nh,64,1,8,1,1,0,0,0,0,3,4.7924,3,6,0.125,0,phishing
http://2p2.df4b.h2u.vvz33s4p.hc03t.q6c5h.microsoft.info/support-center,70,7,11,1,0,0,0,0,6,1,4.5393,1,3,0.1571,0,phishing
https://237.11.80.13/netflix-recover/blrg2c.php,47,4,10,1,1,0,1,0,0,1,4.4956,1,4,0.2128,0,phishing
https://help.stackoverflow.com/support/faq?ref=l4i7,51,2,2,0,1,0,0,0,1,1,4.4219,3,4,0.0392,0,safe
https://coursera.net/help/contact,33,1,0,0,1,0,0,0,0,0,3.7377,1,4,0.0,0,safe
https://docs.khanacademy.gov?ref=3vtw,37,2,1,0,1,0,0,0,1,0,4.4659,3,2,0.027,0,safe
http://h2oyu9xs.ueo.tls0i.4gimopd0.pmxmx.paypal.click/recover,61,6,5,0,0,0,0,0,5,3,4.5019,1,3,0.082,0,phishing
http://2j0r7gk.mh9bdo1.0bkada.mk8vm.zmgaucu.rp7p.dhl.gq/login,61,7,8,0,0,0,0,0,6,1,4.6163,1,3,0.1311,0,phishing
http://cutt.ly/o50m0zl,22,1,3,0,0,0,0,0,0,0,3.6978,1,3,0.1364,1,phishing
http://12roo.7t0v.kog4b.oxpa.tly.facebook.info/unlock,53,6,5,0,0,0,0,0,5,1,4.3879,1,3,0.0943,0,phishing
https://www.cloudflare.io/blog/2026/updates,43,2,4,0,1,0,0,0,1,1,4.3419,1,5,0.093,0,safe
https://www.mozilla.io/en/home,30,2,0,0,1,0,0,0,1,0,3.8566,1,4,0.0,0,safe
https://www.bbc.net/pricing,27,2,0,0,1,0,0,0,1,0,3.7821,1,3,0.0,0,safe
http://bit.ly/i6t6slf,21,1,2,0,0,0,0,0,0,0,3.4992,1,3,0.0952,1,phishing
https://en.mit.net/news/latest?ref=ujfp,39,2,0,0,1,0,0,0,1,0,3.9872,3,4,0.0,0,safe
https://en.duolingo.org,23,2,0,0,1,0,0,0,1,0,3.882,1,2,0.0,0,safe
https://en.un.org/support/faq,29,2,0,0,1,0,0,0,1,1,3.8404,1,4,0.0,0,safe
https://docs.mozilla.org/products,33,2,0,0,1,0,0,0,1,0,4.0061,1,3,0.0,0,safe
http://gk3x.2l0g0.t0n596e.n7d.7kdhna.e15wmk.coinbase.ml/billing,63,7,12,0,0,0,0,0,6,1,4.6035,1,3,0.1905,0,phishing
http://google9h-authenticate.ga/authenticate/4rnjj,50,1,2,1,0,0,0,0,0,1,3.9893,1,4,0.04,0,phishing
https://help.khanacademy.io/news/latest,39,2,0,0,1,0,0,0,1,0,4.0159,1,4,0.0,0,safe
https://en.coursera.edu/docs/getting-started,44,2,0,1,1,0,0,0,1,0,3.9451,1,4,0.0,0,safe
http://tinyurl.com/10xi8xg,26,1,3,0,0,0,0,0,0,0,4.1808,1,3,0.1154,1,phishing
http://tinyurl.com/lse1gfw,26,1,1,0,0,0,0,0,0,0,4.2578,1,3,0.0385,1,phishing
https://harvard.org/help/contact,32,1,0,0,1,0,0,0,0,0,3.8667,1,4,0.0,0,safe
https://docs.reuters.org/careers,32,2,0,0,1,0,0,0,1,0,3.6525,1,3,0.0,0,safe
https://vqj5b6ng.6h8dprmb.gt89nc.twb9i.netflix.click/verify,59,5,7,0,1,0,0,0,4,2,4.6583,1,3,0.1186,0,phishing
https://help.github.com/account/settings,40,2,0,0,1,0,0,0,1,1,3.9776,1,4,0.0,0,safe
https://en.github.edu/blog/2026/updates,39,2,4,0,1,0,0,0,1,1,4.1285,1,5,0.1026,0,safe
http://167.133.169.252/paypal-reset-password/ccbj4l.php,55,4,13,2,0,0,1,0,0,3,4.5354,1,4,0.2364,0,phishing
https://en.mit.io/en/home,25,2,0,0,1,0,0,0,1,0,3.4635,1,4,0.0,0,safe
https://en.python.com/blog/2026/updates,39,2,4,0,1,0,0,0,1,1,4.2311,1,5,0.1026,0,safe
https://help.python.net/products,32,2,0,0,1,0,0,0,1,0,3.7775,1,3,0.0,0,safe
https://en.stackoverflow.edu/news/latest,40,2,0,0,1,0,0,0,1,0,4.0414,1,4,0.0,0,safe
https://en.stackoverflow.net/docs/getting-started,49,2,0,1,1,0,0,0,1,0,4.1225,1,4,0.0,0,safe
https://help.slack.gov/pricing,30,2,0,0,1,0,0,0,1,0,4.0566,1,3,0.0,0,safe
https://www.coursera.net/about,30,2,0,0,1,0,0,0,1,0,3.8566,1,3,0.0,0,safe
http://230.55.199.135/chase-suspended/mwrqa3.php,48,4,12,1,0,0,1,0,0,1,4.3813,1,4,0.25,0,phishing
https://www.mit.io,18,2,0,0,1,0,0,0,1,0,3.3083,1,2,0.0,0,safe
https://www.stackoverflow.io/docs/getting-started,49,2,0,1,1,0,0,0,1,0,4.1778,1,4,0.0,0,safe
https://instagram-confirm.info/confirm/t25nj,44,1,2,1,1,0,0,0,0,1,4.0815,1,4,0.0455,0,phishing
https://binance-verify.cf/alert/login/31ipluv7?id=8hfhk230gx,60,1,7,1,1,0,0,0,0,3,4.8111,3,5,0.1167,0,phishing
https://mozilla.edu/,20,1,0,0,1,0,0,0,0,0,3.8842,1,3,0.0,0,safe
https://en.usps.gov,19,2,0,0,1,0,0,0,1,0,3.5766,1,2,0.0,0,safe
https://harvard.edu/products,28,1,0,0,1,0,0,0,0,0,3.7709,1,3,0.0,0,safe
http://7cz.ap0pkoxh.ukjf1wz.md2.paypal.cf/account,49,5,4,0,0,0,0,0,4,2,4.3753,1,3,0.0816,0,phishing
https://npr.gov/about,21,1,0,0,1,0,0,0,0,0,3.749,1,3,0.0,0,safe
https://usps06-confirm.gq/confirm/u0b0r,39,1,4,1,1,0,0,0,0,1,4.253,1,4,0.1026,0,phishing
https://mit.gov/en/home?ref=4z1g,32,1,2,0,1,0,0,0,0,0,4.2028,3,4,0.0625,0,safe
https://docs.npr.io/about?ref=d9si,34,2,1,0,1,0,0,0,1,0,4.2339,3,3,0.0294,0,safe
https://help.stackoverflow.org/careers?ref=bm76,47,2,2,0,1,0,0,0,1,0,4.358,3,3,0.0426,0,safe
http://118.31.173.143/chase-unlock/0g6f1l.php,45,4,14,1,0,0,1,0,0,1,4.3413,1,4,0.3111,0,phishing
https://75.41.217.1/fedex-recover/txql65.php,44,4,10,1,1,0,1,0,0,1,4.3625,1,4,0.2273,0,phishing
http://bank0famerica-recover.click/recover/11gq9,48,1,4,1,0,0,0,0,0,2,4.3436,1,4,0.0833,0,phishing
http://google-reset-password.ga/authenticate/confirm/nx4006d9?id=watfb60dsm,75,1,7,2,0,0,0,0,0,4,4.6521,3,5,0.0933,0,phishing
https://help.spotify.com/help/contact,37,2,0,0,1,0,0,0,1,0,3.8615,1,4,0.0,0,safe
https://en.npr.edu/careers,26,2,0,0,1,0,0,0,1,0,3.6424,1,3,0.0,0,safe
https://en.stackoverflow.org/about?ref=c1r9,43,2,2,0,1,0,0,0,1,0,4.4144,3,3,0.0465,0,safe
https://facebook6w-unlock.ga/unlock/6p66k,41,1,4,1,1,0,0,0,0,1,4.1684,1,4,0.0976,0,phishing
http://hruw0.2megz.8ulzzo4.ba87ro9m.ht9.binance.xyz/alert,57,6,8,0,0,0,0,0,5,1,4.5823,1,3,0.1404,0,phishing
http://google-secure.tk/unlock/login/login/n4gos1pg?id=a58c481u2y,65,1,8,1,0,0,0,0,0,3,4.51,3,6,0.1231,0,phishing
https://help.khanacademy.gov/pricing?ref=dpho,45,2,0,0,1,0,0,0,1,0,4.4193,3,3,0.0,0,safe
http://binance-confirm.gq/secure/support-center/secure/qhblrh0g?id=52im52ocav,77,1,5,2,0,0,0,0,0,3,4.5791,3,6,0.0649,0,phishing
https://en.coursera.com/help/contact,36,2,0,0,1,0,0,0,1,0,3.8502,1,4,0.0,0,safe
https://en.npr.org/about,24,2,0,0,1,0,0,0,1,0,3.7721,1,3,0.0,0,safe
https://help.duolingo.org/about,31,2,0,0,1,0,0,0,1,0,4.0023,1,3,0.0,0,safe
http://usps5p-recover.ml/recover/ycj46,38,1,3,1,0,0,0,0,0,1,4.1556,1,4,0.0789,0,phishing
https://docs.airbnb.gov/account/settings,40,2,0,0,1,0,0,0,1,1,4.0251,1,4,0.0,0,safe
https://help.notion.edu/en/home,31,2,0,0,1,0,0,0,1,0,3.6955,1,4,0.0,0,safe
http://88.141.83.158/chase-webscr/lqx9dk.php,44,4,11,1,0,0,1,0,0,1,4.408,1,4,0.25,0,phishing
http://rb.gy/syr04yq,20,1,2,0,0,0,0,0,0,0,3.6464,1,3,0.1,1,phishing
https://dropbox.com/account/settings?ref=t9f5,45,1,2,0,1,0,0,0,0,1,4.3581,3,4,0.0444,0,safe
http://faceb00k-update.top/update/nrlte,39,1,2,1,0,0,0,0,0,1,3.9966,1,4,0.0513,0,phishing
https://docs.irs.org/help/contact,33,2,0,0,1,0,0,0,1,0,3.8849,1,4,0.0,0,safe
https://trello.net/pricing,26,1,0,0,1,0,0,0,0,0,3.7483,1,3,0.0,0,safe
https://docs.un.net/careers,27,2,0,0,1,0,0,0,1,0,3.7542,1,3,0.0,0,safe
https://coinbase-update.ml/authenticate/suspended/d0v8cxe6?id=tcs55pwcph,72,1,5,1,1,0,0,0,0,3,4.4148,3,5,0.0694,0,phishing
https://en.github.gov/docs/getting-started,42,2,0,1,1,0,0,0,1,0,4.0313,1,4,0.0,0,safe
https://docs.khanacademy.io/account/settings,44,2,0,0,1,0,0,0,1,1,4.0249,1,4,0.0,0,safe
https://trello.io/account/settings,34,1,0,0,1,0,0,0,0,1,3.8222,1,4,0.0,0,safe
https://en.npr.io/en/home,25,2,0,0,1,0,0,0,1,0,3.5435,1,4,0.0,0,safe
https://mozilla.net/products,28,1,0,0,1,0,0,0,0,0,4.0661,1,3,0.0,0,safe
https://docs.khanacademy.gov/about,34,2,0,0,1,0,0,0,1,0,4.1385,1,3,0.0,0,safe
https://en.mit.net/pricing,26,2,0,0,1,0,0,0,1,0,3.6133,1,3,0.0,0,safe
https://www.duolingo.org/docs/getting-started,45,2,0,1,1,0,0,0,1,0,4.0746,1,4,0.0,0,safe
http://chase-support-center.xyz/support-center/hs2jq,52,1,1,3,0,0,0,0,0,1,4.1044,1,4,0.0192,0,phishing
http://ilkshok.xdebiplm.khni8u6h.apple.top/reset-password,57,4,2,1,0,0,0,0,3,2,4.3367,1,3,0.0351,0,phishing
https://help.usps.gov/products,30,2,0,0,1,0,0,0,1,0,3.7899,1,3,0.0,0,safe
https://docs.bbc.gov/support/faq?ref=xp03,41,2,2,0,1,0,0,0,1,1,4.3755,3,4,0.0488,0,safe
http://chase-alert.xyz/reset-password/reset-password/reset-password/iv609uy8?id=xb1yr647kz,90,1,8,4,0,0,0,0,0,3,4.5795,3,6,0.0889,0,phishing
https://en.coursera.io?ref=7uqn,31,2,1,0,1,0,0,0,1,0,4.1958,3,2,0.0323,0,safe
https://en.dropbox.com/help/contact,35,2,0,0,1,0,0,0,1,0,3.9433,1,4,0.0,0,safe
http://dhl-billing.click/account/recover/signin/ojrpqjgn?id=w41u1k9a5m,70,1,5,1,0,0,0,0,0,5,4.7113,3,6,0.0714,0,phishing
https://www.nytimes.com/blog/2026/updates?ref=eh43,50,2,6,0,1,0,0,0,1,1,4.6615,3,5,0.12,0,safe
http://facebookfe-signin.info/signin/n27bc,42,1,2,1,0,0,0,0,0,1,4.044,1,4,0.0476,0,phishing
http://pzxk.2rz1u.ovn90i9v.pjsmy5jt.v4f.apple.ga/suspended,58,6,7,0,0,0,0,0,5,1,4.6719,1,3,0.1207,0,phishing
https://python.io/about,23,1,0,0,1,0,0,0,0,0,3.5884,1,3,0.0,0,safe
http://amazon-webscr.cf/update/signin/zsk7t0tk?id=bp0ix71ngt,60,1,5,1,0,0,0,0,0,3,4.6505,3,5,0.0833,0,phishing
http://rb.gy/g0it81b,20,1,3,0,0,0,0,0,0,0,3.6464,1,3,0.15,1,phishing
https://help.wikipedia.edu/careers,34,2,0,0,1,0,0,0,1,0,3.9147,1,3,0.0,0,safe
https://help.un.com/help/contact,32,2,0,0,1,0,0,0,1,0,3.7417,1,4,0.0,0,safe
https://cutt.ly/cdm2a80,23,1,3,0,1,0,0,0,0,0,3.882,1,3,0.1304,1,phishing
https://docs.nytimes.com/pricing,32,2,0,0,1,0,0,0,1,0,3.9445,1,3,0.0,0,safe
http://chasez4-billing.tk/billing/kxtyg,39,1,1,1,0,0,0,0,0,1,4.1378,1,4,0.0256,0,phishing
http://amaz0n-account.xyz/account/bbmd8,39,1,2,1,0,0,0,0,0,1,4.0866,1,4,0.0513,0,phishing
http://google-unlock.tk/reset-password/alert/secure/confirm/qahf5zf3?id=bygnchgi2n,82,1,3,2,0,0,0,0,0,6,4.7019,3,7,0.0366,0,phishing
http://chasewm-signin.click/signin/1kha9,40,1,2,1,0,0,0,0,0,2,4.0751,1,4,0.05,0,phishing
http://khi2.ifw.2bz.3og1.nqj9qj.570f26.dhl.top/verify,53,7,10,0,0,0,0,0,6,1,4.6679,1,3,0.1887,0,phishing
https://irs.com/en/home?ref=yy94,32,1,2,0,1,0,0,0,0,0,4.1639,3,4,0.0625,0,safe
http://uspsb2-alert.xyz/alert/2mgtt,35,1,2,1,0,0,0,0,0,1,4.0576,1,4,0.0571,0,phishing
http://157.199.119.174/google-authenticate/g4jhkz.php,53,4,13,1,0,0,1,0,0,1,4.3272,1,4,0.2453,0,phishing
https://coinbase-confirm.ga/authenticate/signin/verify/6jo5hbx0?id=akmo6br2pj,77,1,5,1,1,0,0,0,0,4,4.6854,3,6,0.0649,0,phishing
http://bit.ly/wwpr2qu,21,1,1,0,0,0,0,0,0,0,3.749,1,3,0.0476,1,phishing
https://rb.gy/v14d4f8,21,1,4,0,1,0,0,0,0,0,3.9754,1,3,0.1905,1,phishing
https://www.coursera.org/support/faq,36,2,0,0,1,0,0,0,1,1,3.8984,1,4,0.0,0,safe
https://en.nasa.net/docs/getting-started,40,2,0,1,1,0,0,0,1,0,3.7618,1,4,0.0,0,safe
http://94.4.158.52/chase-signin/0br4aj.php,42,4,10,1,0,0,1,0,0,1,4.386,1,4,0.2381,0,phishing
https://help.mit.io/en/home,27,2,0,0,1,0,0,0,1,0,3.5599,1,4,0.0,0,safe
http://96.224.173.194/coinbase-webscr/6b8u0a.php,48,4,14,1,0,0,1,0,0,1,4.5952,1,4,0.2917,0,phishing
https://docs.npr.com/careers,28,2,0,0,1,0,0,0,1,0,3.7709,1,3,0.0,0,safe
http://tinyurl.com/mz8si17,26,1,3,0,0,0,0,0,0,0,4.1808,1,3,0.1154,1,phishing
https://www.trello.com/support/faq,34,2,0,0,1,0,0,0,1,1,3.962,1,4,0.0,0,safe
https://help.un.io/account/settings,35,2,0,0,1,0,0,0,1,1,3.8402,1,4,0.0,0,safe
http://facebook-unlock.gq/authenticate/support-center/1zpria8o?id=t6flslz1s4,76,1,5,2,0,0,0,0,0,3,4.6248,3,5,0.0658,0,phishing
https://help.github.com/docs/getting-started,44,2,0,1,1,0,0,0,1,0,4.126,1,4,0.0,0,safe
http://is.gd/m0jslhv,20,1,1,0,0,0,0,0,0,0,3.7842,1,3,0.05,1,phishing
https://usps-suspended.ml/authenticate/webscr/update/confirm/jtbzpx4l?id=q3zn9w4jz7,83,1,5,1,1,0,0,0,0,5,4.6768,3,7,0.0602,0,phishing
https://fedex-login.info/support-center/secure/authenticate/webscr/166tmmf1?id=uc8no8el5i,89,1,7,2,1,0,0,0,0,5,4.552,3,7,0.0787,0,phishing
https://en.mozilla.org/help/contact,35,2,0,0,1,0,0,0,1,0,4.0004,1,4,0.0,0,safe
https://fedex-secure.info/reset-password/update/billing/update/hrk02ma2?id=qz9yn8ysye,85,1,5,2,1,0,0,0,0,5,4.7015,3,7,0.0588,0,phishing
http://183.20.73.210/bankofamerica-support-center/kh4vyi.php,60,4,11,2,0,0,1,0,0,1,4.6631,1,4,0.1833,0,phishing
https://irs.net/products,24,1,0,0,1,0,0,0,0,0,3.6887,1,3,0.0,0,safe
https://wellsfargoid-confirm.tk/confirm/kuocr,45,1,0,1,1,0,0,0,0,1,4.3136,1,4,0.0,0,phishing
https://docs.stackoverflow.net/account/settings,47,2,0,0,1,0,0,0,1,1,4.0914,1,4,0.0,0,safe
https://en.wikipedia.io/support/faq,35,2,0,0,1,0,0,0,1,1,4.022,1,4,0.0,0,safe
https://www.python.net,22,2,0,0,1,0,0,0,1,0,3.4251,1,2,0.0,0,safe
https://docs.stackoverflow.net/support/faq,42,2,0,0,1,0,0,0,1,1,4.1455,1,4,0.0,0,safe
http://178.51.219.3/wellsfargo-login/zgtpl6.php,47,4,10,1,0,0,1,0,0,1,4.4851,1,4,0.2128,0,phishing
http://paypal-update.gq/account/login/confirm/8mbkcbw1?id=v2km81h0de,68,1,6,1,0,0,0,0,0,5,4.7745,3,6,0.0882,0,phishing
https://rb.gy/eiie79i,21,1,2,0,1,0,0,0,0,0,3.749,1,3,0.0952,1,phishing
http://216.140.78.70/bankofamerica-update/89p8am.php,52,4,13,1,0,0,1,0,0,1,4.5326,1,4,0.25,0,phishing
https://slack.net/en/home?ref=0ojw,34,1,1,0,1,0,0,0,0,0,4.2417,3,4,0.0294,0,safe
http://fedex-unlock.info/billing/suspended/unlock/alert/3l50mjaw?id=xfx3aqwmoa,78,1,4,1,0,0,0,0,0,4,4.7033,3,7,0.0513,0,phishing
https://help.cloudflare.net/news/latest,39,2,0,0,1,0,0,0,1,0,3.9014,1,4,0.0,0,safe
https://nasa.edu/news/latest,28,1,0,0,1,0,0,0,0,0,3.5391,1,4,0.0,0,safe
https://en.spotify.gov/news/latest,34,2,0,0,1,0,0,0,1,0,3.9003,1,4,0.0,0,safe
https://139.143.222.232/bankofamerica-account/3fknkb.php,56,4,13,1,1,0,1,0,0,1,4.4255,1,4,0.2321,0,phishing
https://nationalgeographic.com/careers,38,1,0,0,1,0,0,0,0,0,3.9708,1,3,0.0,0,safe
https://www.wikipedia.io/pricing?ref=az89,41,2,2,0,1,0,0,0,1,0,4.3083,3,3,0.0488,0,safe
https://cutt.ly/7la2k4e,23,1,3,0,1,0,0,0,0,0,3.882,1,3,0.1304,1,phishing
https://docs.mit.edu/,21,2,0,0,1,0,0,0,1,0,3.6538,1,3,0.0,0,safe
https://docs.harvard.gov/products,33,2,0,0,1,0,0,0,1,0,3.8162,1,3,0.0,0,safe
http://27.38.2.143/facebook-alert/g8am17.php,44,4,11,1,0,0,1,0,0,1,4.408,1,4,0.25,0,phishing
https://www.who.org/docs/getting-started,40,2,0,1,1,0,0,0,1,0,3.9276,1,4,0.0,0,safe
https://help.nationalgeographic.gov/support/faq?ref=lf5v,56,2,1,0,1,0,0,0,1,1,4.3406,3,4,0.0179,0,safe
https://en.python.net/docs/getting-started,42,2,0,1,1,0,0,0,1,0,3.8505,1,4,0.0,0,safe
https://bankofamerica6e-alert.cf/alert/lld6j,44,1,2,1,1,0,0,0,0,1,4.2239,1,4,0.0455,0,phishing
http://bit.ly/a4anmxc,21,1,1,0,0,0,0,0,0,0,3.8442,1,3,0.0476,1,phishing
https://docs.duolingo.net/account/settings,42,2,0,0,1,0,0,0,1,1,3.8622,1,4,0.0,0,safe
https://r3uz3w0.y15yz.qfot6g.ranktj.h1qw.issi.dhl.ml/reset-password,67,7,7,1,1,0,0,0,6,2,4.6775,1,3,0.1045,0,phishing
https://hnigtb.t3ak.9fsfhi8.dhl.click/login,43,4,3,0,1,0,0,0,3,2,4.1819,1,3,0.0698,0,phishing
http://98.146.119.137/instagram-unlock/sju0ot.php,49,4,12,1,0,0,1,0,0,1,4.5789,1,4,0.2449,0,phishing
http://microsoft-billing.xyz/alert/webscr/support-center/alert/2lx1athp?id=q7ld7qpgum,85,1,4,2,0,0,0,0,0,4,4.681,3,7,0.0471,0,phishing
http://119.168.143.198/apple-suspended/eo1yti.php,49,4,13,1,0,0,1,0,0,1,4.1907,1,4,0.2653,0,phishing
http://bit.ly/xgdsgpz,21,1,0,0,0,0,0,0,0,0,3.749,1,3,0.0,1,phishing
https://irs.com/products,24,1,0,0,1,0,0,0,0,0,3.6573,1,3,0.0,0,safe
http://bank0famerica-secure.xyz/secure/tm3da,44,1,2,1,0,0,0,0,0,1,4.3714,1,4,0.0455,0,phishing
https://reuters.net,19,1,0,0,1,0,0,0,0,0,3.2608,1,2,0.0,0,safe
https://netflix-login.ga/support-center/login/00knowl0?id=af32l0vv6e,68,1,7,2,1,0,0,0,0,2,4.6176,3,5,0.1029,0,phishing
https://help.wikipedia.gov/blog/2026/updates,44,2,4,0,1,0,0,0,1,1,4.2805,1,5,0.0909,0,safe
https://help.spotify.edu/products,33,2,0,0,1,0,0,0,1,0,3.9077,1,3,0.0,0,safe
http://12.174.89.185/netflix-secure/yzgwnb.php,46,4,10,1,0,0,1,0,0,1,4.6318,1,4,0.2174,0,phishing
https://en.python.io/en/home,28,2,0,0,1,0,0,0,1,0,3.5297,1,4,0.0,0,safe
https://help.un.gov/pricing?ref=gbij,36,2,0,0,1,0,0,0,1,0,4.3083,3,3,0.0,0,safe
https://docs.slack.org/help/contact,35,2,0,0,1,0,0,0,1,0,3.8861,1,4,0.0,0,safe
http://r8ct2nh.fwybvsk.d3xt40.ggd.4zt2xs.google.xyz/login,57,6,7,0,0,0,0,0,5,1,4.5874,1,3,0.1228,0,phishing
http://191.5.216.153/fedex-secure/h5wc3v.php,44,4,12,1,0,0,1,0,0,1,4.2716,1,4,0.2727,0,phishing
https://www.usps.com/about,26,2,0,0,1,0,0,0,1,0,3.6612,1,3,0.0,0,safe
https://help.un.com,19,2,0,0,1,0,0,0,1,0,3.7216,1,2,0.0,0,safe
http://icloud-login.ga/suspended/recover/0svintl6?id=ztt21alq61,63,1,6,1,0,0,0,0,0,3,4.5886,3,5,0.0952,0,phishing
http://g3zls.c0syy8pq.1br26tj.2aj.vgyjkwp.0r88ia6o.usps.top/billing,67,7,11,0,0,0,0,0,6,1,4.655,1,3,0.1642,0,phishing
https://khanacademy.gov/support/faq,35,1,0,0,1,0,0,0,0,1,4.229,1,4,0.0,0,safe
http://microsoft-update.tk/support-center/verify/h4dj0tc2?id=dnb68c7e3k,71,1,7,2,0,0,0,0,0,3,4.7029,3,5,0.0986,0,phishing
https://en.nytimes.io/docs/getting-started,42,2,0,1,1,0,0,0,1,0,3.9361,1,4,0.0,0,safe
http://133.254.48.220/amazon-reset-password/le9hvf.php,54,4,12,2,0,0,1,0,0,2,4.5969,1,4,0.2222,0,phishing
http://usps1v-account.ga/account/oy4xy,38,1,2,1,0,0,0,0,0,1,4.0304,1,4,0.0526,0,phishing
https://figma.gov/careers,25,1,0,0,1,0,0,0,0,0,3.9737,1,3,0.0,0,safe
https://is.gd/7tgnp50,21,1,3,0,1,0,0,0,0,0,3.6538,1,3,0.1429,1,phishing
https://help.figma.io/account/settings,38,2,0,0,1,0,0,0,1,1,4.0079,1,4,0.0,0,safe
http://microsoft-billing.ga/signin/webscr/billing/billing/r61t3cpu?id=c05u3607om,80,1,9,1,0,0,0,0,0,3,4.5486,3,7,0.1125,0,phishing
https://docs.nytimes.com/blog/2026/updates,42,2,4,0,1,0,0,0,1,1,4.2884,1,5,0.0952,0,safe
https://help.trello.org/,24,2,0,0,1,0,0,0,1,0,3.4906,1,3,0.0,0,safe
https://www.duolingo.io/news/latest,35,2,0,0,1,0,0,0,1,0,3.8861,1,4,0.0,0,safe
https://docs.slack.com/en/home,30,2,0,0,1,0,0,0,1,0,3.8314,1,4,0.0,0,safe
http://d7u.g6hcsud.tn3n.ev75ny.i2fnw6.zpnwpdav.outlook.gq/login,63,7,7,0,0,0,0,0,6,1,4.5656,1,3,0.1111,0,phishing
https://docs.airbnb.org/news/latest,35,2,0,0,1,0,0,0,1,0,4.0436,1,4,0.0,0,safe
http://binancetv-authenticate.ga/authenticate/26sma,51,1,2,1,0,0,0,0,0,1,3.8674,1,4,0.0392,0,phishing
https://who.edu/about,21,1,0,0,1,0,0,0,0,0,3.6538,1,3,0.0,0,safe
https://www.trello.edu/careers,30,2,0,0,1,0,0,0,1,0,3.8062,1,3,0.0,0,safe
https://nasa.net/docs/getting-started,37,1,0,1,1,0,0,0,0,0,3.7523,1,4,0.0,0,safe
http://st1qujpa.qex.tj7y.8xvq5a.645.wchty2c.amazon.cf/suspended,63,7,8,0,0,0,0,0,6,1,4.6473,1,3,0.127,0,phishing
http://amazon-authenticate.ga/suspended/suspended/reset-password/qq1d8n8x?id=e4n29gauph,87,1,6,2,0,0,0,0,0,4,4.4616,3,6,0.069,0,phishing
https://234.96.156.164/chase-support-center/b7j08b.php,54,4,14,2,1,0,1,0,0,1,4.521,1,4,0.2593,0,phishing
http://rb.gy/orafyf0,20,1,1,0,0,0,0,0,0,0,3.6842,1,3,0.05,1,phishing
http://wellsfargo-billing.tk/reset-password/alert/billing/8v5o19be?id=gio0cn308e,80,1,8,2,0,0,0,0,0,4,4.6212,3,6,0.1,0,phishing
https://chaseah-account.gq/account/njpxn,40,1,0,1,1,0,0,0,0,1,3.9128,1,4,0.0,0,phishing
http://amazon-verify.xyz/unlock/login/qy86h5u0?id=ecw9os8pve,60,1,6,1,0,0,0,0,0,3,4.9297,3,5,0.1,0,phishing
https://paypa1-verify.cf/verify/k62w3,37,1,4,1,1,0,0,0,0,1,4.2834,1,4,0.1081,0,phishing
https://help.coursera.net/about,31,2,0,0,1,0,0,0,1,0,3.8732,1,3,0.0,0,safe
https://help.usps.net/support/faq,33,2,0,0,1,0,0,0,1,1,3.7229,1,4,0.0,0,safe
http://4kvf5oop.7ho06.kdfv.509x.zlffy.netflix.click/billing,59,6,8,0,0,0,0,0,5,2,4.4971,1,3,0.1356,0,phishing
http://is.gd/b6v96sq,20,1,3,0,0,0,0,0,0,0,3.7842,1,3,0.15,1,phishing
https://icloud-signin.ml/support-center/secure/secure/39yh1ad7?id=upq3uud2t7,76,1,7,2,1,0,0,0,0,3,4.5289,3,6,0.0921,0,phishing
https://en.dropbox.com/support/faq,34,2,0,0,1,0,0,0,1,1,4.0653,1,4,0.0,0,safe
https://www.figma.org/careers,29,2,0,0,1,0,0,0,1,0,3.9523,1,3,0.0,0,safe
http://bankofamerica-verify.ga/confirm/webscr/reset-password/jxu82y5n?id=ua49fd5l7o,83,1,7,2,0,0,0,0,0,5,4.8671,3,6,0.0843,0,phishing
https://en.github.net/account/settings,38,2,0,0,1,0,0,0,1,1,3.7437,1,4,0.0,0,safe
http://176.77.45.161/binance-authenticate/gxls6o.php,52,4,11,1,0,0,1,0,0,1,4.361,1,4,0.2115,0,phishing
http://google-billing.gq/update/secure/ubhr50qj?id=561hu4p9vu,61,1,7,1,0,0,0,0,0,3,4.7013,3,5,0.1148,0,phishing
https://www.reuters.net/blog/2026/updates,41,2,4,0,1,0,0,0,1,1,4.1203,1,5,0.0976,0,safe
https://www.slack.net/blog/2026/updates,39,2,4,0,1,0,0,0,1,1,4.2311,1,5,0.1026,0,safe
http://binanceqd-confirm.click/confirm/but3j,44,1,1,1,0,0,0,0,0,2,4.3148,1,4,0.0227,0,phishing
https://help.nytimes.org,24,2,0,0,1,0,0,0,1,0,3.8868,1,2,0.0,0,safe
https://docs.figma.edu/support/faq,34,2,0,0,1,0,0,0,1,1,4.0797,1,4,0.0,0,safe
http://faceb00k-billing.info/billing/vlhlg,42,1,2,1,0,0,0,0,0,1,4.026,1,4,0.0476,0,phishing
http://yibjpm.i5bzxp.9en48vyi.binance.cf/alert,46,4,4,0,0,0,0,0,3,1,4.4251,1,3,0.087,0,phishing
http://qae1f2d.yqhttunp.wlbgxy.gr1gyte.4om41.microsoft.gq/authenticate,70,6,6,0,0,0,0,0,5,1,4.5389,1,3,0.0857,0,phishing
http://paypal24-suspended.ga/suspended/ybnl0,44,1,3,1,0,0,0,0,0,2,4.0704,1,4,0.0682,0,phishing
https://docs.nytimes.net/en/home,32,2,0,0,1,0,0,0,1,0,3.7028,1,4,0.0,0,safe
https://en.python.edu/,22,2,0,0,1,0,0,0,1,0,3.5726,1,3,0.0,0,safe
http://d0mgavn.ynk93k.5syllz64.mfewk.apple.top/signin,53,5,6,0,0,0,0,0,4,1,4.584,1,3,0.1132,0,phishing
https://docs.dropbox.edu/en/home,32,2,0,0,1,0,0,0,1,0,3.8903,1,4,0.0,0,safe
https://www.npr.net/pricing,27,2,0,0,1,0,0,0,1,0,3.6521,1,3,0.0,0,safe
https://irs.io/blog/2026/updates?ref=qlqc,41,1,4,0,1,0,0,0,0,1,4.4522,3,5,0.0976,0,safe
https://en.python.edu/?ref=tyzm,31,2,0,0,1,0,0,0,1,0,4.0668,3,3,0.0,0,safe
https://docs.npr.com/about,26,2,0,0,1,0,0,0,1,0,3.8441,1,3,0.0,0,safe
https://help.reuters.com/products,33,2,0,0,1,0,0,0,1,0,3.7785,1,3,0.0,0,safe
https://help.python.edu/blog/2026/updates,41,2,4,0,1,0,0,0,1,1,4.1107,1,5,0.0976,0,safe
https://www.wikipedia.io/help/contact?ref=7gx8,46,2,2,0,1,0,0,0,1,0,4.4038,3,4,0.0435,0,safe
https://cutt.ly/dndqo6g,23,1,1,0,1,0,0,0,0,0,3.882,1,3,0.0435,1,phishing
https://docs.spotify.edu/about,30,2,0,0,1,0,0,0,1,0,3.8981,1,3,0.0,0,safe
https://bbc.com/blog/2026/updates,33,1,4,0,1,0,0,0,0,1,4.1014,1,5,0.1212,0,safe
https://y0ax96cu.kqn6fv7.6pkjx5dk.g08.yzck8l7f.6zw1g.amazon.click/secure,72,7,13,0,1,0,0,0,6,2,4.8764,1,3,0.1806,0,phishing
https://en.dropbox.net/,23,2,0,0,1,0,0,0,1,0,3.6753,1,3,0.0,0,safe
https://en.wikipedia.com/help/contact,37,2,0,0,1,0,0,0,1,0,3.9927,1,4,0.0,0,safe
http://paypa1-recover.gq/recover/n19lg,38,1,3,1,0,0,0,0,0,1,4.1228,1,4,0.0789,0,phishing
https://en.nytimes.org/news/latest,34,2,0,0,1,0,0,0,1,0,3.8414,1,4,0.0,0,safe
http://usps-secure.gq/login/suspended/bmnsbvc9?id=hdvyov71cl,60,1,3,1,0,0,0,0,0,3,4.5587,3,5,0.05,0,phishing
https://en.nationalgeographic.org/docs/getting-started,54,2,0,1,1,0,0,0,1,0,3.9859,1,4,0.0,0,safe
https://help.stackoverflow.io/about,35,2,0,0,1,0,0,0,1,0,4.1363,1,3,0.0,0,safe
http://icloud-suspended.gq/alert/suspended/ru4vjfow?id=mf4uwvk65r,65,1,4,1,0,0,0,0,0,2,4.6592,3,5,0.0615,0,phishing
https://docs.trello.edu/account/settings?ref=1k3a,49,2,2,0,1,0,0,0,1,1,4.3286,3,4,0.0408,0,safe
https://stackoverflow.io/,25,1,0,0,1,0,0,0,0,0,3.9933,1,3,0.0,0,safe
https://amaz0n-alert.ml/alert/quacb,35,1,1,1,1,0,0,0,0,1,4.0332,1,4,0.0286,0,phishing
http://is.gd/ld3ki04,20,1,3,0,0,0,0,0,0,0,3.7842,1,3,0.15,1,phishing
https://icloud-webscr.top/update/update/update/nia3jmhf?id=8qzvxd0n16,69,1,5,1,1,0,0,0,0,2,4.7043,3,6,0.0725,0,phishing
https://wikipedia.io/products,29,1,0,0,1,0,0,0,0,0,3.8833,1,3,0.0,0,safe
https://www.nytimes.edu/blog/2026/updates?ref=uayn,50,2,4,0,1,0,0,0,1,1,4.5264,3,5,0.08,0,safe
https://help.figma.net/pricing?ref=lgz1,39,2,1,0,1,0,0,0,1,0,4.2462,3,3,0.0256,0,safe
http://facebook-support-center.tk/support-center/account/kisdxd20?id=q83g45uq0g,79,1,7,3,0,0,0,0,0,2,4.6351,3,5,0.0886,0,phishing
https://microsoft-confirm.cf/account/signin/confirm/35vcrs7b?id=zplqr9z9q0,74,1,6,1,1,0,0,0,0,3,4.5574,3,6,0.0811,0,phishing
http://paypal-recover.gq/confirm/support-center/5kgdd4qs?id=q4oge4h5qa,70,1,5,2,0,0,0,0,0,4,4.612,3,5,0.0714,0,phishing
https://en.slack.edu?ref=9dxg,29,2,1,0,1,0,0,0,1,0,4.3492,3,2,0.0345,0,safe
https://help.nytimes.net/pricing,32,2,0,0,1,0,0,0,1,0,3.8195,1,3,0.0,0,safe
https://help.nationalgeographic.io/careers,42,2,0,0,1,0,0,0,1,0,3.9332,1,3,0.0,0,safe
https://help.spotify.gov/products,33,2,0,0,1,0,0,0,1,0,4.0061,1,3,0.0,0,safe
https://help.wikipedia.com/careers,34,2,0,0,1,0,0,0,1,0,4.0209,1,3,0.0,0,safe
https://help.mit.io/blog/2026/updates,37,2,4,0,1,0,0,0,1,1,4.1185,1,5,0.1081,0,safe
https://ikmkslcq.bdzp.egc14gpy.vfft.jdj9zgij.k90h.usps.top/webscr,65,7,5,0,1,0,0,0,6,1,4.6278,1,3,0.0769,0,phishing
https://www.slack.com/news/latest?ref=082u,42,2,3,0,1,0,0,0,1,0,4.3267,3,4,0.0714,0,safe
https://mozilla.org,19,1,0,0,1,0,0,0,0,0,3.8269,1,2,0.0,0,safe
https://chase-webscr.cf/reset-password/login/support-center/okiiof23?id=61vapr2xdu,82,1,5,3,1,0,0,0,0,5,4.6103,3,6,0.061,0,phishing
https://docs.irs.com/docs/getting-started,41,2,0,1,1,0,0,0,1,0,3.9092,1,4,0.0,0,safe
http://55.47.150.92/microsoft-suspended/taw17y.php,50,4,11,1,0,0,1,0,0,1,4.5737,1,4,0.22,0,phishing
http://235.239.143.72/outlook-support-center/uknxrl.php,55,4,11,2,0,0,1,0,0,1,4.3588,1,4,0.2,0,phishing
http://apple-recover.top/login/unlock/secure/reset-password/d9wafpr4?id=rkzo0qelk0,82,1,4,2,0,0,0,0,0,6,4.5363,3,7,0.0488,0,phishing
https://trello.com/about,24,1,0,0,1,0,0,0,0,0,3.7721,1,3,0.0,0,safe
http://35.224.134.138/netflix-unlock/40s166.php,47,4,16,1,0,0,1,0,0,1,4.4956,1,4,0.3404,0,phishing
https://netflixr8-support-center.tk/support-center/cjj0q,56,1,2,3,1,0,0,0,0,1,4.1672,1,4,0.0357,0,phishing
https://nationalgeographic.net/about,36,1,0,0,1,0,0,0,0,0,3.9512,1,3,0.0,0,safe
https://rb.gy/buyqhof,21,1,0,0,1,0,0,0,0,0,3.7849,1,3,0.0,1,phishing
https://docs.airbnb.net/blog/2026/updates,41,2,4,0,1,0,0,0,1,1,4.2571,1,5,0.0976,0,safe
https://41.233.137.47/instagram-secure/szthp2.php,49,4,11,1,1,0,1,0,0,1,4.3186,1,4,0.2245,0,phishing
https://39cq.651ibm9.2pzu.instagram.ga/update,45,4,7,0,1,0,0,0,3,1,4.4805,1,3,0.1556,0,phishing
http://paypal-login.top/recover/confirm/login/webscr/itreb0y5?id=88su4oje1w,75,1,6,1,0,0,0,0,0,5,4.7054,3,7,0.08,0,phishing
https://outlook-authenticate.click/update/alert/ye799593?id=5142xen643,70,1,13,1,1,0,0,0,0,4,4.6486,3,5,0.1857,0,phishing
https://zo55.1xwcko.sio9g.lly1r6.g7zgt.facebook.info/recover,60,6,7,0,1,0,0,0,5,1,4.5787,1,3,0.1167,0,phishing
https://binance-unlock.ga/unlock/e75cy,38,1,2,1,1,0,0,0,0,1,4.2479,1,4,0.0526,0,phishing
http://binance-signin.ml/secure/unlock/secure/e8zqt8ik?id=h2w76o26x2,68,1,8,1,0,0,0,0,0,3,4.6866,3,6,0.1176,0,phishing
https://en.cloudflare.io/careers,32,2,0,0,1,0,0,0,1,0,4.0153,1,3,0.0,0,safe
https://docs.harvard.gov/account/settings,41,2,0,0,1,0,0,0,1,1,3.9948,1,4,0.0,0,safe
http://rnp.aw5qml.ghw.vif4g.coinbase.info/secure,48,5,2,0,0,0,0,0,4,1,4.4885,1,3,0.0417,0,phishing
http://rb.gy/cdlyas0,20,1,1,0,0,0,0,0,0,0,3.8842,1,3,0.05,1,phishing
https://169.176.40.2/paypal-update/65gyn7.php,45,4,12,1,1,0,1,0,0,2,4.2969,1,4,0.2667,0,phishing
http://icloud-webscr.ml/recover/update/ysq0vjm0?id=x49j1bd7aa,61,1,6,1,0,0,0,0,0,3,4.8057,3,5,0.0984,0,phishing
http://amaz0n-webscr.info/webscr/vf8zu,38,1,2,1,0,0,0,0,0,1,4.4585,1,4,0.0526,0,phishing
http://apple-reset-password.click/unlock/suspended/y5f42ykz?id=etonziqy1q,73,1,4,2,0,0,0,0,0,5,4.6607,3,5,0.0548,0,phishing
https://google-confirm.ml/update/billing/d8njflg1?id=g20iwf3ngb,63,1,5,1,1,0,0,0,0,3,4.6224,3,5,0.0794,0,phishing
https://ecoqf.fme7g.9gt.vfo.dhl.ga/authenticate,47,5,2,0,1,0,0,0,4,1,4.2164,1,3,0.0426,0,phishing
https://40.72.174.3/google-reset-password/q45u4l.php,52,4,11,2,1,0,1,0,0,2,4.4261,1,4,0.2115,0,phishing
https://docs.un.edu/help/contact?ref=p03e,41,2,2,0,1,0,0,0,1,0,4.1988,3,4,0.0488,0,safe
http://cutt.ly/qvp7v1x,22,1,2,0,0,0,0,0,0,0,3.6978,1,3,0.0909,1,phishing
https://www.mozilla.io/help/contact,35,2,0,0,1,0,0,0,1,0,3.9217,1,4,0.0,0,safe
http://microsoft-signin.ga/signin/login/zbnu8nlj?id=ok5jotqire,62,1,2,1,0,0,0,0,0,2,4.4441,3,5,0.0323,0,phishing
https://en.harvard.net,22,2,0,0,1,0,0,0,1,0,3.6069,1,2,0.0,0,safe
http://is.gd/2wkx0bs,20,1,2,0,0,0,0,0,0,0,3.8842,1,3,0.1,1,phishing
http://wi5b.o3h.rm1w.outlook.gq/webscr,38,4,3,0,0,0,0,0,3,1,4.2936,1,3,0.0789,0,phishing
http://chase-signin.ml/signin/alola,35,1,0,1,0,0,0,0,0,1,3.8646,1,4,0.0,0,phishing
https://help.nasa.edu/careers,29,2,0,0,1,0,0,0,1,0,3.7454,1,3,0.0,0,safe
https://143.135.93.14/outlook-unlock/3njx3f.php,47,4,12,1,1,0,1,0,0,1,4.2381,1,4,0.2553,0,phishing
https://netflix-reset-password.info/authenticate/suspended/signin/nsm9n4ws?id=k76typ44pt,88,1,6,2,1,0,0,0,0,5,4.4725,3,6,0.0682,0,phishing
http://rb.gy/lpq4giq,20,1,1,0,0,0,0,0,0,0,3.6842,1,3,0.05,1,phishing
https://docs.notion.org,23,2,0,0,1,0,0,0,1,0,3.6212,1,2,0.0,0,safe
http://iumjdwl8.794px.65l3kmnv.4bkqbp6z.1m7tys8s.i3p9o.binance.xyz/account,74,7,14,0,0,0,0,0,6,1,4.8929,1,3,0.1892,0,phishing
http://chasez7-recover.info/recover/j2l97,41,1,4,1,0,0,0,0,0,1,4.2571,1,4,0.0976,0,phishing
https://docs.nytimes.edu/docs/getting-started,45,2,0,1,1,0,0,0,1,0,3.9972,1,4,0.0,0,safe
http://facebook-alert.info/support-center/billing/billing/psnebwf8?id=66w2927l7a,80,1,8,2,0,0,0,0,0,3,4.6266,3,6,0.1,0,phishing
http://mg0.z53wj4a2.j23.21n.ua0sl3kb.icloud.top/verify,54,6,11,0,0,0,0,0,5,1,4.8192,1,3,0.2037,0,phishing
http://facebookg6-secure.ml/secure/z246s,40,1,4,1,0,0,0,0,0,1,4.3439,1,4,0.1,0,phishing
http://222.199.5.89/icloud-webscr/ggclfk.php,44,4,9,1,0,0,1,0,0,1,4.4817,1,4,0.2045,0,phishing
https://80fnzrm.pxcz.i632.vq6sc.sje.apple.tk/suspended,54,6,6,0,1,0,0,0,5,1,4.5282,1,3,0.1111,0,phishing
https://www.nationalgeographic.com,34,2,0,0,1,0,0,0,1,0,4.0575,1,2,0.0,0,safe
https://www.nytimes.com,23,2,0,0,1,0,0,0,1,0,3.7623,1,2,0.0,0,safe
https://docs.wikipedia.net/news/latest,38,2,0,0,1,0,0,0,1,0,3.8699,1,4,0.0,0,safe
http://144.56.104.75/bankofamerica-webscr/5iktxu.php,52,4,11,1,0,0,1,0,0,1,4.6279,1,4,0.2115,0,phishing
https://docs.harvard.io/pricing,31,2,0,0,1,0,0,0,1,0,3.9134,1,3,0.0,0,safe
http://115.131.119.223/icloud-suspended/dt6gfn.php,50,4,13,1,0,0,1,0,0,1,4.3186,1,4,0.26,0,phishing
http://112.120.145.89/bankofamerica-login/sk7nky.php,52,4,12,1,0,0,1,0,0,1,4.6808,1,4,0.2308,0,phishing
https://en.cloudflare.gov/support/faq,37,2,0,0,1,0,0,0,1,1,4.1753,1,4,0.0,0,safe
http://googleiu-unlock.cf/unlock/uhe37,38,1,2,1,0,0,0,0,0,1,4.0503,1,4,0.0526,0,phishing
https://reuters.com/en/home?ref=8n5w,36,1,2,0,1,0,0,0,0,0,4.0833,3,4,0.0556,0,safe
https://en.reuters.org/news/latest?ref=cpkr,43,2,0,0,1,0,0,0,1,0,4.014,3,4,0.0,0,safe
https://rb.gy/xopvvl1,21,1,1,0,1,0,0,0,0,0,3.8802,1,3,0.0476,1,phishing
https://usps-login.click/billing/reset-password/confirm/ir47fhah?id=1jh74qs0mf,78,1,6,2,1,0,0,0,0,6,4.7041,3,6,0.0769,0,phishing
https://coursera.gov/,21,1,0,0,1,0,0,0,0,0,3.7849,1,3,0.0,0,safe
https://231.109.189.69/facebook-update/7kma67.php,49,4,14,1,1,0,1,0,0,1,4.4919,1,4,0.2857,0,phishing
http://app1e-webscr.gq/webscr/jmgae,35,1,1,1,0,0,0,0,0,1,4.0791,1,4,0.0286,0,phishing
https://usps-login.gq/login/66a2j,33,1,3,1,1,0,0,0,0,1,4.0896,1,4,0.0909,0,phishing
https://help.nasa.org/blog/2026/updates,39,2,4,0,1,0,0,0,1,1,4.1411,1,5,0.1026,0,safe
https://notion.net/,19,1,0,0,1,0,0,0,0,0,3.2211,1,3,0.0,0,safe
https://en.dropbox.org/careers?ref=hgzn,39,2,0,0,1,0,0,0,1,0,4.1798,3,3,0.0,0,safe
http://222.61.110.192/chase-suspended/p2qn3p.php,48,4,13,1,0,0,1,0,0,1,4.0978,1,4,0.2708,0,phishing
http://223.93.94.166/fedex-recover/3077fv.php,45,4,14,1,0,0,1,0,0,1,4.3472,1,4,0.3111,0,phishing
https://chase-signin.ml/signin/yqiv6,36,1,1,1,1,0,0,0,0,1,4.0141,1,4,0.0278,0,phishing
https://dhl-support-center.gq/support-center/reset-password/confirm/reset-password/6wlp8zdc?id=mbrtpyfuh3,105,1,3,5,1,0,0,0,0,4,4.4827,3,7,0.0286,0,phishing
https://www.duolingo.com/products,33,2,0,0,1,0,0,0,1,0,4.0061,1,3,0.0,0,safe
https://docs.cloudflare.edu/careers,35,2,0,0,1,0,0,0,1,0,3.8786,1,3,0.0,0,safe
http://cutt.ly/sauolrk,22,1,0,0,0,0,0,0,0,0,3.6978,1,3,0.0,1,phishing
https://help.nasa.com/docs/getting-started,42,2,0,1,1,0,0,0,1,0,4.0347,1,4,0.0,0,safe
https://en.nasa.org/pricing,27,2,0,0,1,0,0,0,1,0,3.8101,1,3,0.0,0,safe
http://bit.ly/mkdgdlg,21,1,0,0,0,0,0,0,0,0,3.6538,1,3,0.0,1,phishing
http://cutt.ly/nd20o3o,22,1,3,0,0,0,0,0,0,0,3.7888,1,3,0.1364,1,phishing
http://paypall6-alert.ml/alert/8k5h9,36,1,4,1,0,0,0,0,0,2,3.882,1,4,0.1111,0,phishing
https://en.coursera.gov/blog/2026/updates,41,2,4,0,1,0,0,0,1,1,4.269,1,5,0.0976,0,safe
http://paypalnb-webscr.info/webscr/4h9il,40,1,2,1,0,0,0,0,0,2,4.3342,1,4,0.05,0,phishing
http://amazon-webscr.ml/account/suspended/gfx6q87y?id=da8ag47z45,64,1,8,1,0,0,0,0,0,3,4.8595,3,5,0.125,0,phishing
http://rb.gy/1cpni5m,20,1,2,0,0,0,0,0,0,0,3.8842,1,3,0.1,1,phishing
http://bit.ly/fs48lq3,21,1,3,0,0,0,0,0,0,0,3.8442,1,3,0.1429,1,phishing
https://binance-login.xyz/login/verify/jpthtidd?id=tch24qgl6m,61,1,3,1,1,0,0,0,0,2,4.689,3,5,0.0492,0,phishing
http://bit.ly/a041g8p,21,1,4,0,0,0,0,0,0,0,3.8442,1,3,0.1905,1,phishing
http://rb.gy/y3oy2lc,20,1,2,0,0,0,0,0,0,0,3.7464,1,3,0.1,1,phishing
https://137.104.243.59/facebook-suspended/016clu.php,52,4,14,1,1,0,1,0,0,1,4.6184,1,4,0.2692,0,phishing
http://l155.n9oee6.to6.wellsfargo.top/alert,43,4,6,0,0,0,0,0,3,1,4.069,1,3,0.1395,0,phishing
https://help.slack.edu/products,31,2,0,0,1,0,0,0,1,0,3.889,1,3,0.0,0,safe
https://micr0s0ft-alert.gq/alert/5x57q,38,1,5,1,1,0,0,0,0,1,4.2383,1,4,0.1316,0,phishing
http://we11sfarg0-update.gq/update/v4469,40,1,7,1,0,0,0,0,0,1,4.3153,1,4,0.175,0,phishing
https://bit.ly/ruhz582,22,1,3,0,1,0,0,0,0,0,3.9363,1,3,0.1364,1,phishing
http://apple-billing.xyz/billing/signin/w796qbtf?id=1l5rligihf,62,1,5,1,0,0,0,0,0,2,4.4372,3,5,0.0806,0,phishing
https://un.io/careers,21,1,0,0,1,0,0,0,0,0,3.7849,1,3,0.0,0,safe
http://81.205.235.247/chase-webscr/9hx14e.php,45,4,14,1,0,0,1,0,0,1,4.3749,1,4,0.3111,0,phishing
http://bit.ly/1g2whf5,21,1,3,0,0,0,0,0,0,0,3.8442,1,3,0.1429,1,phishing
http://0dj.cgy.1004.36pn.lyn5.coinbase.cf/confirm,49,6,8,0,0,0,0,0,5,1,4.5327,1,3,0.1633,0,phishing
https://stackoverflow.net,25,1,0,0,1,0,0,0,0,0,4.0039,1,2,0.0,0,safe
https://dhl-webscr.ga/account/billing/ipd68ep8?id=9fv78fqqv9,60,1,7,1,1,0,0,0,0,3,4.7379,3,5,0.1167,0,phishing
https://9e7j9qn.2t7y9cc.x5nm7.3iz.yasatq3x.icloud.tk/billing,60,6,10,0,1,0,0,0,5,1,4.6461,1,3,0.1667,0,phishing
http://cutt.ly/xq4kko7,22,1,2,0,0,0,0,0,0,0,3.7888,1,3,0.0909,1,phishing
https://airbnb.edu/support/faq,30,1,0,0,1,0,0,0,0,1,3.9899,1,4,0.0,0,safe
http://4rgzo5fi.zog.vwk24z.hqw.ta6ghrq.x2l.coinbase.gq/authenticate,67,7,6,0,0,0,0,0,6,1,4.5782,1,3,0.0896,0,phishing
https://www.un.net/,19,2,0,0,1,0,0,0,1,0,3.2866,1,3,0.0,0,safe
http://ac7i.itrhocyg.6xu.5drhm0qa.outlook.info/verify,53,5,4,0,0,0,0,0,4,1,4.5301,1,3,0.0755,0,phishing
http://rb.gy/5psh9wu,20,1,2,0,0,0,0,0,0,0,3.7842,1,3,0.1,1,phishing
https://www.mozilla.org/account/settings,40,2,0,0,1,0,0,0,1,1,4.1251,1,4,0.0,0,safe
https://www.mozilla.gov/account/settings,40,2,0,0,1,0,0,0,1,1,4.1251,1,4,0.0,0,safe
https://help.bbc.io/en/home?ref=jdol,36,2,0,0,1,0,0,0,1,0,4.1835,3,4,0.0,0,safe
https://help.spotify.io/about,29,2,0,0,1,0,0,0,1,0,3.8144,1,3,0.0,0,safe
https://www.airbnb.gov/docs/getting-started,43,2,0,1,1,0,0,0,1,0,4.1292,1,4,0.0,0,safe
https://www.spotify.net/support/faq,35,2,0,0,1,0,0,0,1,1,3.8973,1,4,0.0,0,safe
http://fgb0gyyf.d7i.qihz.j06ijf5.zkyyj.microsoft.tk/verify,58,6,5,0,0,0,0,0,5,1,4.4468,1,3,0.0862,0,phishing
https://npr.edu/pricing,23,1,0,0,1,0,0,0,0,0,3.7623,1,3,0.0,0,safe
http://paypal-secure.top/update/verify/verify/support-center/kmeslbsn?id=b0sdqfied3,83,1,2,2,0,0,0,0,0,5,4.5006,3,7,0.0241,0,phishing
http://netflix-signin.top/account/account/authenticate/e3nqyc83?id=n1mfqmf7fm,77,1,5,1,0,0,0,0,0,3,4.4301,3,6,0.0649,0,phishing
http://2gnrehi.j87eark.9ulq.zuwswc.uuq87v6.icloud.tk/webscr,59,6,7,0,0,0,0,0,5,1,4.6683,1,3,0.1186,0,phishing
https://rb.gy/lxm3f5i,21,1,2,0,1,0,0,0,0,0,4.0707,1,3,0.0952,1,phishing
http://122.163.91.206/chase-webscr/brzgzk.php,45,4,11,1,0,0,1,0,0,1,4.3581,1,4,0.2444,0,phishing
https://docs.github.io/account/settings,39,2,0,0,1,0,0,0,1,1,3.8553,1,4,0.0,0,safe
https://www.who.net/docs/getting-started,40,2,0,1,1,0,0,0,1,0,3.8929,1,4,0.0,0,safe
https://help.npr.net/docs/getting-started,41,2,0,1,1,0,0,0,1,0,3.8962,1,4,0.0,0,safe
http://a78.nvt.sy1atd.4zq2.31hf1.llh.icloud.xyz/verify,54,7,8,0,0,0,0,0,6,1,4.5803,1,3,0.1481,0,phishing
https://cloudflare.org/,23,1,0,0,1,0,0,0,0,0,3.969,1,3,0.0,0,safe
https://www.mozilla.gov/support/faq?ref=z47o,44,2,2,0,1,0,0,0,1,1,4.4534,3,4,0.0455,0,safe
https://help.reuters.io/pricing,31,2,0,0,1,0,0,0,1,0,3.8403,1,3,0.0,0,safe
https://www.harvard.edu/en/home,31,2,0,0,1,0,0,0,1,0,3.9134,1,4,0.0,0,safe
http://binance-suspended.ml/webscr/recover/e1a8zlsu?id=gom11av3uj,65,1,5,1,0,0,0,0,0,3,4.6601,3,5,0.0769,0,phishing
http://fwaggk.aimf0.aqd.4k98.6oihld.paypal.gq/authenticate,58,6,5,0,0,0,0,0,5,2,4.4348,1,3,0.0862,0,phishing
https://help.usps.com/pricing,29,2,0,0,1,0,0,0,1,0,3.9094,1,3,0.0,0,safe
http://225.241.254.131/amazon-alert/zm0p8c.php,46,4,14,1,0,0,1,0,0,1,4.3004,1,4,0.3043,0,phishing
https://docs.un.edu/about,25,2,0,0,1,0,0,0,1,0,3.7533,1,3,0.0,0,safe
https://docs.irs.gov/help/contact,33,2,0,0,1,0,0,0,1,0,3.9455,1,4,0.0,0,safe
https://help.cloudflare.org/blog/2026/updates,45,2,4,0,1,0,0,0,1,1,4.2334,1,5,0.0889,0,safe
http://8.205.90.95/instagram-confirm/anfx76.php,47,4,10,1,0,0,1,0,0,1,4.4691,1,4,0.2128,0,phishing
http://microsoft-account.top/support-center/verify/billing/unlock/d1jyjxoz?id=tter8452sv,88,1,5,2,0,0,0,0,0,5,4.7216,3,7,0.0568,0,phishing
https://en.duolingo.net/en/home,31,2,0,0,1,0,0,0,1,0,3.7442,1,4,0.0,0,safe
http://cutt.ly/8woglmq,22,1,1,0,0,0,0,0,0,0,3.7888,1,3,0.0455,1,phishing
http://bankofamerica-suspended.info/reset-password/reset-password/support-center/account/bgbrmlko?id=clmnmis3d2,111,1,2,4,0,0,0,0,0,5,4.4533,3,7,0.018,0,phishing
http://106.215.89.36/coinbase-reset-password/6kiygu.php,55,4,11,2,0,0,1,0,0,2,4.6856,1,4,0.2,0,phishing
https://google-verify.cf/account/support-center/4if3nezk?id=wcvwmk12jr,70,1,4,2,1,0,0,0,0,3,4.7656,3,5,0.0571,0,phishing
http://44.182.84.194/chase-webscr/gmmu0i.php,44,4,11,1,0,0,1,0,0,1,4.3797,1,4,0.25,0,phishing
https://nasa.edu/blog/2026/updates,34,1,4,0,1,0,0,0,0,1,4.0323,1,5,0.1176,0,safe
https://www.dropbox.io/products,31,2,0,0,1,0,0,0,1,0,3.8245,1,3,0.0,0,safe
https://help.trello.edu,23,2,0,0,1,0,0,0,1,0,3.5555,1,2,0.0,0,safe
http://30.196.234.223/wellsfargo-support-center/qopd9b.php,58,4,12,2,0,0,1,0,0,1,4.5945,1,4,0.2069,0,phishing
http://binance-suspended.ml/unlock/webscr/account/authenticate/2uhh51qv?id=or0wuew1th,85,1,5,1,0,0,0,0,0,5,4.5404,3,7,0.0588,0,phishing
https://nasa.com/?ref=dvfu,26,1,0,0,1,0,0,0,0,0,4.2099,3,3,0.0,0,safe
http://tinyurl.com/d6aptus,26,1,1,0,0,0,0,0,0,0,4.056,1,3,0.0385,1,phishing
https://usps.org/careers?ref=hiu3,33,1,1,0,1,0,0,0,0,0,4.0289,3,3,0.0303,0,safe
https://khanacademy.com/en/home,31,1,0,0,1,0,0,0,0,0,3.8245,1,4,0.0,0,safe
https://airbnb.edu/products?ref=iajj,36,1,0,0,1,0,0,0,0,0,4.2737,3,3,0.0,0,safe
https://github.gov/products?ref=cylf,36,1,0,0,1,0,0,0,0,0,4.3156,3,3,0.0,0,safe
https://help.usps.io/en/home,28,2,0,0,1,0,0,0,1,0,3.6281,1,4,0.0,0,safe
https://133.80.183.121/fedex-alert/2866jq.php,45,4,15,1,1,0,1,0,0,1,4.2969,1,4,0.3333,0,phishing
https://en.who.com/docs/getting-started,39,2,0,1,1,0,0,0,1,0,4.0091,1,4,0.0,0,safe
https://en.khanacademy.gov/about,32,2,0,0,1,0,0,0,1,0,4.1403,1,3,0.0,0,safe
https://www.python.edu/products,31,2,0,0,1,0,0,0,1,0,3.8489,1,3,0.0,0,safe
https://www.coursera.io/careers,31,2,0,0,1,0,0,0,1,0,3.76,1,3,0.0,0,safe
https://www.nationalgeographic.edu/blog/2026/updates,52,2,4,0,1,0,0,0,1,1,4.3661,1,5,0.0769,0,safe
http://s3guu.gnlx.n047gp1.wellsfargo.click/webscr,49,4,5,0,0,0,0,0,3,2,4.5481,1,3,0.102,0,phishing
http://t5spzoc9.rgng7uy.e7ojgm.wsi.instagram.gq/webscr,54,5,4,0,0,0,0,0,4,1,4.4821,1,3,0.0741,0,phishing
https://en.figma.edu/en/home,28,2,0,0,1,0,0,0,1,0,3.8788,1,4,0.0,0,safe
http://139.41.107.119/icloud-webscr/2x2i32.php,46,4,15,1,0,0,1,0,0,1,4.4557,1,4,0.3261,0,phishing
https://help.khanacademy.gov/about,34,2,0,0,1,0,0,0,1,0,4.1973,1,3,0.0,0,safe
https://mit.net,15,1,0,0,1,0,0,0,0,0,3.2402,1,2,0.0,0,safe
http://he5d6.jidj.fnbal.coinbase.xyz/login,42,4,2,0,0,0,0,0,3,1,4.4336,1,3,0.0476,0,phishing
https://bit.ly/emws2l7,22,1,2,0,1,0,0,0,0,0,3.8454,1,3,0.0909,1,phishing
https://dropbox.com/careers,27,1,0,0,1,0,0,0,0,0,3.8562,1,3,0.0,0,safe
https://help.slack.io,21,2,0,0,1,0,0,0,1,0,3.7257,1,2,0.0,0,safe
https://y9xmgxiz.gc4s.fqqoahay.rsw.wellsfargo.ga/update,55,5,2,0,1,0,0,0,4,1,4.4954,1,3,0.0364,0,phishing
https://www.python.com/help/contact,35,2,0,0,1,0,0,0,1,0,3.7755,1,4,0.0,0,safe
https://en.nytimes.com/pricing,30,2,0,0,1,0,0,0,1,0,3.8729,1,3,0.0,0,safe
https://help.usps.com/docs/getting-started,42,2,0,1,1,0,0,0,1,0,4.044,1,4,0.0,0,safe
http://110.175.251.250/chase-signin/v15k0y.php,46,4,15,1,0,0,1,0,0,1,4.2219,1,4,0.3261,0,phishing
http://0qw.jbb9ml.5m1xjn3i.iduyw.apple.info/secure,50,5,5,0,0,0,0,0,4,1,4.7113,1,3,0.1,0,phishing
https://bank0famerica-account.info/account/w07se,48,1,3,1,1,0,0,0,0,1,4.2522,1,4,0.0625,0,phishing
http://bankofamerica-secure.gq/update/secure/tgsvptev?id=i6gqs4903s,67,1,5,1,0,0,0,0,0,2,4.6182,3,5,0.0746,0,phishing
https://201.36.197.142/usps-authenticate/5w5g88.php,51,4,15,1,1,0,1,0,0,1,4.4592,1,4,0.2941,0,phishing
https://docs.mit.org/account/settings,37,2,0,0,1,0,0,0,1,1,3.8846,1,4,0.0,0,safe
https://help.notion.gov/careers,31,2,0,0,1,0,0,0,1,0,3.9536,1,3,0.0,0,safe
https://help.bbc.io/careers,27,2,0,0,1,0,0,0,1,0,3.8101,1,3,0.0,0,safe
https://en.stackoverflow.org/?ref=pzhp,38,2,0,0,1,0,0,0,1,0,4.2866,3,3,0.0,0,safe
http://9mw0my.cx7v6.eg8xw24.dhl.ml/recover,42,4,7,0,0,0,0,0,3,1,4.4813,1,3,0.1667,0,phishing
https://tinyurl.com/8uz7vrs,27,1,2,0,1,0,0,0,0,0,4.1805,1,3,0.0741,1,phishing
https://177.229.35.65/dhl-secure/d6owfo.php,43,4,11,1,1,0,1,0,0,1,4.4144,1,4,0.2558,0,phishing
https://www.reuters.gov/docs/getting-started,44,2,0,1,1,0,0,0,1,0,4.0068,1,4,0.0,0,safe
http://binancel3-login.gq/login/99r36,37,1,5,1,0,0,0,0,0,1,4.1753,1,4,0.1351,0,phishing
https://ru2rx0.jxb51.o4o0.mxo5h.apple.ga/secure,47,5,7,0,1,0,0,0,4,1,4.4027,1,3,0.1489,0,phishing
http://microsoft-confirm.xyz/account/alert/billing/t08k4dr3?id=lmpqq10zgc,73,1,6,1,0,0,0,0,0,4,4.7686,3,6,0.0822,0,phishing
http://usps-signin.xyz/signin/7qgr7,35,1,2,1,0,0,0,0,0,1,3.9077,1,4,0.0571,0,phishing
https://en.nasa.net/account/settings?ref=iq4o,45,2,1,0,1,0,0,0,1,1,4.0724,3,4,0.0222,0,safe
https://docs.usps.edu/news/latest,33,2,0,0,1,0,0,0,1,0,3.703,1,4,0.0,0,safe
https://help.airbnb.edu/about,29,2,0,0,1,0,0,0,1,0,3.9523,1,3,0.0,0,safe
https://help.un.org/about?ref=h0q9,34,2,2,0,1,0,0,0,1,0,4.315,3,3,0.0588,0,safe
https://dropbox.org/about,25,1,0,0,1,0,0,0,0,0,3.7035,1,3,0.0,0,safe
http://ic10ud-webscr.gq/webscr/r9v9d,36,1,4,1,0,0,0,0,0,1,4.2947,1,4,0.1111,0,phishing
http://4fx.f8oooox.kxvbhn.9thdp.qfeo2mib.iicf3o8l.binance.ga/verify,67,7,6,0,0,0,0,0,6,1,4.5487,1,3,0.0896,0,phishing
https://en.irs.gov/account/settings,35,2,0,0,1,0,0,0,1,1,3.8617,1,4,0.0,0,safe
https://docs.khanacademy.edu,28,2,0,0,1,0,0,0,1,0,3.9677,1,2,0.0,0,safe
https://help.un.io,18,2,0,0,1,0,0,0,1,0,3.6144,1,2,0.0,0,safe
https://www.notion.edu/help/contact,35,2,0,0,1,0,0,0,1,0,3.8757,1,4,0.0,0,safe
https://docs.mozilla.com/support/faq,36,2,0,0,1,0,0,0,1,1,4.0515,1,4,0.0,0,safe
https://rb.gy/0xzgi7d,21,1,2,0,1,0,0,0,0,0,3.9754,1,3,0.0952,1,phishing
http://fedexzj-update.xyz/update/25lfb,38,1,2,1,0,0,0,0,0,1,4.1029,1,4,0.0526,0,phishing
https://reuters.edu/about,25,1,0,0,1,0,0,0,0,0,3.5933,1,3,0.0,0,safe
https://microsoft-account.top/support-center/support-center/anhc9d7n?id=q9a8wqq739,82,1,7,3,1,0,0,0,0,2,4.4348,3,5,0.0854,0,phishing
https://help.reuters.gov/news/latest,36,2,0,0,1,0,0,0,1,0,3.8027,1,4,0.0,0,safe
http://rb.gy/m6yws53,20,1,3,0,0,0,0,0,0,0,3.8842,1,3,0.15,1,phishing
https://en.reuters.gov/products,31,2,0,0,1,0,0,0,1,0,3.8245,1,3,0.0,0,safe
http://tinyurl.com/uo46dg6,26,1,3,0,0,0,0,0,0,0,4.1039,1,3,0.1154,1,phishing
http://bit.ly/ranr03w,21,1,2,0,0,0,0,0,0,0,3.8442,1,3,0.0952,1,phishing
https://help.python.gov/account/settings,40,2,0,0,1,0,0,0,1,1,3.9398,1,4,0.0,0,safe
https://nationalgeographic.io/docs/getting-started,50,1,0,1,1,0,0,0,0,0,3.9655,1,4,0.0,0,safe
https://docs.bbc.gov/en/home,28,2,0,0,1,0,0,0,1,0,3.8518,1,4,0.0,0,safe
https://usps-alert.top/recover/reset-password/update/verify/jopxx76w?id=3j6oqzn7g1,82,1,6,2,1,0,0,0,0,6,4.6446,3,7,0.0732,0,phishing
http://hbqb.kxqwm1.f1d.facebook.cf/webscr,41,4,2,0,0,0,0,0,3,1,4.2291,1,3,0.0488,0,phishing
http://googleyc-signin.tk/signin/7u7ty,38,1,2,1,0,0,0,0,0,1,3.9848,1,4,0.0526,0,phishing
https://netflixou-webscr.gq/webscr/6jrov,40,1,1,1,1,0,0,0,0,1,4.4464,1,4,0.025,0,phishing
https://help.harvard.org/support/faq,36,2,0,0,1,0,0,0,1,1,3.9404,1,4,0.0,0,safe
http://205.240.99.199/paypal-webscr/q3btfv.php,46,4,12,1,0,0,1,0,0,2,4.4287,1,4,0.2609,0,phishing
https://www.nationalgeographic.edu,34,2,0,0,1,0,0,0,1,0,4.1385,1,2,0.0,0,safe
http://183.216.90.104/amazon-verify/ku4zie.php,46,4,12,1,0,0,1,0,0,1,4.6212,1,4,0.2609,0,phishing
http://bankofamerica-support-center.cf/reset-password/verify/webscr/6un6czku?id=djpc6yrzkq,90,1,3,3,0,0,0,0,0,5,4.6219,3,6,0.0333,0,phishing
https://www.nasa.io/en/home,27,2,0,0,1,0,0,0,1,0,3.6899,1,4,0.0,0,safe
https://icloud-authenticate.info/webscr/signin/signin/re20826r?id=s43fkdnxac,76,1,7,1,1,0,0,0,0,3,4.6079,3,6,0.0921,0,phishing
https://docs.airbnb.org/blog/2026/updates,41,2,4,0,1,0,0,0,1,1,4.269,1,5,0.0976,0,safe
http://tinyurl.com/0zbimwe,26,1,1,0,0,0,0,0,0,0,4.1808,1,3,0.0385,1,phishing
http://4cy.gqa.knv0.netflix.tk/reset-password,45,4,2,1,0,0,0,0,3,2,4.5169,1,3,0.0444,0,phishing
http://fedexh9-billing.xyz/billing/d78d8,40,1,4,1,0,0,0,0,0,1,4.2031,1,4,0.1,0,phishing
https://www.irs.org/about,25,2,0,0,1,0,0,0,1,0,3.7533,1,3,0.0,0,safe
http://hkdc2o.y9c.cy9lrjp.42z4umi.8og94vd.chase.xyz/reset-password,66,6,9,1,0,0,0,0,5,2,4.6836,1,3,0.1364,0,phishing
https://en.cloudflare.gov/about,31,2,0,0,1,0,0,0,1,0,4.1715,1,3,0.0,0,safe
https://help.usps.net/,22,2,0,0,1,0,0,0,1,0,3.3222,1,3,0.0,0,safe
https://en.npr.edu/docs/getting-started,39,2,0,1,1,0,0,0,1,0,3.9066,1,4,0.0,0,safe
https://cutt.ly/hwqrkon,23,1,0,0,1,0,0,0,0,0,3.882,1,3,0.0,1,phishing
http://paypal-support-center.ml/update/account/dqvo64xy?id=o7tupurz8h,69,1,4,2,0,0,0,0,0,4,4.5499,3,5,0.058,0,phishing
https://69.45.180.161/microsoft-update/xew0f4.php,49,4,12,1,1,0,1,0,0,1,4.5381,1,4,0.2449,0,phishing
https://usps-reset-password.ga/verify/recover/login/reset-password/fli60ycb?id=3srhg2hxdp,89,1,4,3,1,0,0,0,0,5,4.5527,3,7,0.0449,0,phishing
https://peyqihi.i1w6w4d.s7ea.x4fx7.facebook.top/account,55,5,6,0,1,0,0,0,4,1,4.5061,1,3,0.1091,0,phishing
http://amaz0n-confirm.tk/confirm/ylyct,38,1,1,1,0,0,0,0,0,1,4.1357,1,4,0.0263,0,phishing
http://tinyurl.com/zspbvqq,26,1,0,0,0,0,0,0,0,0,4.1808,1,3,0.0,1,phishing
https://en.mozilla.io/products,30,2,0,0,1,0,0,0,1,0,4.0981,1,3,0.0,0,safe
https://help.duolingo.gov/support/faq,37,2,0,0,1,0,0,0,1,1,4.108,1,4,0.0,0,safe
http://instagram-update.tk/account/verify/8y5zctd0?id=jplgxh3uhy,64,1,4,1,0,0,0,0,0,3,4.7415,3,5,0.0625,0,phishing
http://oqm1q.1o3d14.v1tsbnfr.llheqv5.wellsfargo.ga/verify,57,5,7,0,0,0,0,0,4,1,4.5408,1,3,0.1228,0,phishing
http://y09d7q.df6cra.mt9a.vo2.usps.cf/confirm,45,5,6,0,0,0,0,0,4,1,4.4556,1,3,0.1333,0,phishing
https://www.notion.org/en/home?ref=jan6,39,2,1,0,1,0,0,0,1,0,4.1504,3,4,0.0256,0,safe
https://pnnnw.7quh.ojgfg3.netflix.gq/unlock,43,4,2,0,1,0,0,0,3,1,4.3129,1,3,0.0465,0,phishing
http://a7gkd3.cbn58fa.apj.6jp.dhl.top/unlock,44,5,5,0,0,0,0,0,4,1,4.3259,1,3,0.1136,0,phishing
http://netflix-login.click/suspended/account/89scz0u5?id=o7vo3uglja,67,1,6,1,0,0,0,0,0,4,4.7007,3,5,0.0896,0,phishing
http://microsoft-confirm.ga/reset-password/support-center/secure/suspended/2i0qk1ej?id=hkdn7qo4vo,97,1,5,3,0,0,0,0,0,6,4.5822,3,7,0.0515,0,phishing
https://google-confirm.ga/update/verify/97ea4koj?id=j5t27pcftr,62,1,6,1,1,0,0,0,0,3,4.7324,3,5,0.0968,0,phishing
https://un.com/,15,1,0,0,1,0,0,0,0,0,3.4566,1,3,0.0,0,safe
https://www.duolingo.gov/careers,32,2,0,0,1,0,0,0,1,0,4.1792,1,3,0.0,0,safe
https://duolingo.net/,21,1,0,0,1,0,0,0,0,0,3.749,1,3,0.0,0,safe
https://help.python.org/blog/2026/updates?ref=a41v,50,2,6,0,1,0,0,0,1,1,4.5264,3,5,0.12,0,safe
http://microsoft-login.tk/authenticate/webscr/verify/verify/53u2fxxv?id=yims50t0es,82,1,6,1,0,0,0,0,0,4,4.6767,3,7,0.0732,0,phishing
https://en.nasa.net/support/faq,31,2,0,0,1,0,0,0,1,1,3.6955,1,4,0.0,0,safe
https://www.mozilla.com/about?ref=wcjc,38,2,0,0,1,0,0,0,1,0,4.3264,3,3,0.0,0,safe
https://en.figma.gov/help/contact,33,2,0,0,1,0,0,0,1,0,4.0141,1,4,0.0,0,safe
https://dhl-webscr.cf/account/unlock/authenticate/eti1kbrd?id=6wjbzpnq0e,72,1,3,1,1,0,0,0,0,4,4.6031,3,6,0.0417,0,phishing
https://help.github.org/blog/2026/updates,41,2,4,0,1,0,0,0,1,1,4.1411,1,5,0.0976,0,safe
http://apple-webscr.cf/alert/suspended/suspended/support-center/qaev9007?id=sk2kxqvk7m,86,1,6,2,0,0,0,0,0,4,4.5755,3,7,0.0698,0,phishing
http://89.77.193.147/apple-secure/7csybz.php,44,4,11,1,0,0,1,0,0,1,4.2693,1,4,0.25,0,phishing
https://slack.io/docs/getting-started,37,1,0,1,1,0,0,0,0,0,3.9795,1,4,0.0,0,safe
https://f0a.6xwm.985vw95u.ldqewuk.kodgzro.dhl.tk/alert,54,6,7,0,1,0,0,0,5,1,4.583,1,3,0.1296,0,phishing
https://duolingo.com/about,26,1,0,0,1,0,0,0,0,0,3.9501,1,3,0.0,0,safe
https://www.duolingo.org/en/home,32,2,0,0,1,0,0,0,1,0,3.9764,1,4,0.0,0,safe
https://reuters.net/products?ref=iuzn,37,1,0,0,1,0,0,0,0,0,3.9696,3,3,0.0,0,safe
http://65.104.251.77/paypal-update/p48ykt.php,45,4,12,1,0,0,1,0,0,2,4.1495,1,4,0.2667,0,phishing
https://www.reuters.edu/about,29,2,0,0,1,0,0,0,1,0,3.7194,1,3,0.0,0,safe
https://help.airbnb.gov/careers?ref=8iwh,40,2,1,0,1,0,0,0,1,0,4.3342,3,3,0.025,0,safe
https://lpb.zdt.71ap5jg.6yddmkdm.29d.facebook.ml/confirm,56,6,6,0,1,0,0,0,5,1,4.6263,1,3,0.1071,0,phishing
http://9.191.243.131/outlook-webscr/jkq9i6.php,46,4,12,1,0,0,1,0,0,1,4.4579,1,4,0.2609,0,phishing
https://www.figma.com/en/home,29,2,0,0,1,0,0,0,1,0,3.9094,1,4,0.0,0,safe
http://facebooky9-verify.ga/verify/hjfv1,40,1,2,1,0,0,0,0,0,1,4.2653,1,4,0.05,0,phishing
http://251.185.69.19/outlook-update/evv1rb.php,46,4,11,1,0,0,1,0,0,1,4.2898,1,4,0.2391,0,phishing
http://jf612.3gxid.uff7.instagram.xyz/account,45,4,5,0,0,0,0,0,3,1,4.5526,1,3,0.1111,0,phishing
https://dh1-recover.top/recover/wjl12,37,1,3,1,1,0,0,0,0,1,4.0335,1,4,0.0811,0,phishing
https://5lr3i5ne.95c1dtr.jbn2ss.microsoft.xyz/webscr,52,4,7,0,1,0,0,0,3,1,4.549,1,3,0.1346,0,phishing
http://2a6.1ta05x0.kc8.gkc.lext.wellsfargo.cf/alert,51,6,7,0,0,0,0,0,5,1,4.312,1,3,0.1373,0,phishing
http://amazon-billing.cf/webscr/suspended/account/6ooanwpx?id=izc78wml93,72,1,5,1,0,0,0,0,0,4,4.7253,3,6,0.0694,0,phishing
http://icloud-webscr.click/login/billing/a3ripxhr?id=lyhsdq8mpk,63,1,2,1,0,0,0,0,0,4,4.5838,3,5,0.0317,0,phishing
http://2mles4a.ibrm.t5qnntti.c0x.cbs.aeashm.coinbase.ml/update,62,7,4,0,0,0,0,0,6,1,4.3325,1,3,0.0645,0,phishing
http://najq0.nb6ho.jlw3.bqeik.ztpxar.x2ogs.facebook.ga/recover,62,7,4,0,0,0,0,0,6,1,4.5948,1,3,0.0645,0,phishing
https://en.python.io/about,26,2,0,0,1,0,0,0,1,0,3.7193,1,3,0.0,0,safe
https://en.npr.com/?ref=lhlq,28,2,0,0,1,0,0,0,1,0,4.0661,3,3,0.0,0,safe
https://yfjmv75.ava4ncd.iq7uyp.1z2mgn.zl7zpn8.3vt5bhf.fedex.ga/billing,70,7,10,0,1,0,0,0,6,1,4.7871,1,3,0.1429,0,phishing
http://18.99.132.11/dhl-recover/v1qf7v.php,42,4,11,1,0,0,1,0,0,1,4.2048,1,4,0.2619,0,phishing
https://en.coursera.io/news/latest,34,2,0,0,1,0,0,0,1,0,3.8522,1,4,0.0,0,safe
https://docs.cloudflare.io?ref=a3si,35,2,1,0,1,0,0,0,1,0,4.229,3,2,0.0286,0,safe
https://en.nytimes.gov/support/faq?ref=6pjs,43,2,1,0,1,0,0,0,1,1,4.3389,3,4,0.0233,0,safe
https://0ut100k-account.click/account/s2777,43,1,8,1,1,0,0,0,0,2,4.0452,1,4,0.186,0,phishing
https://icloudud-recover.cf/recover/eat2f,41,1,1,1,1,0,0,0,0,1,4.062,1,4,0.0244,0,phishing
http://is.gd/7kol3ut,20,1,2,0,0,0,0,0,0,0,3.8464,1,3,0.1,1,phishing
http://wellsfargo-confirm.xyz/support-center/billing/alert/8vfomegy?id=vnhj0qwyy2,81,1,3,2,0,0,0,0,0,4,4.8064,3,6,0.037,0,phishing
https://www.figma.io/help/contact,33,2,0,0,1,0,0,0,1,0,3.9912,1,4,0.0,0,safe
https://rb.gy/900oa4b,21,1,4,0,1,0,0,0,0,0,3.8802,1,3,0.1905,1,phishing
https://is.gd/utvtpcd,21,1,0,0,1,0,0,0,0,0,3.4992,1,3,0.0,1,phishing
https://dhl2d-recover.top/recover/xrig9,39,1,2,1,1,0,0,0,0,1,4.0772,1,4,0.0513,0,phishing
http://184.107.192.236/fedex-authenticate/fousui.php,52,4,12,1,0,0,1,0,0,1,4.496,1,4,0.2308,0,phishing
http://157.99.96.98/chase-secure/mlx0j3.php,43,4,11,1,0,0,1,0,0,1,4.3969,1,4,0.2558,0,phishing
http://fedex-alert.ml/authenticate/alert/4ofli2yb?id=3v78480wpn,63,1,8,1,0,0,0,0,0,2,4.6515,3,5,0.127,0,phishing
https://www.nationalgeographic.net/blog/2026/updates,52,2,4,0,1,0,0,0,1,1,4.3207,1,5,0.0769,0,safe
https://help.duolingo.com,25,2,0,0,1,0,0,0,1,0,3.9737,1,2,0.0,0,safe
https://www.duolingo.org/,25,2,0,0,1,0,0,0,1,0,3.8333,1,3,0.0,0,safe
https://docs.notion.gov/products?ref=taeq,41,2,0,0,1,0,0,0,1,0,4.2178,3,3,0.0,0,safe
https://hy9za.mq5.9r60mr.microsoft.tk/suspended,47,4,5,0,1,0,0,0,3,1,4.4851,1,3,0.1064,0,phishing
https://en.nytimes.org/careers,30,2,0,0,1,0,0,0,1,0,3.8729,1,3,0.0,0,safe
http://fedexjq-unlock.ga/unlock/dw3do,37,1,1,1,0,0,0,0,0,1,4.3578,1,4,0.027,0,phishing
http://fedexop-secure.ml/secure/wz04a,37,1,2,1,0,0,0,0,0,1,4.2497,1,4,0.0541,0,phishing
http://tinyurl.com/9abnp9m,26,1,2,0,0,0,0,0,0,0,4.027,1,3,0.0769,1,phishing
http://netf1ix-suspended.tk/suspended/laiy7,43,1,2,1,0,0,0,0,0,1,4.0979,1,4,0.0465,0,phishing
https://help.bbc.io/about,25,2,0,0,1,0,0,0,1,0,3.7533,1,3,0.0,0,safe
https://outlook-secure.ga/reset-password/verify/jws4kolc?id=fal4x4r3vo,70,1,4,2,1,0,0,0,0,4,4.5848,3,5,0.0571,0,phishing
http://tinyurl.com/yoz9ext,26,1,1,0,0,0,0,0,0,0,4.056,1,3,0.0385,1,phishing
https://dropbox.io/products,27,1,0,0,1,0,0,0,0,0,3.708,1,3,0.0,0,safe
http://tinyurl.com/d2iz0ii,26,1,2,0,0,0,0,0,0,0,4.027,1,3,0.0769,1,phishing
http://h45zx.801fcd.bwf.7yk.r5pnnt6f.google.top/verify,54,6,8,0,0,0,0,0,5,1,4.648,1,3,0.1481,0,phishing
https://facebook-account.ga/login/update/authenticate/vbiaccjt?id=xooepihuue,76,1,0,1,1,0,0,0,0,4,4.2851,3,6,0.0,0,phishing
https://en.trello.edu/support/faq,33,2,0,0,1,0,0,0,1,1,3.9077,1,4,0.0,0,safe
http://bit.ly/df6siyk,21,1,1,0,0,0,0,0,0,0,3.749,1,3,0.0476,1,phishing
https://78.177.138.197/netflix-login/qii1ln.php,47,4,12,1,1,0,1,0,0,1,4.2137,1,4,0.2553,0,phishing
http://bit.ly/uwzp2sn,21,1,1,0,0,0,0,0,0,0,3.8442,1,3,0.0476,1,phishing
http://99.192.55.63/amazon-unlock/8quusv.php,44,4,10,1,0,0,1,0,0,1,4.4989,1,4,0.2273,0,phishing
https://www.github.io/blog/2026/updates?ref=su0l,48,2,5,0,1,0,0,0,1,1,4.4209,3,5,0.1042,0,safe
http://rb.gy/qusmy50,20,1,2,0,0,0,0,0,0,0,3.8842,1,3,0.1,1,phishing
https://9fh7t1w.jql.byp.9f4bt9.oyq7gf0v.wellsfargo.xyz/recover,62,6,8,0,1,0,0,0,5,1,4.6188,1,3,0.129,0,phishing
https://icloudgv-confirm.info/confirm/w6y07,43,1,3,1,1,0,0,0,0,1,4.3969,1,4,0.0698,0,phishing
https://en.slack.edu/careers,28,2,0,0,1,0,0,0,1,0,3.8249,1,3,0.0,0,safe
https://microsoftcx-unlock.info/unlock/qjxs2,44,1,1,1,1,0,0,0,0,1,4.235,1,4,0.0227,0,phishing
https://docs.nasa.io/news/latest,32,2,0,0,1,0,0,0,1,0,3.7386,1,4,0.0,0,safe
https://www.mozilla.org/blog/2026/updates,41,2,4,0,1,0,0,0,1,1,4.3178,1,5,0.0976,0,safe
https://dhlrj-login.click/login/hy1u0,37,1,2,1,1,0,0,0,0,2,4.2497,1,4,0.0541,0,phishing
http://pfkik.0tloj2kt.twco6nt4.rulmju.44sl.netflix.ga/verify,60,6,6,0,0,0,0,0,5,1,4.558,1,3,0.1,0,phishing
http://hvqmwhg.iyn.uxnpd8i.pmfn.et7uv.google.tk/verify,54,6,2,0,0,0,0,0,5,1,4.4299,1,3,0.037,0,phishing
http://lu9.q50.glmz.h8z.qwqg.google.cf/login,44,6,4,0,0,0,0,0,5,1,4.2007,1,3,0.0909,0,phishing
https://254.114.30.84/wellsfargo-webscr/z8ec22.php,50,4,13,1,1,0,1,0,0,1,4.5284,1,4,0.26,0,phishing
https://help.nytimes.com/,25,2,0,0,1,0,0,0,1,0,3.7835,1,3,0.0,0,safe
http://micr0s0ft-billing.info/billing/tonmw,43,1,2,1,0,0,0,0,0,1,4.0423,1,4,0.0465,0,phishing
https://google-support-center.click/login/webscr/97cdvp48?id=ne9yj64l6r,71,1,8,2,1,0,0,0,0,4,4.6871,3,5,0.1127,0,phishing
http://tinyurl.com/aahwm60,26,1,2,0,0,0,0,0,0,0,4.1039,1,3,0.0769,1,phishing
http://c2by005d.znofge1f.vvo.p5n.apple.ml/recover,49,5,6,0,0,0,0,0,4,1,4.4336,1,3,0.1224,0,phishing
http://fedex-confirm.info/verify/billing/update/kf9dqf7q?id=2jsj1rlo0t,70,1,5,1,0,0,0,0,0,4,4.7643,3,6,0.0714,0,phishing
http://bankofamerica-support-center.top/signin/authenticate/recover/92i7akp9?id=yu0l0ca9ax,90,1,7,2,0,0,0,0,0,4,4.5739,3,6,0.0778,0,phishing
https://who.org/docs/getting-started,36,1,0,1,1,0,0,0,0,0,3.8984,1,4,0.0,0,safe
http://bit.ly/9uo0c75,21,1,4,0,0,0,0,0,0,0,3.9395,1,3,0.1905,1,phishing
https://www.dropbox.org/en/home,31,2,0,0,1,0,0,0,1,0,3.8976,1,4,0.0,0,safe
http://bit.ly/92ai4j8,21,1,4,0,0,0,0,0,0,0,3.8442,1,3,0.1905,1,phishing
http://outlook-confirm.ml/unlock/alert/signin/7zh4sy7u?id=aiyi2yfhyy,68,1,4,1,0,0,0,0,0,4,4.5617,3,6,0.0588,0,phishing
http://app1e-confirm.ml/confirm/mp7l1,37,1,3,1,0,0,0,0,0,1,4.0743,1,4,0.0811,0,phishing
https://en.stackoverflow.net/help/contact,41,2,0,0,1,0,0,0,1,0,3.9484,1,4,0.0,0,safe
https://binance-update.xyz/update/v2hib,39,1,1,1,1,0,0,0,0,1,4.2017,1,4,0.0256,0,phishing
https://en.python.com/?ref=m7qw,31,2,1,0,1,0,0,0,1,0,4.1958,3,3,0.0323,0,safe
http://56gnb.wdtp6.zsgzrwc.yjumiio.4jr.95yqgl0g.dhl.cf/login,60,7,7,0,0,0,0,0,6,1,4.6355,1,3,0.1167,0,phishing
https://help.spotify.net/products,33,2,0,0,1,0,0,0,1,0,3.9196,1,3,0.0,0,safe
https://npr.com/docs/getting-started,36,1,0,1,1,0,0,0,0,0,3.9404,1,4,0.0,0,safe
http://facebook-login.xyz/account/reset-password/reset-password/billing/xvjcxyec?id=d05abz19de,94,1,4,3,0,0,0,0,0,5,4.7536,3,7,0.0426,0,phishing
https://docs.python.io/products,31,2,0,0,1,0,0,0,1,0,3.7199,1,3,0.0,0,safe
http://bit.ly/kr04400,21,1,5,0,0,0,0,0,0,0,3.6178,1,3,0.2381,1,phishing
http://0fu21qa.mu02d.4635vwqk.ebp7qj.paypal.ga/signin,53,5,10,0,0,0,0,0,4,2,4.7634,1,3,0.1887,0,phishing
https://en.notion.com/products,30,2,0,0,1,0,0,0,1,0,3.7899,1,3,0.0,0,safe
http://dhlx6-secure.ga/secure/znj8a,35,1,2,1,0,0,0,0,0,1,4.2721,1,4,0.0571,0,phishing
https://help.notion.org/blog/2026/updates,41,2,4,0,1,0,0,0,1,1,4.1779,1,5,0.0976,0,safe
https://www.nationalgeographic.org/docs/getting-started,55,2,0,1,1,0,0,0,1,0,4.0761,1,4,0.0,0,safe
https://www.bbc.org/pricing?ref=wu43,36,2,2,0,1,0,0,0,1,0,4.2947,3,3,0.0556,0,safe
http://1esw69.c4ewvm.6kagj.9rdb6n7x.2zv.3wusxd7.outlook.ml/verify,65,7,11,0,0,0,0,0,6,1,4.9003,1,3,0.1692,0,phishing
https://help.duolingo.net/docs/getting-started,46,2,0,1,1,0,0,0,1,0,4.0143,1,4,0.0,0,safe
https://app1e-suspended.xyz/suspended/yxc9y,43,1,2,1,1,0,0,0,0,1,3.9476,1,4,0.0465,0,phishing
https://cloudflare.io/,22,1,0,0,1,0,0,0,0,0,3.9706,1,3,0.0,0,safe
https://help.nasa.com/,22,2,0,0,1,0,0,0,1,0,3.6978,1,3,0.0,0,safe
https://www.coursera.gov/careers,32,2,0,0,1,0,0,0,1,0,3.8431,1,3,0.0,0,safe
https://hx96jy7.ssop5n.qaj.bobd8ga.feht.bankofamerica.tk/suspended,66,6,5,0,1,0,0,0,5,1,4.62,1,3,0.0758,0,phishing
https://164.194.11.108/bankofamerica-alert/s1vtf8.php,53,4,13,1,1,0,1,0,0,1,4.4776,1,4,0.2453,0,phishing
http://147.230.21.68/paypal-support-center/720rl2.php,53,4,14,2,0,0,1,0,0,2,4.3618,1,4,0.2642,0,phishing
https://docs.github.org/,24,2,0,0,1,0,0,0,1,0,3.7721,1,3,0.0,0,safe
https://rb.gy/98z737w,21,1,5,0,1,0,0,0,0,0,3.9754,1,3,0.2381,1,phishing
https://googlevh-recover.xyz/recover/rgsp0,42,1,1,1,1,0,0,0,0,1,3.994,1,4,0.0238,0,phishing
https://en.figma.org/pricing,28,2,0,0,1,0,0,0,1,0,3.9408,1,3,0.0,0,safe
https://docs.notion.io?ref=wbvq,31,2,0,0,1,0,0,0,1,0,4.2202,3,2,0.0,0,safe
http://micr0s0ft-recover.ga/recover/hlpcm,41,1,2,1,0,0,0,0,0,1,4.0804,1,4,0.0488,0,phishing
https://en.irs.com/blog/2026/updates,36,2,4,0,1,0,0,0,1,1,4.3055,1,5,0.1111,0,safe
http://instagram-secure.gq/secure/eiksm,39,1,0,1,0,0,0,0,0,1,4.0259,1,4,0.0,0,phishing
http://is.gd/8oilcbd,20,1,1,0,0,0,0,0,0,0,3.7842,1,3,0.05,1,phishing
https://en.trello.net/careers,29,2,0,0,1,0,0,0,1,0,3.578,1,3,0.0,0,safe
https://docs.figma.net/?ref=rha9,32,2,1,0,1,0,0,0,1,0,4.2653,3,3,0.0312,0,safe
https://197.213.9.52/icloud-suspended/tn67e6.php,48,4,12,1,1,0,1,0,0,1,4.3554,1,4,0.25,0,phishing
https://75.122.49.77/chase-alert/t3m2kl.php,43,4,11,1,1,0,1,0,0,1,4.2398,1,4,0.2558,0,phishing
https://www.nationalgeographic.io/blog/2026/updates,51,2,4,0,1,0,0,0,1,1,4.3268,1,5,0.0784,0,safe
http://34.168.189.223/dhl-suspended/5tkaul.php,46,4,12,1,0,0,1,0,0,1,4.3439,1,4,0.2609,0,phishing
http://124.10.64.52/google-webscr/1rksum.php,44,4,10,1,0,0,1,0,0,1,4.4706,1,4,0.2273,0,phishing
https://docs.npr.io/pricing?ref=nqn3,36,2,1,0,1,0,0,0,1,0,4.1416,3,3,0.0278,0,safe
https://jmf03x.efx.i2bn.gs24v.usps.info/signin,46,5,5,0,1,0,0,0,4,1,4.2468,1,3,0.1087,0,phishing
http://7u6rqrc9.unbmlc3.x1avj1dh.xkncizym.bkpw.wqapb2.bankofamerica.ml/update,77,7,7,0,0,0,0,0,6,1,4.7903,1,3,0.0909,0,phishing
https://www.reuters.gov/docs/getting-started?ref=j2ez,53,2,1,1,1,0,0,0,1,0,4.319,3,4,0.0189,0,safe
https://bit.ly/suc6di5,22,1,2,0,1,0,0,0,0,0,3.8454,1,3,0.0909,1,phishing
http://tinyurl.com/5yakrkx,26,1,1,0,0,0,0,0,0,0,4.1039,1,3,0.0385,1,phishing
https://docs.npr.gov/blog/2026/updates,38,2,4,0,1,0,0,0,1,1,4.2314,1,5,0.1053,0,safe
http://bit.ly/9rapbl4,21,1,2,0,0,0,0,0,0,0,3.6538,1,3,0.0952,1,phishing
http://88.162.33.81/dhl-recover/vtjqv9.php,42,4,10,1,0,0,1,0,0,1,4.2548,1,4,0.2381,0,phishing
http://wellsfargo-secure.xyz/login/webscr/mj5bmrhq?id=gbwiyzm0tk,64,1,2,1,0,0,0,0,0,3,4.818,3,5,0.0312,0,phishing
https://help.nationalgeographic.io/blog/2026/updates,52,2,4,0,1,0,0,0,1,1,4.2507,1,5,0.0769,0,safe
https://jfcd7.91utl.v17yj.kdur.g3fbw.5njn0c.coinbase.click/alert,64,7,8,0,1,0,0,0,6,2,4.7144,1,3,0.125,0,phishing
https://en.dropbox.io,21,2,0,0,1,0,0,0,1,0,3.7849,1,2,0.0,0,safe
http://uyfgffa.815f.jda4lcis.wfckt.bankofamerica.xyz/account,60,5,4,0,0,0,0,0,4,1,4.5903,1,3,0.0667,0,phishing
https://c0inbase-confirm.tk/confirm/5558t,41,1,5,1,1,0,0,0,0,1,4.2595,1,4,0.122,0,phishing
http://59an27l.vp2gi077.bsfvu5.dhl.gq/unlock,44,4,9,0,0,0,0,0,3,1,4.5443,1,3,0.2045,0,phishing
https://usps-authenticate.info/authenticate/wljpv,49,1,0,1,1,0,0,0,0,1,4.0121,1,4,0.0,0,phishing
http://is.gd/t6rcbk4,20,1,2,0,0,0,0,0,0,0,3.8464,1,3,0.1,1,phishing
http://f7i.11vhy.h3k4.vq8.m0l8fmsh.bankofamerica.cf/alert,57,6,8,0,0,0,0,0,5,1,4.5737,1,3,0.1404,0,phishing
https://66.153.182.229/apple-recover/hjyuvh.php,47,4,11,1,1,0,1,0,0,1,4.3818,1,4,0.234,0,phishing
https://harvard.io/support/faq,30,1,0,0,1,0,0,0,0,1,3.8062,1,4,0.0,0,safe
https://netf1ix-account.gq/account/bqaff,40,1,1,1,1,0,0,0,0,1,4.1251,1,4,0.025,0,phishing
http://119.225.64.225/binance-webscr/kxvn8k.php,47,4,12,1,0,0,1,0,0,1,4.5012,1,4,0.2553,0,phishing
http://instagram-alert.info/alert/b1q2j,39,1,2,1,0,0,0,0,0,1,4.2504,1,4,0.0513,0,phishing
http://v8x3x2bo.oz3ur5fb.n47s8zu.nc8a.unmqn.q8l.icloud.tk/suspended,67,7,10,0,0,0,0,0,6,1,4.6833,1,3,0.1493,0,phishing
https://figma.edu?ref=h56o,26,1,2,0,1,0,0,0,0,0,4.3158,3,2,0.0769,0,safe
https://duolingo.com/about,26,1,0,0,1,0,0,0,0,0,3.9501,1,3,0.0,0,safe
http://cutt.ly/h9lgj0r,22,1,2,0,0,0,0,0,0,0,3.6978,1,3,0.0909,1,phishing
https://en.nytimes.net/about,28,2,0,0,1,0,0,0,1,0,3.7404,1,3,0.0,0,safe
https://207.242.120.241/paypal-signin/nyyokw.php,48,4,12,1,1,0,1,0,0,2,4.2364,1,4,0.25,0,phishing
https://628u4gdn.8xnc.ccd.chase.info/support-center,51,4,5,1,1,0,0,0,3,1,4.366,1,3,0.098,0,phishing
http://bankofamerica-secure.ga/update/reset-password/dwk4ohf9?id=2zw05llrgk,75,1,5,2,0,0,0,0,0,4,4.7187,3,5,0.0667,0,phishing
https://gfd.a9o6q.39lz.f82.dhl.click/alert,42,5,6,0,1,0,0,0,4,2,4.4133,1,3,0.1429,0,phishing
http://cutt.ly/2atb3gq,22,1,2,0,0,0,0,0,0,0,3.7156,1,3,0.0909,1,phishing
http://bit.ly/tn706kw,21,1,3,0,0,0,0,0,0,0,3.7849,1,3,0.1429,1,phishing
http://bit.ly/b0pwuo4,21,1,2,0,0,0,0,0,0,0,3.749,1,3,0.0952,1,phishing
https://help.spotify.io/blog/2026/updates,41,2,4,0,1,0,0,0,1,1,4.1595,1,5,0.0976,0,safe
https://g00g1e-confirm.ml/confirm/fhvku,39,1,3,1,1,0,0,0,0,1,4.3749,1,4,0.0769,0,phishing
https://facebookmn-signin.gq/signin/bhd4c,41,1,1,1,1,0,0,0,0,1,4.2083,1,4,0.0244,0,phishing
http://google-unlock.gq/account/signin/recover/update/4r5ulr23?id=wzxugk66v1,76,1,7,1,0,0,0,0,0,5,4.7217,3,7,0.0921,0,phishing
https://docs.irs.edu/support/faq,32,2,0,0,1,0,0,0,1,1,3.8903,1,4,0.0,0,safe
http://fedex03-login.info/login/ik2cj,37,1,3,1,0,0,0,0,0,1,4.2497,1,4,0.0811,0,phishing
https://en.harvard.org/blog/2026/updates,40,2,4,0,1,0,0,0,1,1,4.2251,1,5,0.1,0,safe
https://h6psqj.hf6cu.vueis.binance.ml/alert,43,4,2,0,1,0,0,0,3,1,4.3152,1,3,0.0465,0,phishing
https://reuters.edu/blog/2026/updates?ref=5p5o,46,1,6,0,1,0,0,0,0,1,4.2575,3,5,0.1304,0,safe
https://irs.gov/docs/getting-started,36,1,0,1,1,0,0,0,0,0,3.8848,1,4,0.0,0,safe
https://en.irs.com/account/settings,35,2,0,0,1,0,0,0,1,1,3.8402,1,4,0.0,0,safe
http://188.120.101.243/wellsfargo-login/drazl1.php,50,4,13,1,0,0,1,0,0,1,4.4766,1,4,0.26,0,phishing
https://www.trello.net/products,31,2,0,0,1,0,0,0,1,0,3.8213,1,3,0.0,0,safe
http://microsoftz7-unlock.xyz/unlock/h0le4,42,1,3,1,0,0,0,0,0,1,4.4336,1,4,0.0714,0,phishing
http://fedex-authenticate.click/billing/support-center/84a7bvp6?id=l89eljoyv2,77,1,7,2,0,0,0,0,0,4,4.739,3,5,0.0909,0,phishing
https://docs.wikipedia.edu/help/contact,39,2,0,0,1,0,0,0,1,0,4.0091,1,4,0.0,0,safe
http://dhl-reset-password.gq/confirm/alert/alert/86f106cz?id=veg9692st4,71,1,10,2,0,0,0,0,0,4,4.7517,3,6,0.1408,0,phishing
https://www.dropbox.gov/about,29,2,0,0,1,0,0,0,1,0,3.8833,1,3,0.0,0,safe
http://oztrp.vsgig.3ykd8cel.instagram.gq/alert,46,4,2,0,0,0,0,0,3,1,4.3959,1,3,0.0435,0,phishing
https://figma.io/docs/getting-started,37,1,0,1,1,0,0,0,0,0,3.9723,1,4,0.0,0,safe
https://www.duolingo.org/news/latest,36,2,0,0,1,0,0,0,1,0,3.9613,1,4,0.0,0,safe
https://help.coursera.org/careers,33,2,0,0,1,0,0,0,1,0,3.7377,1,3,0.0,0,safe
https://196.50.136.219/netflix-signin/tyd9z4.php,48,4,13,1,1,0,1,0,0,1,4.4647,1,4,0.2708,0,phishing
https://en.who.net/docs/getting-started,39,2,0,1,1,0,0,0,1,0,3.871,1,4,0.0,0,safe
https://help.wikipedia.gov/products,35,2,0,0,1,0,0,0,1,0,4.1503,1,3,0.0,0,safe
http://wellsfargo74-confirm.tk/confirm/o6krk,44,1,3,1,0,0,0,0,0,1,4.3625,1,4,0.0682,0,phishing
https://help.nytimes.com/,25,2,0,0,1,0,0,0,1,0,3.7835,1,3,0.0,0,safe
https://netflix-unlock.info/secure/webscr/billing/6l6xcsg0?id=j3vakbklvl,72,1,4,1,1,0,0,0,0,4,4.6555,3,6,0.0556,0,phishing
http://bit.ly/zmyjhdw,21,1,0,0,0,0,0,0,0,0,3.749,1,3,0.0,1,phishing
https://www.nasa.gov,20,2,0,0,1,0,0,0,1,0,3.5842,1,2,0.0,0,safe
http://xurs.h7g.8vfny2m6.vjd.instagram.cf/webscr,48,5,4,0,0,0,0,0,4,1,4.6135,1,3,0.0833,0,phishing
http://instagram-support-center.ga/support-center/zixg4,55,1,1,3,0,0,0,0,0,1,4.1333,1,4,0.0182,0,phishing
http://cutt.ly/521am9j,22,1,4,0,0,0,0,0,0,0,3.8797,1,3,0.1818,1,phishing
https://docs.nytimes.org/help/contact,37,2,0,0,1,0,0,0,1,0,4.0237,1,4,0.0,0,safe
https://icloud-suspended.info/alert/signin/cnexth0y?id=ytxbu5mbn1,65,1,3,1,1,0,0,0,0,3,4.5594,3,5,0.0462,0,phishing
https://www.un.io/support/faq,29,2,0,0,1,0,0,0,1,1,3.8144,1,4,0.0,0,safe
http://faceb00k-login.xyz/login/33h9d,37,1,5,1,0,0,0,0,0,1,4.5068,1,4,0.1351,0,phishing
https://r7qifakl.ufqv.4xm3i.5z0c.esj1t.dl4c.microsoft.gq/account,64,7,7,0,1,0,0,0,6,1,4.6969,1,3,0.1094,0,phishing
https://www.usps.edu,20,2,0,0,1,0,0,0,1,0,3.3464,1,2,0.0,0,safe
https://bankofamerica95-login.top/login/cd5qo,45,1,3,1,1,0,0,0,0,1,4.4112,1,4,0.0667,0,phishing
https://www.mozilla.net/,24,2,0,0,1,0,0,0,1,0,3.8239,1,3,0.0,0,safe
https://help.irs.org/account/settings,37,2,0,0,1,0,0,0,1,1,3.9227,1,4,0.0,0,safe
http://chase-verify.gq/verify/2lhl6,35,1,2,1,0,0,0,0,0,1,4.229,1,4,0.0571,0,phishing
http://is.gd/3de6nix,20,1,2,0,0,0,0,0,0,0,3.7842,1,3,0.1,1,phishing
https://en.bbc.net/pricing?ref=n34c,35,2,2,0,1,0,0,0,1,0,4.0716,3,3,0.0571,0,safe
http://wellsfargo-webscr.click/suspended/unlock/cywswjvm?id=x3b5yxaqzl,70,1,2,1,0,0,0,0,0,4,4.8265,3,5,0.0286,0,phishing
https://help.coursera.com/support/faq?ref=ufta,46,2,0,0,1,0,0,0,1,1,4.0773,3,4,0.0,0,safe
https://en.coursera.io/docs/getting-started,43,2,0,1,1,0,0,0,1,0,3.9607,1,4,0.0,0,safe
https://en.cloudflare.com/products?ref=8afp,43,2,1,0,1,0,0,0,1,0,4.2626,3,3,0.0233,0,safe
https://fedex-reset-password.ml/authenticate/webscr/secure/ysxwttjg?id=x58o3k1sbu,81,1,4,2,1,0,0,0,0,5,4.6044,3,6,0.0494,0,phishing
https://en.nytimes.gov,22,2,0,0,1,0,0,0,1,0,3.7888,1,2,0.0,0,safe
https://help.bbc.io/help/contact,32,2,0,0,1,0,0,0,1,0,3.7417,1,4,0.0,0,safe
https://en.python.gov/help/contact?ref=gykb,43,2,0,0,1,0,0,0,1,0,4.2313,3,4,0.0,0,safe
http://netflix-billing.click/suspended/signin/hn4s2l5o?id=lj06ruqk50,68,1,7,1,0,0,0,0,0,4,4.6089,3,5,0.1029,0,phishing
https://www.spotify.gov/docs/getting-started,44,2,0,1,1,0,0,0,1,0,4.0977,1,4,0.0,0,safe
http://gzbqp.6n7vd.1x6u26.5v09.y47.ntc5n.facebook.tk/billing,60,7,12,0,0,0,0,0,6,1,4.7416,1,3,0.2,0,phishing
http://app1e-authenticate.gq/authenticate/e3ujq,47,1,2,1,0,0,0,0,0,1,3.823,1,4,0.0426,0,phishing
https://dropbox.net/products,28,1,0,0,1,0,0,0,0,0,3.7979,1,3,0.0,0,safe
https://notion.net/help/contact,31,1,0,0,1,0,0,0,0,0,3.5263,1,4,0.0,0,safe
https://wellsfargo-authenticate.ga/reset-password/login/caiya52k?id=eqmq7yyvn5,78,1,4,2,1,0,0,0,0,4,4.6646,3,5,0.0513,0,phishing
https://e3y5o.4j5kwbzm.ohkhx.cbg.7lr7.gnfgam.amazon.xyz/billing,63,7,6,0,1,0,0,0,6,1,4.6369,1,3,0.0952,0,phishing
https://docs.dropbox.gov/pricing?ref=kxkq,41,2,0,0,1,0,0,0,1,0,4.3755,3,3,0.0,0,safe
https://irs.net/blog/2026/updates,33,1,4,0,1,0,0,0,0,1,4.1243,1,5,0.1212,0,safe
http://fedex-secure.cf/billing/login/x00qbhdf?id=tzbfmnula1,59,1,3,1,0,0,0,0,0,3,4.6177,3,5,0.0508,0,phishing
https://is.gd/xnxku8u,21,1,1,0,1,0,0,0,0,0,3.7849,1,3,0.0476,1,phishing
https://snj9.oemi.e9p0yq7p.6a7ry.75ni3u6.v1j4g.outlook.cf/support-center,72,7,12,1,1,0,0,0,6,1,4.7392,1,3,0.1667,0,phishing
http://fedex-recover.gq/recover/wyhmn,37,1,0,1,0,0,0,0,0,1,4.0876,1,4,0.0,0,phishing
http://242.175.100.232/binance-signin/chh1iq.php,48,4,13,1,0,0,1,0,0,1,4.2618,1,4,0.2708,0,phishing
https://www.bbc.edu/about,25,2,0,0,1,0,0,0,1,0,3.7231,1,3,0.0,0,safe
https://126.121.49.238/netflix-confirm/9bc259.php,49,4,15,1,1,0,1,0,0,1,4.5327,1,4,0.3061,0,phishing
https://docs.airbnb.gov/blog/2026/updates,41,2,4,0,1,0,0,0,1,1,4.3178,1,5,0.0976,0,safe
http://rm0.3qw37nu.28m.63fpvwz1.1pn8w81.microsoft.top/webscr,60,6,13,0,0,0,0,0,5,1,4.5603,1,3,0.2167,0,phishing
http://9a72m.tp497.0cno.xhdgx2bd.facebook.gq/verify,51,5,8,0,0,0,0,0,4,1,4.6553,1,3,0.1569,0,phishing
https://nasa.org/account/settings,33,1,0,0,1,0,0,0,0,1,3.7377,1,4,0.0,0,safe
http://112.98.30.12/amazon-webscr/b694yh.php,44,4,12,1,0,0,1,0,0,1,4.5443,1,4,0.2727,0,phishing
https://www.wikipedia.edu/products?ref=udt5,43,2,1,0,1,0,0,0,1,0,4.1757,3,3,0.0233,0,safe
https://un.edu/en/home,22,1,0,0,1,0,0,0,0,0,3.516,1,4,0.0,0,safe
https://notion.edu/about,24,1,0,0,1,0,0,0,0,0,3.6887,1,3,0.0,0,safe
https://en.figma.io/docs/getting-started,40,2,0,1,1,0,0,0,1,0,4.0087,1,4,0.0,0,safe
https://en.nasa.io/careers,26,2,0,0,1,0,0,0,1,0,3.6612,1,3,0.0,0,safe
https://we11sfarg0-webscr.info/webscr/ffk65,43,1,5,1,1,0,0,0,0,1,4.3503,1,4,0.1163,0,phishing
http://cutt.ly/fkk7v6n,22,1,2,0,0,0,0,0,0,0,3.7888,1,3,0.0909,1,phishing
https://tinyurl.com/u4b5l4k,27,1,3,0,1,0,0,0,0,0,4.1805,1,3,0.1111,1,phishing
https://help.dropbox.org/support/faq,36,2,0,0,1,0,0,0,1,1,3.9722,1,4,0.0,0,safe
https://en.mozilla.gov/news/latest,34,2,0,0,1,0,0,0,1,0,3.962,1,4,0.0,0,safe
http://dhl-support-center.tk/login/signin/recover/plvgkf9b?id=9kkz4d0z0b,72,1,5,2,0,0,0,0,0,4,4.6124,3,6,0.0694,0,phishing
http://binancebm-reset-password.gq/reset-password/uy6ci,55,1,1,3,0,0,0,0,0,2,4.338,1,4,0.0182,0,phishing
http://fedex-account.cf/support-center/billing/8hvljnli?id=3luqchsp9s,69,1,3,2,0,0,0,0,0,3,4.6201,3,5,0.0435,0,phishing
https://f79bjl.pg9.zcucmty.google.ml/account,44,4,3,0,1,0,0,0,3,1,4.2999,1,3,0.0682,0,phishing
http://g3itanz.q6fhl0y.s3f02b09.nvoh.outlook.tk/webscr,54,5,8,0,0,0,0,0,4,1,4.6533,1,3,0.1481,0,phishing
http://bit.ly/7nxyzfb,21,1,1,0,0,0,0,0,0,0,3.749,1,3,0.0476,1,phishing
http://43.125.12.47/usps-account/ph914l.php,43,4,12,1,0,0,1,0,0,1,4.1558,1,4,0.2791,0,phishing
http://ol1lr.sg9afyw.hhlt0qc.eg8j.3gq1wwg.jbm.paypal.cf/signin,62,7,6,0,0,0,0,0,6,2,4.5705,1,3,0.0968,0,phishing
https://www.duolingo.io/pricing,31,2,0,0,1,0,0,0,1,0,3.9134,1,3,0.0,0,safe
https://www.un.io/en/home,25,2,0,0,1,0,0,0,1,0,3.6537,1,4,0.0,0,safe
https://cutt.ly/ci6bdte,23,1,1,0,1,0,0,0,0,0,3.7251,1,3,0.0435,1,phishing
https://help.npr.io/en/home,27,2,0,0,1,0,0,0,1,0,3.634,1,4,0.0,0,safe
http://129.137.83.88/icloud-reset-password/75uxis.php,53,4,12,2,0,0,1,0,0,2,4.5296,1,4,0.2264,0,phishing
https://k7qbnr5.ztxrta.z7tjvn.6mzo.outlook.tk/reset-password,60,5,4,1,1,0,0,0,4,2,4.4488,1,3,0.0667,0,phishing
https://help.un.edu/account/settings,36,2,0,0,1,0,0,0,1,1,3.8747,1,4,0.0,0,safe
https://en.trello.net,21,2,0,0,1,0,0,0,1,0,3.404,1,2,0.0,0,safe
https://en.trello.io/help/contact,33,2,0,0,1,0,0,0,1,0,3.7149,1,4,0.0,0,safe
http://tinyurl.com/tcyjihu,26,1,0,0,0,0,0,0,0,0,3.8253,1,3,0.0,1,phishing
https://appleqr-unlock.cf/unlock/zwgy4,38,1,1,1,1,0,0,0,0,1,4.3989,1,4,0.0263,0,phishing
https://docs.khanacademy.org/pricing,36,2,0,0,1,0,0,0,1,0,4.1626,1,3,0.0,0,safe
https://wellsfargo6q-reset-password.gq/reset-password/d70e6,59,1,4,3,1,0,0,0,0,2,4.1259,1,4,0.0678,0,phishing
http://paypal-update.cf/reset-password/unlock/authenticate/signin/bcnlocka?id=hiy8zdh5o6,88,1,3,2,0,0,0,0,0,7,4.5672,3,7,0.0341,0,phishing
http://cutt.ly/bu48szl,22,1,2,0,0,0,0,0,0,0,3.6978,1,3,0.0909,1,phishing
http://is.gd/xlmuj6d,20,1,1,0,0,0,0,0,0,0,3.8842,1,3,0.05,1,phishing
https://help.airbnb.org/support/faq,35,2,0,0,1,0,0,0,1,1,4.0576,1,4,0.0,0,safe
http://ww3m9ev.124i7fw1.mbi.ok4znfzs.5n2z73y.0s5g8.apple.ml/unlock,66,7,15,0,0,0,0,0,6,1,4.8484,1,3,0.2273,0,phishing
https://reuters.gov/careers,27,1,0,0,1,0,0,0,0,0,3.634,1,3,0.0,0,safe
https://www.nytimes.com/help/contact,36,2,0,0,1,0,0,0,1,0,3.9166,1,4,0.0,0,safe
http://115.68.160.188/chase-support-center/bythjj.php,53,4,11,2,0,0,1,0,0,1,4.2802,1,4,0.2075,0,phishing
https://help.irs.io/careers,27,2,0,0,1,0,0,0,1,0,3.6801,1,3,0.0,0,safe
http://rb.gy/t6au5oq,20,1,2,0,0,0,0,0,0,0,3.8464,1,3,0.1,1,phishing
https://rb.gy/327voit,21,1,3,0,1,0,0,0,0,0,3.9395,1,3,0.1429,1,phishing
https://en.who.io/help/contact,30,2,0,0,1,0,0,0,1,0,3.7232,1,4,0.0,0,safe
http://we11sfarg0-billing.tk/billing/ncv9f,42,1,4,1,0,0,0,0,0,1,4.3384,1,4,0.0952,0,phishing
https://docs.khanacademy.net/pricing,36,2,0,0,1,0,0,0,1,0,4.1206,1,3,0.0,0,safe
https://docs.reuters.io/,24,2,0,0,1,0,0,0,1,0,3.6573,1,3,0.0,0,safe
https://help.github.net/blog/2026/updates?ref=1xyx,50,2,5,0,1,0,0,0,1,1,4.5093,3,5,0.1,0,safe
https://www.nasa.net/en/home,28,2,0,0,1,0,0,0,1,0,3.5567,1,4,0.0,0,safe
http://coinbaseay-alert.cf/alert/j7rce,38,1,1,1,0,0,0,0,0,1,4.1029,1,4,0.0263,0,phishing
https://docs.figma.io,21,2,0,0,1,0,0,0,1,0,3.8209,1,2,0.0,0,safe
http://instagram-update.tk/billing/webscr/login/secure/d33ae25o?id=4utmmc27gh,77,1,7,1,0,0,0,0,0,5,4.6509,3,7,0.0909,0,phishing
https://en.nationalgeographic.io/products,41,2,0,0,1,0,0,0,1,0,4.046,1,3,0.0,0,safe
https://usps.gov/,17,1,0,0,1,0,0,0,0,0,3.2928,1,3,0.0,0,safe
https://en.spotify.com/news/latest,34,2,0,0,1,0,0,0,1,0,3.9003,1,4,0.0,0,safe
https://at845c15.ymnpk91w.wdk.38s1r.google.tk/login,51,5,10,0,1,0,0,0,4,1,4.5472,1,3,0.1961,0,phishing
https://www.coursera.com/careers?ref=c4jx,41,2,1,0,1,0,0,0,1,0,4.1411,3,3,0.0244,0,safe
http://bit.ly/mtvijdl,21,1,0,0,0,0,0,0,0,0,3.5945,1,3,0.0,1,phishing
http://dhl04-signin.tk/signin/6lhnx,35,1,3,1,0,0,0,0,0,1,3.8973,1,4,0.0857,0,phishing
https://www.spotify.gov/news/latest,35,2,0,0,1,0,0,0,1,0,3.8833,1,4,0.0,0,safe
https://docs.trello.com/docs/getting-started,44,2,0,1,1,0,0,0,1,0,3.9613,1,4,0.0,0,safe
http://208.221.69.243/coinbase-support-center/omtozb.php,56,4,11,2,0,0,1,0,0,1,4.4864,1,4,0.1964,0,phishing
https://apple-support-center.info/verify/alert/recover/support-center/77q4s2du?id=kig5hhr80v,92,1,7,3,1,0,0,0,0,4,4.5829,3,7,0.0761,0,phishing
https://en.harvard.org/about,28,2,0,0,1,0,0,0,1,0,3.9138,1,3,0.0,0,safe
http://google-billing.ga/suspended/authenticate/f21johnm?id=0haqsf1tim,70,1,4,1,0,0,0,0,0,3,4.5385,3,5,0.0571,0,phishing
http://dhly4-signin.top/signin/ig2ny,36,1,2,1,0,0,0,0,0,1,3.8163,1,4,0.0556,0,phishing
http://185.19.251.222/outlook-signin/7fww88.php,47,4,14,1,0,0,1,0,0,1,4.3253,1,4,0.2979,0,phishing
https://spotify.edu/pricing?ref=fs27,36,1,2,0,1,0,0,0,0,0,4.2663,3,3,0.0556,0,safe
http://paypal27-billing.xyz/billing/gqws9,41,1,3,1,0,0,0,0,0,2,4.2083,1,4,0.0732,0,phishing
http://222.186.121.217/amazon-authenticate/gqnxmq.php,53,4,12,1,0,0,1,0,0,1,4.3037,1,4,0.2264,0,phishing
http://cutt.ly/nlcpyeo,22,1,0,0,0,0,0,0,0,0,3.516,1,3,0.0,1,phishing
https://cloudflare.org/pricing?ref=wxuf,39,1,0,0,1,0,0,0,0,0,4.3749,3,3,0.0,0,safe
https://en.stackoverflow.gov/support/faq,40,2,0,0,1,0,0,0,1,1,4.1842,1,4,0.0,0,safe
https://www.python.edu/careers,30,2,0,0,1,0,0,0,1,0,3.9396,1,3,0.0,0,safe
http://icloud-authenticate.ml/suspended/suspended/webscr/v3rmbzjb?id=y7et9th62j,79,1,5,1,0,0,0,0,0,3,4.6226,3,6,0.0633,0,phishing
https://icloude0-unlock.cf/unlock/7sp09,39,1,4,1,1,0,0,0,0,1,4.2017,1,4,0.1026,0,phishing
http://usps-reset-password.top/reset-password/bxk53,51,1,2,3,0,0,0,0,0,2,3.9719,1,4,0.0392,0,phishing
https://help.irs.org/en/home,28,2,0,0,1,0,0,0,1,0,3.7534,1,4,0.0,0,safe
http://apple-support-center.top/billing/signin/5u789ff8?id=ukb0nbqhyw,69,1,6,2,0,0,0,0,0,3,4.7032,3,5,0.087,0,phishing
https://help.mit.org/about,26,2,0,0,1,0,0,0,1,0,3.9022,1,3,0.0,0,safe
https://nyuxx8k.3d0ii0.hxyqb1b.l51hbak.oweibqxy.apple.ml/account,64,6,7,0,1,0,0,0,5,1,4.632,1,3,0.1094,0,phishing
http://binancez2-billing.info/billing/8hya7,43,1,3,1,0,0,0,0,0,1,4.1269,1,4,0.0698,0,phishing
https://reuters.net/news/latest,31,1,0,0,1,0,0,0,0,0,3.4342,1,4,0.0,0,safe
https://help.python.gov/about,29,2,0,0,1,0,0,0,1,0,3.8573,1,3,0.0,0,safe
https://www.airbnb.com/products,31,2,0,0,1,0,0,0,1,0,4.0424,1,3,0.0,0,safe
http://netflixfy-confirm.tk/confirm/hbi31,41,1,2,1,0,0,0,0,0,1,4.2172,1,4,0.0488,0,phishing
https://0l93v.g6q8.pysj.wj0.icloud.top/unlock,45,5,6,0,1,0,0,0,4,1,4.4833,1,3,0.1333,0,phishing
https://83o71rc.y4i.01mcp.fqpd.netflix.cf/authenticate,54,5,7,0,1,0,0,0,4,1,4.5161,1,3,0.1296,0,phishing
https://oygcmq.v4n.8gd7bs.5u1.rnc4kg6.633e1gyu.icloud.gq/recover,64,7,11,0,1,0,0,0,6,1,4.6713,1,3,0.1719,0,phishing
http://dhlop-billing.top/billing/aykdg,38,1,0,1,0,0,0,0,0,1,3.8828,1,4,0.0,0,phishing
http://16iaj.x5ab.dezov0rd.facebook.click/reset-password,56,4,4,1,0,0,0,0,3,3,4.5836,1,3,0.0714,0,phishing
https://docs.harvard.org,24,2,0,0,1,0,0,0,1,0,3.7202,1,2,0.0,0,safe
https://37.225.210.164/wellsfargo-suspended/rm3vnh.php,54,4,12,1,1,0,1,0,0,1,4.6389,1,4,0.2222,0,phishing
https://www.irs.org?ref=jyb1,28,2,1,0,1,0,0,0,1,0,4.182,3,2,0.0357,0,safe
https://help.bbc.net/help/contact,33,2,0,0,1,0,0,0,1,0,3.6314,1,4,0.0,0,safe
http://microsoft-suspended.ml/alert/recover/authenticate/gb8cecnb?id=klginvxglg,79,1,1,1,0,0,0,0,0,4,4.509,3,6,0.0127,0,phishing
http://136.101.62.67/amazon-support-center/ers945.php,53,4,13,2,0,0,1,0,0,1,4.4708,1,4,0.2453,0,phishing
https://www.trello.net/support/faq,34,2,0,0,1,0,0,0,1,1,3.8781,1,4,0.0,0,safe
https://docs.dropbox.edu/news/latest,36,2,0,0,1,0,0,0,1,0,3.9959,1,4,0.0,0,safe
https://80.3.158.176/netflix-webscr/0rjo9x.php,46,4,11,1,1,0,1,0,0,1,4.6212,1,4,0.2391,0,phishing
https://docs.khanacademy.net/careers,36,2,0,0,1,0,0,0,1,0,3.9194,1,3,0.0,0,safe
https://docs.un.gov/news/latest,31,2,0,0,1,0,0,0,1,0,3.9219,1,4,0.0,0,safe
http://nq3it.076mkkv.vbll.2qzamo.chase.gq/billing,49,5,5,0,0,0,0,0,4,1,4.4998,1,3,0.102,0,phishing
https://nationalgeographic.edu/docs/getting-started,51,1,0,1,1,0,0,0,0,0,4.0366,1,4,0.0,0,safe
https://wikipedia.edu/help/contact,34,1,0,0,1,0,0,0,0,0,3.962,1,4,0.0,0,safe
http://fedexj1-billing.xyz/billing/j6gad,40,1,2,1,0,0,0,0,0,1,4.2531,1,4,0.05,0,phishing
https://en.trello.net/docs/getting-started,42,2,0,1,1,0,0,0,1,0,3.8419,1,4,0.0,0,safe
http://jh4lm.avfxu.810phro.3dyhevt.wellsfargo.ga/billing,56,5,5,0,0,0,0,0,4,1,4.6602,1,3,0.0893,0,phishing
https://en.khanacademy.edu/products,35,2,0,0,1,0,0,0,1,0,4.05,1,3,0.0,0,safe
https://www.spotify.net/careers,31,2,0,0,1,0,0,0,1,0,3.889,1,3,0.0,0,safe
https://rb.gy/zcj7qhm,21,1,1,0,1,0,0,0,0,0,3.9754,1,3,0.0476,1,phishing
http://5wg.3r704m.8h9ih.fedex.click/account,43,4,7,0,0,0,0,0,3,2,4.6294,1,3,0.1628,0,phishing
https://www.mit.gov/,20,2,0,0,1,0,0,0,1,0,3.5087,1,3,0.0,0,safe
https://netflix-authenticate.click/recover/signin/signin/authenticate/itfvi7ok?id=6gz1vf55me,92,1,5,1,1,0,0,0,0,4,4.4588,3,7,0.0543,0,phishing
https://binance-verify.gq/verify/7sat4,38,1,2,1,1,0,0,0,0,1,4.2936,1,4,0.0526,0,phishing
http://253.153.110.115/icloud-support-center/jdrf91.php,55,4,14,2,0,0,1,0,0,1,4.3881,1,4,0.2545,0,phishing
http://is.gd/dq9a861,20,1,4,0,0,0,0,0,0,0,3.8842,1,3,0.2,1,phishing
https://en.nasa.io/blog/2026/updates,36,2,4,0,1,0,0,0,1,1,4.1179,1,5,0.1111,0,safe
http://instagram-verify.ml/authenticate/alert/t7u56pdq?id=vuyu2zx36y,68,1,6,1,0,0,0,0,0,3,4.665,3,5,0.0882,0,phishing
https://notion.edu/help/contact,31,1,0,0,1,0,0,0,0,0,3.7568,1,4,0.0,0,safe
https://en.slack.gov/careers?ref=y1l5,37,2,2,0,1,0,0,0,1,0,4.3374,3,3,0.0541,0,safe
https://help.slack.net/news/latest,34,2,0,0,1,0,0,0,1,0,3.6062,1,4,0.0,0,safe
https://www.usps.io/,20,2,0,0,1,0,0,0,1,0,3.3087,1,3,0.0,0,safe
http://is.gd/dyc5k55,20,1,3,0,0,0,0,0,0,0,3.6464,1,3,0.15,1,phishing
https://en.wikipedia.com,24,2,0,0,1,0,0,0,1,0,3.9702,1,2,0.0,0,safe
https://help.dropbox.edu/account/settings,41,2,0,0,1,0,0,0,1,1,4.1227,1,4,0.0,0,safe
http://is.gd/8dvyall,20,1,1,0,0,0,0,0,0,0,3.7842,1,3,0.05,1,phishing
https://docs.coursera.edu/pricing,33,2,0,0,1,0,0,0,1,0,3.9832,1,3,0.0,0,safe
https://paypal-verify.gq/signin/recover/recover/alert/6m8cm4bn?id=24nfjdx990,76,1,8,1,1,0,0,0,0,5,4.7947,3,7,0.1053,0,phishing
https://help.slack.edu/support/faq,34,2,0,0,1,0,0,0,1,1,3.9842,1,4,0.0,0,safe
https://outlookav-alert.xyz/alert/s8k74,39,1,3,1,1,0,0,0,0,1,4.2117,1,4,0.0769,0,phishing
http://rb.gy/cb5rygr,20,1,1,0,0,0,0,0,0,0,3.4464,1,3,0.05,1,phishing
http://184.43.180.60/fedex-update/oall51.php,44,4,12,1,0,0,1,0,0,1,4.2716,1,4,0.2727,0,phishing
https://en.mozilla.edu/blog/2026/updates,40,2,4,0,1,0,0,0,1,1,4.2751,1,5,0.1,0,safe
https://en.nytimes.com/blog/2026/updates?ref=qxln,49,2,4,0,1,0,0,0,1,1,4.6123,3,5,0.0816,0,safe
https://help.duolingo.edu/about,31,2,0,0,1,0,0,0,1,0,3.9536,1,3,0.0,0,safe
http://amaz0n-recover.info/recover/k1qgl,40,1,2,1,0,0,0,0,0,1,4.3531,1,4,0.05,0,phishing
https://help.dropbox.io/pricing,31,2,0,0,1,0,0,0,1,0,3.9779,1,3,0.0,0,safe
https://help.spotify.org,24,2,0,0,1,0,0,0,1,0,3.7721,1,2,0.0,0,safe
http://snf.c33kkj93.v6mz5.k8zcf.z472n6.dhgencw.chase.ga/account,63,7,11,0,0,0,0,0,6,1,4.6051,1,3,0.1746,0,phishing
https://www.airbnb.org/docs/getting-started,43,2,0,1,1,0,0,0,1,0,4.0651,1,4,0.0,0,safe
https://help.notion.net/account/settings,40,2,0,0,1,0,0,0,1,1,3.7338,1,4,0.0,0,safe
https://usps-reset-password.tk/suspended/signin/suspended/ftjbsw32?id=1lum8s3zyf,80,1,5,2,1,0,0,0,0,4,4.4643,3,6,0.0625,0,phishing
https://docs.github.com/news/latest,35,2,0,0,1,0,0,0,1,0,4.0547,1,4,0.0,0,safe
https://en.mit.edu/blog/2026/updates,36,2,4,0,1,0,0,0,1,1,4.1598,1,5,0.1111,0,safe
http://g00g1e-support-center.gq/support-center/kvuor,52,1,3,3,0,0,0,0,0,1,4.0589,1,4,0.0577,0,phishing
https://docs.duolingo.com/about,31,2,0,0,1,0,0,0,1,0,3.9503,1,3,0.0,0,safe
https://www.duolingo.org/careers,32,2,0,0,1,0,0,0,1,0,4.0931,1,3,0.0,0,safe
https://un.gov/,15,1,0,0,1,0,0,0,0,0,3.4566,1,3,0.0,0,safe
https://en.npr.net/help/contact,31,2,0,0,1,0,0,0,1,0,3.5632,1,4,0.0,0,safe
https://nasa.net/en/home,24,1,0,0,1,0,0,0,0,0,3.4073,1,4,0.0,0,safe
https://docs.usps.com/blog/2026/updates,39,2,4,0,1,0,0,0,1,1,4.0679,1,5,0.1026,0,safe
https://help.nytimes.edu/careers,32,2,0,0,1,0,0,0,1,0,3.9414,1,3,0.0,0,safe
http://1vtq63y.vas.9shub6i.netflix.top/billing,46,4,5,0,0,0,0,0,3,1,4.4123,1,3,0.1087,0,phishing
http://8v38.9d4.rgs77h.hsr10.vqh.netflix.click/update,53,6,9,0,0,0,0,0,5,2,4.6286,1,3,0.1698,0,phishing
https://5j5o12.2s0jaix6.kxsne7nl.8gimeimj.atfdyaf7.0q5k.facebook.cf/unlock,74,7,12,0,1,0,0,0,6,1,4.771,1,3,0.1622,0,phishing
https://nationalgeographic.com/products?ref=oz9x,48,1,1,0,1,0,0,0,0,0,4.4311,3,3,0.0208,0,safe
https://help.who.edu/blog/2026/updates,38,2,4,0,1,0,0,0,1,1,4.0735,1,5,0.1053,0,safe
https://usps-reset-password.ga/verify/unlock/support-center/orttynsy?id=q4q1vhpgfa,82,1,2,3,1,0,0,0,0,5,4.5336,3,6,0.0244,0,phishing
http://193.141.167.179/outlook-recover/24uq5i.php,49,4,15,1,0,0,1,0,0,1,4.4082,1,4,0.3061,0,phishing
https://docs.trello.com/careers,31,2,0,0,1,0,0,0,1,0,3.7515,1,3,0.0,0,safe
http://tinyurl.com/vtuzero,26,1,0,0,0,0,0,0,0,0,3.9791,1,3,0.0,1,phishing
https://docs.khanacademy.io/docs/getting-started,48,2,0,1,1,0,0,0,1,0,4.0897,1,4,0.0,0,safe
https://help.usps.net/news/latest,33,2,0,0,1,0,0,0,1,0,3.4694,1,4,0.0,0,safe
https://help.stackoverflow.edu/help/contact,43,2,0,0,1,0,0,0,1,0,4.0918,1,4,0.0,0,safe
https://figma.edu/products,26,1,0,0,1,0,0,0,0,0,4.027,1,3,0.0,0,safe
https://help.khanacademy.org/en/home,36,2,0,0,1,0,0,0,1,0,4.0378,1,4,0.0,0,safe
https://help.wikipedia.io/support/faq,37,2,0,0,1,0,0,0,1,1,4.0104,1,4,0.0,0,safe
https://en.nasa.gov/pricing,27,2,0,0,1,0,0,0,1,0,3.8842,1,3,0.0,0,safe
https://en.python.com/docs/getting-started,42,2,0,1,1,0,0,0,1,0,3.9954,1,4,0.0,0,safe
http://drjjtvzt.fkx.fiuo6.57e.fpwbwot.usps.top/alert,52,6,3,0,0,0,0,0,5,1,4.3653,1,3,0.0577,0,phishing
http://q8v.omh5.q3u.qek9k.lkal6.9ewld6wi.paypal.ml/authenticate,63,7,7,0,0,0,0,0,6,2,4.4177,1,3,0.1111,0,phishing
https://duolingo.com/account/settings,37,1,0,0,1,0,0,0,0,1,3.9156,1,4,0.0,0,safe
http://231.85.75.101/paypal-update/h4w7d8.php,45,4,13,1,0,0,1,0,0,2,4.1912,1,4,0.2889,0,phishing
https://docs.dropbox.edu/support/faq,36,2,0,0,1,0,0,0,1,1,3.9404,1,4,0.0,0,safe
https://www.stackoverflow.com/support/faq,41,2,0,0,1,0,0,0,1,1,4.1012,1,4,0.0,0,safe
http://3kyl0ok.4nkqo5cm.fcu0zugq.otm.2z7.coinbase.cf/alert,58,6,7,0,0,0,0,0,5,1,4.668,1,3,0.1207,0,phishing
https://nasa.net/about,22,1,0,0,1,0,0,0,0,0,3.4817,1,3,0.0,0,safe
https://www.figma.io/,21,2,0,0,1,0,0,0,1,0,3.6538,1,3,0.0,0,safe
http://38.168.242.185/dhl-recover/l2hk0b.php,44,4,13,1,0,0,1,0,0,1,4.3625,1,4,0.2955,0,phishing
https://www.reuters.gov/products,32,2,0,0,1,0,0,0,1,0,3.8431,1,3,0.0,0,safe
https://232.253.95.223/bankofamerica-suspended/x6sysk.php,57,4,12,1,1,0,1,0,0,1,4.5437,1,4,0.2105,0,phishing
https://en.duolingo.gov/support/faq,35,2,0,0,1,0,0,0,1,1,4.1147,1,4,0.0,0,safe
https://help.mozilla.io/news/latest,35,2,0,0,1,0,0,0,1,0,3.829,1,4,0.0,0,safe
https://paypal-login.xyz/login/signin/secure/gvd3fm6c?id=02gpd3ovfd,67,1,5,1,1,0,0,0,0,4,4.6781,3,6,0.0746,0,phishing
https://dh1-signin.gq/signin/i1riw,34,1,2,1,1,0,0,0,0,1,3.7045,1,4,0.0588,0,phishing
http://paypal-secure.click/verify/unlock/authenticate/unlock/sqdw8evg?id=oqj59fek18,83,1,5,1,0,0,0,0,0,6,4.7041,3,7,0.0602,0,phishing
https://en.npr.org,18,2,0,0,1,0,0,0,1,0,3.5033,1,2,0.0,0,safe
https://docs.npr.gov/docs/getting-started,41,2,0,1,1,0,0,0,1,0,3.9484,1,4,0.0,0,safe
https://docs.nytimes.io/en/home?ref=yfdv,40,2,0,0,1,0,0,0,1,0,4.1653,3,4,0.0,0,safe
https://www.figma.net/account/settings?ref=spb4,47,2,1,0,1,0,0,0,1,1,4.2828,3,4,0.0213,0,safe
http://tinyurl.com/v7gi93z,26,1,3,0,0,0,0,0,0,0,4.2578,1,3,0.1154,1,phishing
https://138.22.137.249/microsoft-confirm/o3kcr6.php,51,4,13,1,1,0,1,0,0,1,4.4071,1,4,0.2549,0,phishing
http://wellsfargot1-signin.info/signin/h2fc6,44,1,3,1,0,0,0,0,0,1,4.1813,1,4,0.0682,0,phishing
https://en.nytimes.com,22,2,0,0,1,0,0,0,1,0,3.6978,1,2,0.0,0,safe
https://www.airbnb.edu/news/latest,34,2,0,0,1,0,0,0,1,0,3.8666,1,4,0.0,0,safe
http://235.219.100.75/instagram-billing/fefm1x.php,50,4,12,1,0,0,1,0,0,1,4.5435,1,4,0.24,0,phishing
http://tinyurl.com/fjpsycw,26,1,0,0,0,0,0,0,0,0,4.1039,1,3,0.0,1,phishing
https://help.irs.gov/en/home?ref=rfee,37,2,0,0,1,0,0,0,1,0,3.9927,3,4,0.0,0,safe
http://162.156.19.220/instagram-update/ud30l7.php,49,4,14,1,0,0,1,0,0,1,4.4665,1,4,0.2857,0,phishing
https://www.usps.org/news/latest,32,2,0,0,1,0,0,0,1,0,3.6997,1,4,0.0,0,safe
http://fedex-support-center.top/unlock/recover/suspended/unlock/mba3sv25?id=4shs0wg6ng,86,1,6,2,0,0,0,0,0,4,4.6867,3,7,0.0698,0,phishing
https://python.com/blog/2026/updates,36,1,4,0,1,0,0,0,0,1,4.1944,1,5,0.1111,0,safe
https://stackoverflow.com/en/home,33,1,0,0,1,0,0,0,0,0,4.0289,1,4,0.0,0,safe
http://tinyurl.com/s5s6u27,26,1,4,0,0,0,0,0,0,0,4.1808,1,3,0.1538,1,phishing
http://0c4c.thrg.4g4.wellsfargo.gq/account,42,4,4,0,0,0,0,0,3,1,4.1659,1,3,0.0952,0,phishing
https://help.duolingo.com/news/latest,37,2,0,0,1,0,0,0,1,0,4.0468,1,4,0.0,0,safe
http://paypalf7-secure.cf/secure/lfvkc,38,1,1,1,0,0,0,0,0,2,4.0503,1,4,0.0263,0,phishing
http://u6mc.a44xh.c1ea.jigz93s.m3hs2.coinbase.cf/login,54,6,8,0,0,0,0,0,5,1,4.583,1,3,0.1481,0,phishing
https://nationalgeographic.com/,31,1,0,0,1,0,0,0,0,0,3.9536,1,3,0.0,0,safe
https://khanacademy.edu/products?ref=xtpd,41,1,0,0,1,0,0,0,0,0,4.2595,3,3,0.0,0,safe
https://47.138.68.136/chase-reset-password/9ftwfy.php,53,4,11,2,1,0,1,0,0,2,4.386,1,4,0.2075,0,phishing
https://help.harvard.com/news/latest,36,2,0,0,1,0,0,0,1,0,3.9749,1,4,0.0,0,safe
https://help.npr.io/help/contact?ref=wnz0,41,2,1,0,1,0,0,0,1,0,4.1804,3,4,0.0244,0,safe
https://140.166.136.183/chase-verify/ey0txk.php,47,4,13,1,1,0,1,0,0,1,4.3679,1,4,0.2766,0,phishing
https://en.notion.edu/blog/2026/updates,39,2,4,0,1,0,0,0,1,1,4.1091,1,5,0.1026,0,safe
https://docs.dropbox.edu/news/latest,36,2,0,0,1,0,0,0,1,0,3.9959,1,4,0.0,0,safe
https://docs.figma.org/,23,2,0,0,1,0,0,0,1,0,3.882,1,3,0.0,0,safe
https://cloudflare.org/en/home,30,1,0,0,1,0,0,0,0,0,4.0566,1,4,0.0,0,safe
https://www.npr.org/account/settings,36,2,0,0,1,0,0,0,1,1,3.8956,1,4,0.0,0,safe
https://fedexe0-confirm.click/confirm/ti8ut,43,1,2,1,1,0,0,0,0,2,4.2749,1,4,0.0465,0,phishing
https://help.harvard.org/support/faq?ref=gihc,45,2,0,0,1,0,0,0,1,1,4.2225,3,4,0.0,0,safe
http://52.84.73.135/wellsfargo-secure/wm0fas.php,48,4,10,1,0,0,1,0,0,1,4.5794,1,4,0.2083,0,phishing
http://binance-reset-password.top/reset-password/aot6p,54,1,1,3,0,0,0,0,0,2,3.9587,1,4,0.0185,0,phishing
http://rb.gy/uo70097,20,1,5,0,0,0,0,0,0,0,3.7842,1,3,0.25,1,phishing
http://rb.gy/p9a8ocz,20,1,2,0,0,0,0,0,0,0,3.8842,1,3,0.1,1,phishing
http://9mffg.nlckz.dcmpn.1p5clap.927ke98.paypal.cf/update,57,6,8,0,0,0,0,0,5,2,4.3428,1,3,0.1404,0,phishing
https://dropbox.net/news/latest,31,1,0,0,1,0,0,0,0,0,3.8213,1,4,0.0,0,safe
https://www.slack.io/about,26,2,0,0,1,0,0,0,1,0,3.8441,1,3,0.0,0,safe
https://help.npr.com/en/home,28,2,0,0,1,0,0,0,1,0,3.655,1,4,0.0,0,safe
https://docs.nytimes.org/account/settings,41,2,0,0,1,0,0,0,1,1,3.9579,1,4,0.0,0,safe
https://docs.figma.net/products,31,2,0,0,1,0,0,0,1,0,4.0668,1,3,0.0,0,safe
https://docs.nytimes.gov/about,30,2,0,0,1,0,0,0,1,0,4.0981,1,3,0.0,0,safe
https://en.duolingo.com/blog/2026/updates,41,2,4,0,1,0,0,0,1,1,4.2755,1,5,0.0976,0,safe
http://wellsfargo-alert.info/support-center/signin/ovizrnyf?id=hp784du4g1,73,1,5,2,0,0,0,0,0,3,4.641,3,5,0.0685,0,phishing
https://help.who.org?ref=9nlc,29,2,1,0,1,0,0,0,1,0,4.1423,3,2,0.0345,0,safe
https://en.bbc.edu/pricing,26,2,0,0,1,0,0,0,1,0,3.9022,1,3,0.0,0,safe
http://bank0famerica-signin.cf/signin/dq0cb,43,1,2,1,0,0,0,0,0,1,4.2,1,4,0.0465,0,phishing
http://qb8xm3.dpow.uez.ipi.gb5fx.apple.xyz/account,50,6,3,0,0,0,0,0,5,1,4.4962,1,3,0.06,0,phishing
https://instagram-secure.ml/support-center/verify/verify/confirm/i5zk7bw7?id=3355dfr3iy,87,1,8,2,1,0,0,0,0,4,4.6762,3,7,0.092,0,phishing
http://fedex-login.gq/alert/update/reset-password/secure/x1lx3e3y?id=bpibfi1w37,79,1,6,2,0,0,0,0,0,6,4.5973,3,7,0.0759,0,phishing
https://docs.wikipedia.org/support/faq,38,2,0,0,1,0,0,0,1,1,4.1158,1,4,0.0,0,safe
http://228.76.10.6/netflix-secure/s0qwq3.php,44,4,10,1,0,0,1,0,0,1,4.4989,1,4,0.2273,0,phishing
https://n3d.38kgf0d.bqg8.px6.chase.gq/authenticate,50,5,6,0,1,0,0,0,4,1,4.384,1,3,0.12,0,phishing
https://en.wikipedia.org,24,2,0,0,1,0,0,0,1,0,3.9702,1,2,0.0,0,safe
http://amazon-support-center.tk/webscr/recover/authenticate/unlock/iv3d09aj?id=1mpexqlmaz,89,1,4,2,0,0,0,0,0,5,4.6707,3,7,0.0449,0,phishing
https://docs.github.io/products,31,2,0,0,1,0,0,0,1,0,3.7844,1,3,0.0,0,safe
https://reuters.edu/support/faq,31,1,0,0,1,0,0,0,0,1,3.6711,1,4,0.0,0,safe
http://tinyurl.com/8auweq9,26,1,2,0,0,0,0,0,0,0,4.2578,1,3,0.0769,1,phishing
https://docs.notion.edu/account/settings,40,2,0,0,1,0,0,0,1,1,3.7653,1,4,0.0,0,safe
http://outlook-secure.ml/secure/webscr/sntanhar?id=wicn1c6see,61,1,2,1,0,0,0,0,0,2,4.3775,3,5,0.0328,0,phishing
https://www.notion.io/,22,2,0,0,1,0,0,0,1,0,3.3222,1,3,0.0,0,safe
http://tinyurl.com/vd9qwde,26,1,1,0,0,0,0,0,0,0,4.2578,1,3,0.0385,1,phishing
https://spotify.net/en/home,27,1,0,0,1,0,0,0,0,0,3.6158,1,4,0.0,0,safe
https://help.un.org/en/home,27,2,0,0,1,0,0,0,1,0,3.736,1,4,0.0,0,safe
http://c2v.sdbp.cxeb.5js3iwrl.netflix.info/alert,48,5,3,0,0,0,0,0,4,1,4.4469,1,3,0.0625,0,phishing
https://en.reuters.gov/help/contact?ref=4p40,44,2,3,0,1,0,0,0,1,0,4.2156,3,4,0.0682,0,safe
https://en.reuters.edu/help/contact,35,2,0,0,1,0,0,0,1,0,3.7802,1,4,0.0,0,safe
https://www.dropbox.com/products,32,2,0,0,1,0,0,0,1,0,3.8431,1,3,0.0,0,safe
https://nationalgeographic.org,30,1,0,0,1,0,0,0,0,0,3.8729,1,2,0.0,0,safe
http://instagram-alert.click/alert/sebo2,40,1,1,1,0,0,0,0,0,2,4.1251,1,4,0.025,0,phishing
http://binance-secure.ml/verify/webscr/account/unlock/1xjeijwz?id=jqso30jjc1,76,1,4,1,0,0,0,0,0,5,4.719,3,7,0.0526,0,phishing
http://outlookyc-update.cf/update/kp4bg,39,1,1,1,0,0,0,0,0,1,4.0772,1,4,0.0256,0,phishing
http://we11sfarg0-authenticate.click/authenticate/dkymj,55,1,3,1,0,0,0,0,0,2,4.3136,1,4,0.0545,0,phishing
https://reuters.com/docs/getting-started,40,1,0,1,1,0,0,0,0,0,3.9118,1,4,0.0,0,safe
https://docs.duolingo.net/pricing,33,2,0,0,1,0,0,0,1,0,3.9603,1,3,0.0,0,safe
http://is.gd/kcw033u,20,1,3,0,0,0,0,0,0,0,3.8842,1,3,0.15,1,phishing
http://rb.gy/9ku0prn,20,1,2,0,0,0,0,0,0,0,3.7842,1,3,0.1,1,phishing
https://docs.harvard.edu/news/latest,36,2,0,0,1,0,0,0,1,0,3.9404,1,4,0.0,0,safe
http://fedexfa-unlock.info/unlock/x2puf,39,1,1,1,0,0,0,0,0,1,4.1504,1,4,0.0256,0,phishing
http://bit.ly/f7kzbvv,21,1,1,0,0,0,0,0,0,0,3.749,1,3,0.0476,1,phishing
https://docs.airbnb.com/careers,31,2,0,0,1,0,0,0,1,0,3.9536,1,3,0.0,0,safe
http://2olho.299ysw.xi0hu.usps.ml/update,40,4,5,0,0,0,0,0,3,1,4.2087,1,3,0.125,0,phishing
http://instagram-verify.gq/account/recover/recover/gzjhxp91?id=2zpwm15pxw,73,1,5,1,0,0,0,0,0,3,4.7596,3,6,0.0685,0,phishing
https://en.khanacademy.net/,27,2,0,0,1,0,0,0,1,0,3.7262,1,3,0.0,0,safe
http://is.gd/o2qtcoq,20,1,1,0,0,0,0,0,0,0,3.6464,1,3,0.05,1,phishing
https://www.slack.edu/account/settings?ref=8qpt,47,2,1,0,1,0,0,0,1,1,4.3679,3,4,0.0213,0,safe
https://khanacademy.net/help/contact?ref=jh7g,45,1,1,0,1,0,0,0,0,0,4.267,3,4,0.0222,0,safe
https://en.dropbox.com/support/faq,34,2,0,0,1,0,0,0,1,1,4.0653,1,4,0.0,0,safe
https://www.figma.edu/docs/getting-started,42,2,0,1,1,0,0,0,1,0,4.1236,1,4,0.0,0,safe
https://help.irs.gov/news/latest,32,2,0,0,1,0,0,0,1,0,3.8514,1,4,0.0,0,safe
http://faceb00k-login.click/login/3hddh,39,1,3,1,0,0,0,0,0,2,4.2336,1,4,0.0769,0,phishing
https://nytimes.io/careers?ref=sc7j,35,1,1,0,1,0,0,0,0,0,4.1503,3,3,0.0286,0,safe
https://182.33.44.189/dhl-confirm/6p0a7r.php,44,4,13,1,1,0,1,0,0,1,4.5332,1,4,0.2955,0,phishing
https://docs.dropbox.gov/en/home?ref=8ylx,41,2,1,0,1,0,0,0,1,0,4.3731,3,4,0.0244,0,safe
https://en.stackoverflow.edu/blog/2026/updates,46,2,4,0,1,0,0,0,1,1,4.4123,1,5,0.087,0,safe
http://chase-confirm.click/confirm/w3pn1,40,1,2,1,0,0,0,0,0,2,4.2439,1,4,0.05,0,phishing
https://rb.gy/yb8rn51,21,1,3,0,1,0,0,0,0,0,3.7849,1,3,0.1429,1,phishing
https://help.cloudflare.org?ref=8wav,36,2,1,0,1,0,0,0,1,0,4.3292,3,2,0.0278,0,safe
https://en.spotify.gov/products,31,2,0,0,1,0,0,0,1,0,4.0181,1,3,0.0,0,safe
https://docs.un.net/help/contact,32,2,0,0,1,0,0,0,1,0,3.715,1,4,0.0,0,safe
http://icloudv6-support-center.top/support-center/bvoe8,55,1,2,3,0,0,0,0,0,1,4.0605,1,4,0.0364,0,phishing
https://vcs2l.z0sz.2l61.paypal.xyz/recover,42,4,5,0,1,0,0,0,3,2,4.2548,1,3,0.119,0,phishing
https://docs.notion.org/support/faq,35,2,0,0,1,0,0,0,1,1,3.8973,1,4,0.0,0,safe
https://binance-authenticate.top/authenticate/pfus7,51,1,1,1,1,0,0,0,0,1,3.8386,1,4,0.0196,0,phishing
https://docs.who.edu/news/latest,32,2,0,0,1,0,0,0,1,0,3.7889,1,4,0.0,0,safe
http://6hjw.7mzkd3r.69quely.jap.fq1x.coinbase.info/support-center,65,6,6,1,0,0,0,0,5,1,4.8142,1,3,0.0923,0,phishing
https://en.trello.net/help/contact,34,2,0,0,1,0,0,0,1,0,3.5869,1,4,0.0,0,safe
https://stackoverflow.io/support/faq,36,1,0,0,1,0,0,0,0,1,4.0724,1,4,0.0,0,safe
https://paypal-reset-password.gq/billing/login/signin/suspended/rfkd2vzu?id=idhjp5zme4,86,1,3,2,1,0,0,0,0,7,4.6419,3,7,0.0349,0,phishing
https://www.npr.gov/careers,27,2,0,0,1,0,0,0,1,0,3.8562,1,3,0.0,0,safe
http://faceb00k-confirm.ga/confirm/oaeq0,40,1,3,1,0,0,0,0,0,1,4.2276,1,4,0.075,0,phishing
http://rb.gy/clomzf0,20,1,1,0,0,0,0,0,0,0,3.9842,1,3,0.05,1,phishing
https://233.171.107.236/outlook-login/e6b6b8.php,48,4,15,1,1,0,1,0,0,1,4.3813,1,4,0.3125,0,phishing
https://help.wikipedia.org/careers?ref=78u5,43,2,3,0,1,0,0,0,1,0,4.4059,3,3,0.0698,0,safe
https://docs.duolingo.gov/pricing?ref=7xts,42,2,1,0,1,0,0,0,1,0,4.3501,3,3,0.0238,0,safe
https://dropbox.org/products,28,1,0,0,1,0,0,0,0,0,3.6995,1,3,0.0,0,safe
http://oauw.49jru5u.8mmhsdm.6spy1at.njsbb.0fx3j2y9.microsoft.ga/reset-password,78,7,10,1,0,0,0,0,6,2,4.7735,1,3,0.1282,0,phishing
https://help.nasa.net/careers?ref=fjnt,38,2,0,0,1,0,0,0,1,0,3.8957,3,3,0.0,0,safe
https://is.gd/5rmlanj,21,1,1,0,1,0,0,0,0,0,3.9754,1,3,0.0476,1,phishing
https://help.stackoverflow.edu/about,36,2,0,0,1,0,0,0,1,0,4.1626,1,3,0.0,0,safe
https://google-webscr.info/update/alert/zk3lto6h?id=trx0wfr2vn,62,1,4,1,1,0,0,0,0,3,4.7304,3,5,0.0645,0,phishing
http://cutt.ly/spk2gk9,22,1,2,0,0,0,0,0,0,0,3.6978,1,3,0.0909,1,phishing
https://docs.python.edu/products?ref=sa3c,41,2,1,0,1,0,0,0,1,0,4.1435,3,3,0.0244,0,safe
https://ic10ud-suspended.xyz/suspended/4q7wz,44,1,4,1,1,0,0,0,0,1,4.2156,1,4,0.0909,0,phishing
https://en.usps.net/account/settings,36,2,0,0,1,0,0,0,1,1,3.6179,1,4,0.0,0,safe
https://www.coursera.net/blog/2026/updates,42,2,4,0,1,0,0,0,1,1,4.2525,1,5,0.0952,0,safe
http://icloudcx-secure.tk/secure/ltczu,38,1,0,1,0,0,0,0,0,1,3.9424,1,4,0.0,0,phishing
http://57.113.151.5/netflix-verify/q2rihi.php,45,4,10,1,0,0,1,0,0,1,4.2248,1,4,0.2222,0,phishing
https://en.spotify.io/pricing,29,2,0,0,1,0,0,0,1,0,3.8144,1,3,0.0,0,safe
https://harvard.org,19,1,0,0,1,0,0,0,0,0,3.5766,1,2,0.0,0,safe
https://docs.nytimes.edu/account/settings,41,2,0,0,1,0,0,0,1,1,3.9092,1,4,0.0,0,safe
https://t81s.gdt.iqyjrv0e.xe5tt0b.sul.apple.ml/verify,53,6,5,0,1,0,0,0,5,1,4.4442,1,3,0.0943,0,phishing
https://harvard.gov/,20,1,0,0,1,0,0,0,0,0,3.5842,1,3,0.0,0,safe
http://faceb00k-reset-password.xyz/reset-password/2dveu,55,1,3,3,0,0,0,0,0,2,4.3261,1,4,0.0545,0,phishing
https://docs.spotify.io/pricing,31,2,0,0,1,0,0,0,1,0,3.8002,1,3,0.0,0,safe
http://bank0famerica-alert.top/alert/njl0a,42,1,2,1,0,0,0,0,0,1,4.0736,1,4,0.0476,0,phishing
https://khanacademy.org/news/latest,35,1,0,0,1,0,0,0,0,0,4.0576,1,4,0.0,0,safe
http://tinyurl.com/v3edm01,26,1,3,0,0,0,0,0,0,0,4.2578,1,3,0.1154,1,phishing
http://bank0famerica-update.cf/update/zira6,43,1,2,1,0,0,0,0,0,1,4.1933,1,4,0.0465,0,phishing
https://en.spotify.edu/about,28,2,0,0,1,0,0,0,1,0,3.9233,1,3,0.0,0,safe
https://help.mozilla.com/,25,2,0,0,1,0,0,0,1,0,3.7835,1,3,0.0,0,safe
https://bbc.com/en/home,23,1,0,0,1,0,0,0,0,0,3.567,1,4,0.0,0,safe
https://en.figma.org/support/faq?ref=ukzt,41,2,0,0,1,0,0,0,1,1,4.2779,3,4,0.0,0,safe
http://is.gd/1teenwa,20,1,1,0,0,0,0,0,0,0,3.7464,1,3,0.05,1,phishing
https://93le5br1.74b9h5.yjhf14g.pcqy.v6ozx8ag.0w8go1.microsoft.info/secure,74,7,15,0,1,0,0,0,6,1,4.9282,1,3,0.2027,0,phishing
https://pu17d7.2ps5js.qg13yjg8.spb0s5.wellsfargo.top/suspended,62,5,10,0,1,0,0,0,4,1,4.5204,1,3,0.1613,0,phishing
https://en.dropbox.edu/support/faq,34,2,0,0,1,0,0,0,1,1,3.9842,1,4,0.0,0,safe
https://www.github.org/about,28,2,0,0,1,0,0,0,1,0,3.7534,1,3,0.0,0,safe
https://en.irs.net/pricing,26,2,0,0,1,0,0,0,1,0,3.5843,1,3,0.0,0,safe
https://help.figma.net/careers,30,2,0,0,1,0,0,0,1,0,3.9232,1,3,0.0,0,safe
http://amazon-verify.tk/alert/webscr/billing/unlock/rnnr0aly?id=npxzrezl95,74,1,3,1,0,0,0,0,0,5,4.6563,3,7,0.0405,0,phishing
https://google-account.xyz/confirm/support-center/alert/nglwktx7?id=5choghe2wh,78,1,3,2,1,0,0,0,0,4,4.6264,3,6,0.0385,0,phishing
https://help.duolingo.com/blog/2026/updates,43,2,4,0,1,0,0,0,1,1,4.2664,1,5,0.093,0,safe
https://www.wikipedia.org/blog/2026/updates,43,2,4,0,1,0,0,0,1,1,4.2664,1,5,0.093,0,safe
https://bankofamerica-reset-password.tk/recover/support-center/secure/confirm/qbf0xc8h?id=em0qbpr7q9,100,1,5,3,1,0,0,0,0,6,4.5726,3,7,0.05,0,phishing
https://www.bbc.net/account/settings,36,2,0,0,1,0,0,0,1,1,3.8219,1,4,0.0,0,safe
https://docs.slack.net/pricing?ref=uwze,39,2,0,0,1,0,0,0,1,0,4.4194,3,3,0.0,0,safe
http://binance-suspended.click/confirm/login/confirm/alert/8req61cu?id=uasnj01sni,81,1,5,1,0,0,0,0,0,5,4.575,3,7,0.0617,0,phishing
http://is.gd/94678s8,20,1,6,0,0,0,0,0,0,0,3.7842,1,3,0.3,1,phishing
https://trello.net/pricing,26,1,0,0,1,0,0,0,0,0,3.7483,1,3,0.0,0,safe
https://mozilla.org/news/latest,31,1,0,0,1,0,0,0,0,0,3.9378,1,4,0.0,0,safe
https://www.un.gov/blog/2026/updates,36,2,4,0,1,0,0,0,1,1,4.1944,1,5,0.1111,0,safe
https://mru.2bc4l.zy95i.dyn0.wellsfargo.xyz/update,50,5,5,0,1,0,0,0,4,1,4.7113,1,3,0.1,0,phishing
http://tinyurl.com/jvswlof,26,1,0,0,0,0,0,0,0,0,4.1808,1,3,0.0,1,phishing
http://3sn.x2q7pvj0.dzr81c1.m9oqt8.usps.gq/webscr,49,5,9,0,0,0,0,0,4,1,4.6631,1,3,0.1837,0,phishing
https://apple-reset-password.gq/billing/recover/secure/1ijx8cre?id=qp2mpneln7,77,1,4,2,1,0,0,0,0,5,4.5923,3,6,0.0519,0,phishing
https://docs.bbc.io/support/faq,31,2,0,0,1,0,0,0,1,1,3.889,1,4,0.0,0,safe
https://www.figma.gov/careers,29,2,0,0,1,0,0,0,1,0,4.0473,1,3,0.0,0,safe
https://reuters.net/account/settings,36,1,0,0,1,0,0,0,0,1,3.6586,1,4,0.0,0,safe
https://facebook-alert.tk/signin/reset-password/hcz2itr1?id=dx45ks845s,70,1,7,2,1,0,0,0,0,4,4.6466,3,5,0.1,0,phishing
https://mozilla.net/help/contact,32,1,0,0,1,0,0,0,0,0,3.8011,1,4,0.0,0,safe
https://harvard.net/pricing?ref=cg8s,36,1,1,0,1,0,0,0,0,0,4.1835,3,3,0.0278,0,safe
https://reuters.io/support/faq,30,1,0,0,1,0,0,0,0,1,3.6981,1,4,0.0,0,safe
https://reuters.net/careers,27,1,0,0,1,0,0,0,0,0,3.3801,1,3,0.0,0,safe
https://en.duolingo.net/help/contact,36,2,0,0,1,0,0,0,1,0,3.8611,1,4,0.0,0,safe
http://facebooko6-signin.xyz/signin/qxrdc,41,1,1,1,0,0,0,0,0,1,4.4123,1,4,0.0244,0,phishing
https://paypa1-unlock.click/unlock/v982u,40,1,4,1,1,0,0,0,0,2,4.2464,1,4,0.1,0,phishing
http://200.179.1.143/apple-suspended/lmfyh4.php,47,4,11,1,0,0,1,0,0,1,4.3253,1,4,0.234,0,phishing
http://facebook-suspended.ga/confirm/authenticate/signin/y9rsgs3d?id=qs3ufwp5kz,79,1,4,1,0,0,0,0,0,4,4.6584,3,6,0.0506,0,phishing
http://xwey02zd.limyrtwg.p2arm.qjsg0j1m.534.rjljg.amazon.ga/webscr,66,7,8,0,0,0,0,0,6,1,4.682,1,3,0.1212,0,phishing
http://bank0famerica-support-center.top/support-center/vrxh2,60,1,2,3,0,0,0,0,0,1,4.2393,1,4,0.0333,0,phishing
https://docs.airbnb.gov/,24,2,0,0,1,0,0,0,1,0,3.9702,1,3,0.0,0,safe
http://156.114.226.106/instagram-signin/u5flvq.php,50,4,13,1,0,0,1,0,0,1,4.4484,1,4,0.26,0,phishing
https://en.coursera.net/support/faq,35,2,0,0,1,0,0,0,1,1,3.843,1,4,0.0,0,safe
http://facebook-secure.top/webscr/update/billing/zc35j5kc?id=sxd9a1nwop,71,1,5,1,0,0,0,0,0,4,4.7342,3,6,0.0704,0,phishing
https://github.edu/en/home,26,1,0,0,1,0,0,0,0,0,3.7672,1,4,0.0,0,safe
http://cutt.ly/ywyrg1u,22,1,1,0,0,0,0,0,0,0,3.5726,1,3,0.0455,1,phishing
https://www.npr.com/careers,27,2,0,0,1,0,0,0,1,0,3.7821,1,3,0.0,0,safe
https://docs.figma.edu/support/faq,34,2,0,0,1,0,0,0,1,1,4.0797,1,4,0.0,0,safe
https://help.coursera.io/blog/2026/updates,42,2,4,0,1,0,0,0,1,1,4.2165,1,5,0.0952,0,safe
http://coinbase-alert.top/login/login/7uq98dyt?id=tiacyl6527,60,1,7,1,0,0,0,0,0,2,4.6029,3,5,0.1167,0,phishing
https://rb.gy/9r0t8ib,21,1,3,0,1,0,0,0,0,0,3.749,1,3,0.1429,1,phishing
http://binance-verify.xyz/verify/7ab5e,38,1,2,1,0,0,0,0,0,1,4.2082,1,4,0.0526,0,phishing
https://docs.mozilla.org/en/home,32,2,0,0,1,0,0,0,1,0,4.0625,1,4,0.0,0,safe
https://applew6-reset-password.top/reset-password/dt4cx,55,1,2,3,1,0,0,0,0,2,3.9258,1,4,0.0364,0,phishing
http://netflix-update.info/update/alert/authenticate/uibxt8nz?id=bbe07agfvn,75,1,3,1,0,0,0,0,0,3,4.3604,3,6,0.04,0,phishing
https://en.harvard.com/?ref=vp4w,32,2,1,0,1,0,0,0,1,0,4.2653,3,3,0.0312,0,safe
https://www.coursera.com/account/settings,41,2,0,0,1,0,0,0,1,1,3.9644,1,4,0.0,0,safe
https://77.209.131.107/binance-account/gfv1ko.php,49,4,12,1,1,0,1,0,0,1,4.4765,1,4,0.2449,0,phishing
https://bankofamerica-update.gq/update/support-center/account/secure/pu4yw1qa?id=beeusizd29,91,1,4,2,1,0,0,0,0,4,4.546,3,7,0.044,0,phishing
https://docs.who.org/en/home?ref=klzm,37,2,0,0,1,0,0,0,1,0,4.2497,3,4,0.0,0,safe
https://www.dropbox.net/about?ref=3csm,38,2,1,0,1,0,0,0,1,0,4.3462,3,3,0.0263,0,safe
https://19.240.238.121/wellsfargo-alert/5x79wy.php,50,4,14,1,1,0,1,0,0,1,4.5684,1,4,0.28,0,phishing
https://un.io/products,22,1,0,0,1,0,0,0,0,0,3.6635,1,3,0.0,0,safe
https://help.khanacademy.edu/en/home,36,2,0,0,1,0,0,0,1,0,3.9376,1,4,0.0,0,safe
http://is.gd/187tjbb,20,1,3,0,0,0,0,0,0,0,3.7464,1,3,0.15,1,phishing
http://185.118.165.143/coinbase-billing/230j4r.php,50,4,16,1,0,0,1,0,0,1,4.5415,1,4,0.32,0,phishing
https://netf1ix-confirm.gq/confirm/49ncu,40,1,3,1,1,0,0,0,0,1,4.2964,1,4,0.075,0,phishing
https://help.figma.edu/account/settings,39,2,0,0,1,0,0,0,1,1,4.0772,1,4,0.0,0,safe
http://netflixa1-update.info/update/yhby0,41,1,2,1,0,0,0,0,0,1,4.1899,1,4,0.0488,0,phishing
https://s98p.l2k.26nsd5.mi6f9fy.4f52ghao.apple.top/verify,57,6,11,0,1,0,0,0,5,1,4.5322,1,3,0.193,0,phishing
http://63.240.164.163/outlook-suspended/6kutg5.php,50,4,13,1,0,0,1,0,0,1,4.3337,1,4,0.26,0,phishing
https://en.usps.gov/support/faq,31,2,0,0,1,0,0,0,1,1,3.8331,1,4,0.0,0,safe
https://nasa.edu/en/home,24,1,0,0,1,0,0,0,0,0,3.6368,1,4,0.0,0,safe
https://trello.org/about,24,1,0,0,1,0,0,0,0,0,3.6887,1,3,0.0,0,safe
https://www.khanacademy.net/pricing,35,2,0,0,1,0,0,0,1,0,4.1072,1,3,0.0,0,safe
https://docs.notion.org/help/contact,36,2,0,0,1,0,0,0,1,0,3.8163,1,4,0.0,0,safe
https://github.net/help/contact,31,1,0,0,1,0,0,0,0,0,3.7844,1,4,0.0,0,safe
http://uz3b.25k6.euyx1x.sw5vvx.bvupy.wellsfargo.ga/confirm,58,6,6,0,0,0,0,0,5,1,4.7799,1,3,0.1034,0,phishing
http://usps-account.xyz/account/ag8lw,37,1,1,1,0,0,0,0,0,1,4.0876,1,4,0.027,0,phishing
http://47.114.88.108/dhl-billing/xib8pg.php,43,4,11,1,0,0,1,0,0,1,4.0537,1,4,0.2558,0,phishing
https://www.github.org/en/home,30,2,0,0,1,0,0,0,1,0,3.8981,1,4,0.0,0,safe
http://58.157.5.2/icloud-update/rx7i4x.php,42,4,9,1,0,0,1,0,0,1,4.3088,1,4,0.2143,0,phishing
http://83.54.67.128/icloud-authenticate/2fcbbj.php,50,4,10,1,0,0,1,0,0,1,4.5264,1,4,0.2,0,phishing
https://90.64.152.82/instagram-authenticate/p07jpl.php,54,4,11,1,1,0,1,0,0,1,4.498,1,4,0.2037,0,phishing
http://z4ife.vefarxi.w7ie0v.ft1la.instagram.tk/recover,54,5,4,0,0,0,0,0,4,1,4.4013,1,3,0.0741,0,phishing
http://outlookl0-secure.ga/secure/uectr,39,1,1,1,0,0,0,0,0,1,3.904,1,4,0.0256,0,phishing
https://en.npr.gov/docs/getting-started?ref=oqlt,48,2,0,1,1,0,0,0,1,0,4.2219,3,4,0.0,0,safe
https://help.nationalgeographic.gov/support/faq,47,2,0,0,1,0,0,0,1,1,4.1265,1,4,0.0,0,safe
https://www.airbnb.edu,22,2,0,0,1,0,0,0,1,0,3.8797,1,2,0.0,0,safe
https://www.nytimes.edu/en/home,31,2,0,0,1,0,0,0,1,0,3.8087,1,4,0.0,0,safe
https://help.reuters.net/careers,32,2,0,0,1,0,0,0,1,0,3.5306,1,3,0.0,0,safe
https://stackoverflow.org/pricing,33,1,0,0,1,0,0,0,0,0,4.165,1,3,0.0,0,safe
https://coursera.io/,20,1,0,0,1,0,0,0,0,0,3.6842,1,3,0.0,0,safe
https://irs.gov/docs/getting-started,36,1,0,1,1,0,0,0,0,0,3.8848,1,4,0.0,0,safe
https://notion.edu/about,24,1,0,0,1,0,0,0,0,0,3.6887,1,3,0.0,0,safe
http://dhl-support-center.info/secure/recover/login/9f2t5oy1?id=xn277w72t6,74,1,10,2,0,0,0,0,0,4,4.6483,3,6,0.1351,0,phishing
http://icloude0-signin.tk/signin/rsh4k,38,1,2,1,0,0,0,0,0,1,4.1132,1,4,0.0526,0,phishing
http://69.243.170.67/dhl-verify/d4eluo.php,42,4,11,1,0,0,1,0,0,1,4.4516,1,4,0.2619,0,phishing
https://cutt.ly/np3jjcf,23,1,1,0,1,0,0,0,0,0,3.7081,1,3,0.0435,1,phishing
http://wellsfargo-signin.click/reset-password/authenticate/alert/4ryy8unl?id=rhs6sj0969,87,1,7,2,0,0,0,0,0,6,4.6249,3,6,0.0805,0,phishing
https://en.nytimes.org/en/home?ref=ri8m,39,2,1,0,1,0,0,0,1,0,4.0385,3,4,0.0256,0,safe
https://help.reuters.net/news/latest,36,2,0,0,1,0,0,0,1,0,3.5305,1,4,0.0,0,safe
https://www.slack.gov/products?ref=5upv,39,2,1,0,1,0,0,0,1,0,4.3681,3,3,0.0256,0,safe
https://amaz0n-authenticate.xyz/authenticate/08jir,50,1,3,1,1,0,0,0,0,1,4.0884,1,4,0.06,0,phishing
https://en.un.edu/news/latest,29,2,0,0,1,0,0,0,1,0,3.5645,1,4,0.0,0,safe
https://is.gd/j3vkn2g,21,1,2,0,1,0,0,0,0,0,3.8802,1,3,0.0952,1,phishing
http://is.gd/v66hsy8,20,1,3,0,0,0,0,0,0,0,3.6842,1,3,0.15,1,phishing
https://110.115.115.222/netflix-support-center/vvacum.php,57,4,12,2,1,0,1,0,0,1,4.3901,1,4,0.2105,0,phishing
http://outlook-login.cf/unlock/account/vyyba8av?id=58n0cnbmre,61,1,4,1,0,0,0,0,0,3,4.5438,3,5,0.0656,0,phishing
http://152.213.95.242/bankofamerica-verify/e1u5fk.php,53,4,13,1,0,0,1,0,0,1,4.5481,1,4,0.2453,0,phishing
http://icloud-signin.ga/reset-password/support-center/authenticate/nvx642sw?id=i0nt678jm5,89,1,8,3,0,0,0,0,0,5,4.6572,3,6,0.0899,0,phishing
http://instagram-reset-password.ml/reset-password/josnq,55,1,0,3,0,0,0,0,0,2,4.0817,1,4,0.0,0,phishing
http://paypal-suspended.info/support-center/authenticate/iouea40u?id=ee4c9wf4pk,79,1,5,2,0,0,0,0,0,4,4.3995,3,5,0.0633,0,phishing
https://179.80.96.10/facebook-login/vynm4c.php,46,4,10,1,1,0,1,0,0,1,4.6647,1,4,0.2174,0,phishing
https://en.notion.com/products,30,2,0,0,1,0,0,0,1,0,3.7899,1,3,0.0,0,safe
https://www.irs.org,19,2,0,0,1,0,0,0,1,0,3.4714,1,2,0.0,0,safe
https://www.airbnb.gov/news/latest?ref=arrf,43,2,0,0,1,0,0,0,1,0,4.1643,3,4,0.0,0,safe
http://rb.gy/yjx2ohj,20,1,1,0,0,0,0,0,0,0,3.6842,1,3,0.05,1,phishing
https://en.slack.gov/docs/getting-started?ref=ec6g,50,2,1,1,1,0,0,0,1,0,4.2864,3,4,0.02,0,safe
https://nasa.gov/careers,24,1,0,0,1,0,0,0,0,0,3.7406,1,3,0.0,0,safe
https://www.reuters.edu/support/faq,35,2,0,0,1,0,0,0,1,1,3.7999,1,4,0.0,0,safe
https://who.io/help/contact?ref=j5b4,36,1,2,0,1,0,0,0,0,0,4.2947,3,4,0.0556,0,safe
https://en.khanacademy.org/pricing?ref=a7nm,43,2,1,0,1,0,0,0,1,0,4.3503,3,3,0.0233,0,safe
https://coursera.org/support/faq,32,1,0,0,1,0,0,0,0,1,3.7806,1,4,0.0,0,safe
http://cutt.ly/nyaarut,22,1,0,0,0,0,0,0,0,0,3.4429,1,3,0.0,1,phishing
https://uu9uklt.wiug.h6u5xf.edvd7d.tfq23.usps.top/billing,57,6,6,0,1,0,0,0,5,1,4.4792,1,3,0.1053,0,phishing
http://101.236.210.41/usps-alert/nl76d9.php,43,4,14,1,0,0,1,0,0,1,4.2924,1,4,0.3256,0,phishing
http://binancerp-webscr.info/webscr/dzocc,41,1,0,1,0,0,0,0,0,1,4.1227,1,4,0.0,0,phishing
https://en.nytimes.edu/products,31,2,0,0,1,0,0,0,1,0,3.9134,1,3,0.0,0,safe
https://en.stackoverflow.net/careers,36,2,0,0,1,0,0,0,1,0,3.9512,1,3,0.0,0,safe
http://rb.gy/o544ltl,20,1,3,0,0,0,0,0,0,0,3.6464,1,3,0.15,1,phishing
https://cutt.ly/kjkuszv,23,1,0,0,1,0,0,0,0,0,3.7081,1,3,0.0,1,phishing
https://help.nytimes.com/pricing?ref=epnu,41,2,0,0,1,0,0,0,1,0,4.2107,3,3,0.0,0,safe
http://v75.5viklfkc.taj.ridm.84n9.xnwcd.dhl.ga/login,52,7,6,0,0,0,0,0,6,1,4.5047,1,3,0.1154,0,phishing
https://ic10ud-login.xyz/login/7ujyn,36,1,3,1,1,0,0,0,0,1,4.3502,1,4,0.0833,0,phishing
http://169.252.111.1/google-verify/kqrjco.php,45,4,10,1,0,0,1,0,0,1,4.4003,1,4,0.2222,0,phishing
https://docs.notion.org/products,32,2,0,0,1,0,0,0,1,0,3.715,1,3,0.0,0,safe
https://docs.duolingo.io/account/settings?ref=bmms,50,2,0,0,1,0,0,0,1,1,4.262,3,4,0.0,0,safe
https://help.python.gov/products,32,2,0,0,1,0,0,0,1,0,3.9292,1,3,0.0,0,safe
http://chasedc-billing.info/billing/ur82d,41,1,2,1,0,0,0,0,0,1,4.2755,1,4,0.0488,0,phishing
https://airbnb.net/account/settings,35,1,0,0,1,0,0,0,0,1,3.8074,1,4,0.0,0,safe
https://www.coursera.edu/account/settings,41,2,0,0,1,0,0,0,1,1,3.9764,1,4,0.0,0,safe
https://docs.duolingo.gov/careers?ref=h8ae,42,2,1,0,1,0,0,0,1,0,4.3384,3,3,0.0238,0,safe
http://8jlf8bn.yzkcp6x.9zrb288.jzu.apple.ga/suspended,53,5,7,0,0,0,0,0,4,1,4.5301,1,3,0.1321,0,phishing
http://bank0famerica-recover.top/recover/dyqxn,46,1,1,1,0,0,0,0,0,1,4.301,1,4,0.0217,0,phishing
https://www.mozilla.gov,23,2,0,0,1,0,0,0,1,0,3.882,1,2,0.0,0,safe
https://www.coursera.com/news/latest,36,2,0,0,1,0,0,0,1,0,3.8712,1,4,0.0,0,safe
https://help.usps.com/careers,29,2,0,0,1,0,0,0,1,0,3.7454,1,3,0.0,0,safe
http://206.132.147.231/facebook-support-center/4zke44.php,57,4,15,2,0,0,1,0,0,1,4.4667,1,4,0.2632,0,phishing
https://en.slack.org,20,2,0,0,1,0,0,0,1,0,3.9219,1,2,0.0,0,safe
https://www.reuters.gov/blog/2026/updates,41,2,4,0,1,0,0,0,1,1,4.1899,1,5,0.0976,0,safe
https://docs.spotify.edu/en/home,32,2,0,0,1,0,0,0,1,0,3.9056,1,4,0.0,0,safe
https://185.71.73.111/apple-recover/poor9w.php,46,4,11,1,1,0,1,0,0,1,4.1456,1,4,0.2391,0,phishing
https://www.reuters.io/pricing,30,2,0,0,1,0,0,0,1,0,3.8477,1,3,0.0,0,safe
https://www.python.edu/news/latest,34,2,0,0,1,0,0,0,1,0,3.7604,1,4,0.0,0,safe
https://docs.cloudflare.edu/help/contact,40,2,0,0,1,0,0,0,1,0,3.9464,1,4,0.0,0,safe
https://coursera.io/account/settings,36,1,0,0,1,0,0,0,0,1,3.8055,1,4,0.0,0,safe
http://bankofamerica-authenticate.xyz/support-center/reset-password/support-center/4qiwskdt?id=ny7k4uz6q5,105,1,5,4,0,0,0,0,0,4,4.6057,3,6,0.0476,0,phishing
https://docs.cloudflare.io/careers,34,2,0,0,1,0,0,0,1,0,3.9542,1,3,0.0,0,safe
https://docs.nasa.net/blog/2026/updates,39,2,4,0,1,0,0,0,1,1,4.0966,1,5,0.1026,0,safe
https://help.npr.com/products,29,2,0,0,1,0,0,0,1,0,3.8404,1,3,0.0,0,safe
https://en.who.com/about,24,2,0,0,1,0,0,0,1,0,3.8239,1,3,0.0,0,safe
https://airbnb.net/about,24,1,0,0,1,0,0,0,0,0,3.6887,1,3,0.0,0,safe
https://www.bbc.gov/news/latest,31,2,0,0,1,0,0,0,1,0,3.8331,1,4,0.0,0,safe
http://cutt.ly/nrjk58x,22,1,2,0,0,0,0,0,0,0,3.8797,1,3,0.0909,1,phishing
https://duolingo.net/products,29,1,0,0,1,0,0,0,0,0,3.9094,1,3,0.0,0,safe
https://www.stackoverflow.io/news/latest?ref=thcw,49,2,0,0,1,0,0,0,1,0,4.1091,3,4,0.0,0,safe
https://bit.ly/62zkad1,22,1,3,0,1,0,0,0,0,0,4.0272,1,3,0.1364,1,phishing
https://help.github.net/,24,2,0,0,1,0,0,0,1,0,3.6054,1,3,0.0,0,safe
http://rb.gy/1egvwz9,20,1,2,0,0,0,0,0,0,0,3.8842,1,3,0.1,1,phishing
http://rb.gy/jf6zxxd,20,1,1,0,0,0,0,0,0,0,3.8842,1,3,0.05,1,phishing
https://docs.trello.com/blog/2026/updates,41,2,4,0,1,0,0,0,1,1,4.1595,1,5,0.0976,0,safe
https://docs.github.io/products?ref=4fj7,40,2,2,0,1,0,0,0,1,0,4.3153,3,3,0.05,0,safe
https://docs.who.gov/account/settings,37,2,0,0,1,0,0,0,1,1,3.9023,1,4,0.0,0,safe
https://hwl7pa.19id9.6lb.46a66lkc.fedex.ga/suspended,52,5,9,0,1,0,0,0,4,1,4.4431,1,3,0.1731,0,phishing
https://docs.nasa.com/help/contact,34,2,0,0,1,0,0,0,1,0,3.7267,1,4,0.0,0,safe
https://help.bbc.gov/about,26,2,0,0,1,0,0,0,1,0,3.8441,1,3,0.0,0,safe
http://google-account.click/confirm/confirm/update/ico2hhj2?id=wpxu3fslff,73,1,3,1,0,0,0,0,0,4,4.5506,3,6,0.0411,0,phishing
https://nationalgeographic.gov/?ref=o679,40,1,3,0,1,0,0,0,0,0,4.3464,3,3,0.075,0,safe
https://chase-billing.gq/signin/verify/signin/plbgqae1?id=mol7rsint5,68,1,3,1,1,0,0,0,0,3,4.4363,3,6,0.0441,0,phishing
http://kbhj.wnf9uabs.mf8i.cy7idt7h.cpdwt7s2.7w25.instagram.click/verify,71,7,9,0,0,0,0,0,6,2,4.6652,1,3,0.1268,0,phishing
https://www.wikipedia.gov/account/settings,42,2,0,0,1,0,0,0,1,1,4.0503,1,4,0.0,0,safe
http://dhl-support-center.top/secure/suspended/p89eraup?id=eulcq6ct5z,69,1,4,2,0,0,0,0,0,3,4.3059,3,5,0.058,0,phishing
https://docs.figma.io/account/settings,38,2,0,0,1,0,0,0,1,1,3.9354,1,4,0.0,0,safe
http://pd725.3iq3ixq.jf68.wellsfargo.cf/signin,46,4,7,0,0,0,0,0,3,1,4.6212,1,3,0.1522,0,phishing
https://docs.wikipedia.edu/blog/2026/updates,44,2,4,0,1,0,0,0,1,1,4.2462,1,5,0.0909,0,safe
https://paypal-secure.tk/login/update/support-center/webscr/vnlst7pq?id=n64hxeus5t,82,1,4,2,1,0,0,0,0,6,4.5682,3,7,0.0488,0,phishing
https://duolingo.com/blog/2026/updates,38,1,4,0,1,0,0,0,0,1,4.2383,1,5,0.1053,0,safe
http://28.141.138.69/netflix-update/ig1ncd.php,46,4,11,1,0,0,1,0,0,1,4.3931,1,4,0.2391,0,phishing
https://bit.ly/hwkioj9,22,1,1,0,1,0,0,0,0,0,3.8454,1,3,0.0455,1,phishing
https://www.spotify.gov/docs/getting-started,44,2,0,1,1,0,0,0,1,0,4.0977,1,4,0.0,0,safe
http://b20xw.nxv66.d6i.j22vt225.coinbase.click/unlock,53,5,10,0,0,0,0,0,4,2,4.4639,1,3,0.1887,0,phishing
https://applexu-recover.ml/recover/e1n2f,40,1,2,1,1,0,0,0,0,1,4.1653,1,4,0.05,0,phishing
https://slack.net/blog/2026/updates,35,1,4,0,1,0,0,0,0,1,4.1474,1,5,0.1143,0,safe
http://221.249.36.170/binance-login/asr6qw.php,46,4,12,1,0,0,1,0,0,1,4.6048,1,4,0.2609,0,phishing
http://iat.bl9gt.voei.qoo5vm.ghj.usps.cf/reset-password,55,6,2,1,0,0,0,0,5,2,4.4542,1,3,0.0364,0,phishing
https://help.figma.edu/blog/2026/updates,40,2,4,0,1,0,0,0,1,1,4.2251,1,5,0.1,0,safe
https://docs.trello.gov/pricing?ref=l31x,40,2,2,0,1,0,0,0,1,0,4.3776,3,3,0.05,0,safe
http://240.19.86.104/instagram-billing/bwhri3.php,49,4,11,1,0,0,1,0,0,1,4.4665,1,4,0.2245,0,phishing
http://netflixvr-alert.tk/alert/m5yqt,37,1,1,1,0,0,0,0,0,1,4.0225,1,4,0.027,0,phishing
http://170.143.230.188/fedex-billing/83snxt.php,47,4,14,1,0,0,1,0,0,1,4.4105,1,4,0.2979,0,phishing
https://docs.dropbox.com/blog/2026/updates,42,2,4,0,1,0,0,0,1,1,4.1962,1,5,0.0952,0,safe
https://docs.un.io/pricing,26,2,0,0,1,0,0,0,1,0,3.7962,1,3,0.0,0,safe
https://uspsq8-support-center.info/support-center/176jd,55,1,4,3,1,0,0,0,0,1,4.1877,1,4,0.0727,0,phishing
https://en.wikipedia.net/news/latest,36,2,0,0,1,0,0,0,1,0,3.6843,1,4,0.0,0,safe
https://apple-account.ml/authenticate/authenticate/verify/suspended/ab9o182c?id=e4jexf8q3s,90,1,7,1,1,0,0,0,0,4,4.6011,3,7,0.0778,0,phishing
https://125.64.143.3/wellsfargo-verify/2gsp5g.php,49,4,11,1,1,0,1,0,0,1,4.4819,1,4,0.2245,0,phishing
http://tinyurl.com/bcwdlsa,26,1,0,0,0,0,0,0,0,0,4.1808,1,3,0.0,1,phishing
http://0ut100k-secure.top/secure/uu7ct,38,1,5,1,0,0,0,0,0,1,3.8077,1,4,0.1316,0,phishing
https://who.edu/account/settings,32,1,0,0,1,0,0,0,0,1,3.8636,1,4,0.0,0,safe
https://en.notion.net/careers?ref=2hxw,38,2,1,0,1,0,0,0,1,0,4.0606,3,3,0.0263,0,safe
http://53w.jw3joeyn.zbm.56efdu2b.ynd1.fedex.info/alert,54,6,7,0,0,0,0,0,5,1,4.5531,1,3,0.1296,0,phishing
https://169.180.183.174/instagram-unlock/ze8g5s.php,51,4,14,1,1,0,1,0,0,1,4.672,1,4,0.2745,0,phishing
http://215.83.200.51/bankofamerica-secure/mkpzeg.php,52,4,10,1,0,0,1,0,0,1,4.609,1,4,0.1923,0,phishing
https://docs.nasa.net/en/home,29,2,0,0,1,0,0,0,1,0,3.6504,1,4,0.0,0,safe
http://ulakq0f5.jcip6.5rml0ca.xvxvag46.njv6.7z7m1.binance.tk/signin,67,7,11,0,0,0,0,0,6,1,4.7073,1,3,0.1642,0,phishing
http://we11sfarg0-support-center.ga/support-center/str2s,56,1,4,3,0,0,0,0,0,1,4.0798,1,4,0.0714,0,phishing
http://tinyurl.com/zsn7waa,26,1,1,0,0,0,0,0,0,0,4.1808,1,3,0.0385,1,phishing
https://google-update.gq/login/alert/recover/recover/e2hwspz9?id=cnrxq8nbsr,75,1,3,1,1,0,0,0,0,4,4.5397,3,7,0.04,0,phishing
http://bit.ly/b13p1v6,21,1,4,0,0,0,0,0,0,0,3.6538,1,3,0.1905,1,phishing
https://docs.usps.net/products,30,2,0,0,1,0,0,0,1,0,3.6029,1,3,0.0,0,safe
https://en.slack.com/help/contact,33,2,0,0,1,0,0,0,1,0,3.7717,1,4,0.0,0,safe
http://netflix-signin.cf/login/webscr/492by41n?id=vpijm5h8wj,60,1,7,1,0,0,0,0,0,3,4.7822,3,5,0.1167,0,phishing
https://help.coursera.org/products?ref=8t58,43,2,3,0,1,0,0,0,1,0,4.1848,3,3,0.0698,0,safe
https://131.55.212.203/facebook-unlock/vsv3s6.php,49,4,13,1,1,0,1,0,0,1,4.4611,1,4,0.2653,0,phishing
http://chase-update.info/account/webscr/verify/op0laj3x?id=w7leq33bia,69,1,5,1,0,0,0,0,0,4,4.7028,3,6,0.0725,0,phishing
https://www.coursera.gov/products,33,2,0,0,1,0,0,0,1,0,3.9374,1,3,0.0,0,safe
https://www.mit.net/news/latest?ref=iak5,40,2,1,0,1,0,0,0,1,0,4.0153,3,4,0.025,0,safe
http://rb.gy/8qldljo,20,1,1,0,0,0,0,0,0,0,3.8842,1,3,0.05,1,phishing
http://tinyurl.com/nqw2d6e,26,1,2,0,0,0,0,0,0,0,4.2578,1,3,0.0769,1,phishing
http://147.89.93.98/binance-secure/b5121f.php,45,4,13,1,0,0,1,0,0,1,4.447,1,4,0.2889,0,phishing
https://help.stackoverflow.com/about,36,2,0,0,1,0,0,0,1,0,4.149,1,3,0.0,0,safe
https://docs.mozilla.net/,25,2,0,0,1,0,0,0,1,0,3.9435,1,3,0.0,0,safe
https://help.figma.edu/?ref=eu0j,32,2,1,0,1,0,0,0,1,0,4.2264,3,3,0.0312,0,safe
https://spotify.gov/pricing,27,1,0,0,1,0,0,0,0,0,3.8282,1,3,0.0,0,safe
https://156.14.141.56/google-verify/c0lxd6.php,46,4,12,1,1,0,1,0,0,1,4.4473,1,4,0.2609,0,phishing
https://help.notion.net/products,32,2,0,0,1,0,0,0,1,0,3.7928,1,3,0.0,0,safe
http://chase-suspended.info/billing/support-center/signin/4jv6elju?id=cvyz8sq6jp,80,1,4,2,0,0,0,0,0,4,4.6353,3,6,0.05,0,phishing
https://en.irs.com/help/contact,31,2,0,0,1,0,0,0,1,0,3.8331,1,4,0.0,0,safe
http://l33qx2.vdkg77wl.gs7.1coym.oz8586t.bs3v.microsoft.gq/reset-password,73,7,12,1,0,0,0,0,6,2,4.7904,1,3,0.1644,0,phishing
https://usps-recover.info/unlock/authenticate/authenticate/ptvqsotq?id=ethzppqr2s,81,1,1,1,1,0,0,0,0,3,4.3158,3,6,0.0123,0,phishing
https://www.airbnb.org/careers,30,2,0,0,1,0,0,0,1,0,3.9232,1,3,0.0,0,safe
https://docs.irs.io/en/home,27,2,0,0,1,0,0,0,1,0,3.736,1,4,0.0,0,safe
https://lyeebmu.urllcl.4yy1.google.info/update,46,4,2,0,1,0,0,0,3,1,4.3196,1,3,0.0435,0,phishing
https://help.mit.net/news/latest?ref=ft9y,41,2,1,0,1,0,0,0,1,0,3.9913,3,4,0.0244,0,safe
https://docs.irs.net/pricing,28,2,0,0,1,0,0,0,1,0,3.7709,1,3,0.0,0,safe
https://en.mozilla.com/account/settings?ref=k4au,48,2,1,0,1,0,0,0,1,1,4.3737,3,4,0.0208,0,safe
http://fedex1w-unlock.info/unlock/895ka,39,1,4,1,0,0,0,0,0,1,4.4068,1,4,0.1026,0,phishing
https://docs.github.org/news/latest?ref=o70x,44,2,2,0,1,0,0,0,1,0,4.434,3,4,0.0455,0,safe
http://dhl-confirm.click/alert/signin/h4osalti?id=kkrg7od0pl,60,1,3,1,0,0,0,0,0,4,4.44,3,5,0.05,0,phishing
https://trello.edu/products,27,1,0,0,1,0,0,0,0,0,3.6899,1,3,0.0,0,safe
https://help.un.gov/news/latest,31,2,0,0,1,0,0,0,1,0,3.8087,1,4,0.0,0,safe
https://uspsnt-alert.xyz/alert/dku6z,36,1,1,1,1,0,0,0,0,1,4.1042,1,4,0.0278,0,phishing
http://ftxwdn.vowskn.kq112y.dhl.ga/webscr,41,4,3,0,0,0,0,0,3,1,4.5218,1,3,0.0732,0,phishing
https://en.slack.gov/,21,2,0,0,1,0,0,0,1,0,3.8802,1,3,0.0,0,safe
https://www.un.io,17,2,0,0,1,0,0,0,1,0,3.4548,1,2,0.0,0,safe
http://178.143.39.65/microsoft-account/88zmep.php,49,4,12,1,0,0,1,0,0,1,4.5073,1,4,0.2449,0,phishing
http://141.244.96.184/bankofamerica-authenticate/fccie6.php,59,4,12,1,0,0,1,0,0,1,4.3871,1,4,0.2034,0,phishing
http://amaz0n-unlock.cf/unlock/h1bto,36,1,2,1,0,0,0,0,0,1,4.1416,1,4,0.0556,0,phishing
https://www.mit.net/news/latest,31,2,0,0,1,0,0,0,1,0,3.502,1,4,0.0,0,safe
https://en.figma.io/blog/2026/updates,37,2,4,0,1,0,0,0,1,1,4.2807,1,5,0.1081,0,safe
https://figma.org,17,1,0,0,1,0,0,0,0,0,3.7345,1,2,0.0,0,safe
http://143.205.26.249/outlook-signin/jw6one.php,47,4,12,1,0,0,1,0,0,1,4.4691,1,4,0.2553,0,phishing
https://netflixe3-signin.gq/signin/h046a,40,1,4,1,1,0,0,0,0,1,4.0848,1,4,0.1,0,phishing
https://www.who.io/pricing,26,2,0,0,1,0,0,0,1,0,3.6424,1,3,0.0,0,safe
https://chase-account.xyz/billing/webscr/fqfe8mbo?id=tirjsay1l6,63,1,3,1,1,0,0,0,0,3,4.7927,3,5,0.0476,0,phishing
https://135.237.4.63/usps-signin/yv45qs.php,43,4,11,1,1,0,1,0,0,1,4.2085,1,4,0.2558,0,phishing
https://harvard.edu/news/latest,31,1,0,0,1,0,0,0,0,0,3.7844,1,4,0.0,0,safe
http://ddl.wqzqv.ps26.iq6ss.fedex.click/alert,45,5,3,0,0,0,0,0,4,2,4.3164,1,3,0.0667,0,phishing
https://python.org/about,24,1,0,0,1,0,0,0,0,0,3.6887,1,3,0.0,0,safe
https://en.figma.gov/news/latest,32,2,0,0,1,0,0,0,1,0,3.9528,1,4,0.0,0,safe
https://www.un.gov/docs/getting-started?ref=imaq,48,2,0,1,1,0,0,0,1,0,4.4073,3,4,0.0,0,safe
https://docs.nationalgeographic.gov/careers?ref=735x,52,2,3,0,1,0,0,0,1,0,4.4355,3,3,0.0577,0,safe
http://netflix8x-unlock.ml/unlock/sr9z9,39,1,3,1,0,0,0,0,0,1,4.3236,1,4,0.0769,0,phishing
https://www.usps.net/?ref=qm63,30,2,2,0,1,0,0,0,1,0,4.0729,3,3,0.0667,0,safe
https://irs.net/blog/2026/updates,33,1,4,0,1,0,0,0,0,1,4.1243,1,5,0.1212,0,safe
http://7atiup4.m444.gly9.8eji6je4.ekp0xoq.netflix.info/secure,61,6,10,0,0,0,0,0,5,1,4.5842,1,3,0.1639,0,phishing
https://help.irs.com/account/settings,37,2,0,0,1,0,0,0,1,1,3.9564,1,4,0.0,0,safe
https://help.npr.gov/account/settings,37,2,0,0,1,0,0,0,1,1,3.9696,1,4,0.0,0,safe
https://chase-account.tk/account/8r4uj,38,1,2,1,1,0,0,0,0,1,3.9656,1,4,0.0526,0,phishing
https://help.npr.edu/about,26,2,0,0,1,0,0,0,1,0,3.8441,1,3,0.0,0,safe
https://www.bbc.net/account/settings,36,2,0,0,1,0,0,0,1,1,3.8219,1,4,0.0,0,safe
https://reuters.edu/docs/getting-started,40,1,0,1,1,0,0,0,0,0,3.8027,1,4,0.0,0,safe
https://en.khanacademy.net/account/settings,43,2,0,0,1,0,0,0,1,1,3.9233,1,4,0.0,0,safe
https://help.mozilla.edu/careers,32,2,0,0,1,0,0,0,1,0,4.0153,1,3,0.0,0,safe
https://nationalgeographic.io/about?ref=9uy7,44,1,2,0,1,0,0,0,0,0,4.3797,3,3,0.0455,0,safe
https://www.nasa.com/products,29,2,0,0,1,0,0,0,1,0,3.8573,1,3,0.0,0,safe
https://help.spotify.com/,25,2,0,0,1,0,0,0,1,0,3.7533,1,3,0.0,0,safe
https://cloudflare.com/docs/getting-started,43,1,0,1,1,0,0,0,0,0,4.1406,1,4,0.0,0,safe
https://docs.harvard.com/news/latest,36,2,0,0,1,0,0,0,1,0,3.9823,1,4,0.0,0,safe
https://notion.gov/news/latest,30,1,0,0,1,0,0,0,0,0,3.7111,1,4,0.0,0,safe
https://docs.npr.org,20,2,0,0,1,0,0,0,1,0,3.6219,1,2,0.0,0,safe
http://148.218.252.235/coinbase-login/xjfudh.php,48,4,12,1,0,0,1,0,0,1,4.5952,1,4,0.25,0,phishing
http://252.59.42.26/outlook-reset-password/z9uwua.php,53,4,10,2,0,0,1,0,0,2,4.3409,1,4,0.1887,0,phishing
https://khanacademy.io/,23,1,0,0,1,0,0,0,0,0,3.9362,1,3,0.0,0,safe
https://www.mit.edu/news/latest,31,2,0,0,1,0,0,0,1,0,3.6923,1,4,0.0,0,safe
http://wellsfargot6-signin.xyz/signin/l2nq0,43,1,3,1,0,0,0,0,0,1,4.3419,1,4,0.0698,0,phishing
http://tfi6vp4.dcyqq79v.84vpg.7aq.binance.ga/webscr,51,5,7,0,0,0,0,0,4,1,4.5176,1,3,0.1373,0,phishing
http://o3n3n.zwm2.qtr4.hkkyuesp.kcdgjw.6xptdi5b.dhl.gq/unlock,61,7,6,0,0,0,0,0,6,1,4.6942,1,3,0.0984,0,phishing
https://248.12.45.135/paypal-unlock/ovrev8.php,46,4,11,1,1,0,1,0,0,2,4.4451,1,4,0.2391,0,phishing
http://246.234.143.125/paypal-reset-password/xnbj0f.php,55,4,13,2,0,0,1,0,0,3,4.558,1,4,0.2364,0,phishing
https://instagram-account.ml/reset-password/support-center/zvceym2x?id=bx2ihxec9f,81,1,3,3,1,0,0,0,0,4,4.6358,3,5,0.037,0,phishing
https://57.247.239.166/google-billing/trp5s5.php,48,4,13,1,1,0,1,0,0,1,4.3971,1,4,0.2708,0,phishing
https://133.185.73.166/microsoft-webscr/6x0o5f.php,50,4,14,1,1,0,1,0,0,1,4.4582,1,4,0.28,0,phishing
https://www.nationalgeographic.com/,35,2,0,0,1,0,0,0,1,0,4.05,1,3,0.0,0,safe
https://en.nationalgeographic.edu/support/faq?ref=xpdh,54,2,0,0,1,0,0,0,1,1,4.3358,3,4,0.0,0,safe
https://python.io/careers,25,1,0,0,1,0,0,0,0,0,3.7835,1,3,0.0,0,safe
https://bbc.org/help/contact,28,1,0,0,1,0,0,0,0,0,3.7804,1,4,0.0,0,safe
http://bit.ly/5fenxbo,21,1,1,0,0,0,0,0,0,0,3.8442,1,3,0.0476,1,phishing
https://en.mozilla.io/careers,29,2,0,0,1,0,0,0,1,0,3.9783,1,3,0.0,0,safe
http://14.106.153.170/google-confirm/1lye09.php,47,4,14,1,0,0,1,0,0,1,4.4509,1,4,0.2979,0,phishing
https://who.net/docs/getting-started,36,1,0,1,1,0,0,0,0,0,3.8599,1,4,0.0,0,safe
http://1grim6d.elqu.8jq4a6b5.l37.x2rm0skv.lt3dl.usps.info/update,64,7,11,0,0,0,0,0,6,1,4.8215,1,3,0.1719,0,phishing
https://www.slack.io/support/faq,32,2,0,0,1,0,0,0,1,1,3.9681,1,4,0.0,0,safe
https://outlook-recover.top/account/login/mpjse33f?id=f7agy23smy,64,1,5,1,1,0,0,0,0,3,4.6462,3,5,0.0781,0,phishing
https://facebook-update.top/update/support-center/qk6g5osc?id=zvk42w6tsz,72,1,5,2,1,0,0,0,0,2,4.585,3,5,0.0694,0,phishing
https://docs.un.org/help/contact?ref=nbui,41,2,0,0,1,0,0,0,1,0,4.2779,3,4,0.0,0,safe
https://help.python.edu/blog/2026/updates?ref=utch,50,2,4,0,1,0,0,0,1,1,4.3644,3,5,0.08,0,safe
https://help.python.edu/pricing,31,2,0,0,1,0,0,0,1,0,3.9779,1,3,0.0,0,safe
https://en.nytimes.net/docs/getting-started,43,2,0,1,1,0,0,0,1,0,3.8539,1,4,0.0,0,safe
https://en.figma.net/support/faq,32,2,0,0,1,0,0,0,1,1,3.9764,1,4,0.0,0,safe
http://instagram-verify.ml/verify/3an5n,39,1,2,1,0,0,0,0,0,1,4.2143,1,4,0.0513,0,phishing
https://docs.who.com/pricing,28,2,0,0,1,0,0,0,1,0,3.8693,1,3,0.0,0,safe
https://figma.org/news/latest,29,1,0,0,1,0,0,0,0,0,3.9354,1,4,0.0,0,safe
https://cloudflare.net/about,28,1,0,0,1,0,0,0,0,0,3.9947,1,3,0.0,0,safe
https://90.171.94.252/binance-secure/5axkxc.php,47,4,11,1,1,0,1,0,0,1,4.4851,1,4,0.234,0,phishing
http://is.gd/1cdxcal,20,1,1,0,0,0,0,0,0,0,3.7842,1,3,0.05,1,phishing
https://npr.com/docs/getting-started,36,1,0,1,1,0,0,0,0,0,3.9404,1,4,0.0,0,safe
https://www.irs.net/about?ref=qmlj,34,2,0,0,1,0,0,0,1,0,4.3372,3,3,0.0,0,safe
http://38.71.199.51/wellsfargo-account/cbf3oh.php,49,4,10,1,0,0,1,0,0,1,4.5019,1,4,0.2041,0,phishing
http://10.49.16.207/amazon-recover/tsa228.php,45,4,12,1,0,0,1,0,0,1,4.447,1,4,0.2667,0,phishing
https://instagram-unlock.cf/recover/signin/reset-password/m23qbp4y?id=3094sbqjb4,80,1,8,2,1,0,0,0,0,5,4.8307,3,6,0.1,0,phishing
http://qwrf6nm.97gt5t.wb3t.7icm.google.xyz/update,49,5,6,0,0,0,0,0,4,1,4.6223,1,3,0.1224,0,phishing
http://paypal-secure.click/billing/billing/suspended/xadqgxff?id=mcnb2yye4a,75,1,2,1,0,0,0,0,0,5,4.56,3,6,0.0267,0,phishing
https://www.nytimes.edu/docs/getting-started,44,2,0,1,1,0,0,0,1,0,4.0694,1,4,0.0,0,safe
https://en.dropbox.org/news/latest,34,2,0,0,1,0,0,0,1,0,3.962,1,4,0.0,0,safe
https://who.io/support/faq,26,1,0,0,1,0,0,0,0,1,3.6903,1,4,0.0,0,safe
https://googlewa-suspended.cf/suspended/9be0i,45,1,2,1,1,0,0,0,0,1,4.2058,1,4,0.0444,0,phishing
https://outlookch-billing.ga/billing/7fsaa,42,1,1,1,1,0,0,0,0,1,4.0916,1,4,0.0238,0,phishing
http://54.3.195.2/chase-update/7rpnhs.php,41,4,8,1,0,0,1,0,0,1,4.1779,1,4,0.1951,0,phishing
https://wikipedia.edu/account/settings,38,1,0,0,1,0,0,0,0,1,3.9553,1,4,0.0,0,safe
http://98ai.naqj50.1i6g.netflix.top/reset-password,50,4,6,1,0,0,0,0,3,2,4.5611,1,3,0.12,0,phishing
https://docs.mit.com/careers,28,2,0,0,1,0,0,0,1,0,3.7709,1,3,0.0,1,safe
https://cutt.ly/g5i8ja4,23,1,3,0,1,0,0,0,0,0,3.969,1,3,0.1304,1,phishing
http://114.250.98.169/facebook-signin/8f2ac1.php,48,4,14,1,0,0,1,0,0,1,4.5276,1,4,0.2917,0,phishing
http://161.26.61.58/google-authenticate/u9ud8f.php,50,4,11,1,0,0,1,0,0,1,4.3611,1,4,0.22,0,phishing
https://coinbase-confirm.ga/unlock/confirm/reset-password/recover/n37lhspn?id=vl5xpz4r38,88,1,6,2,1,0,0,0,0,5,4.7172,3,7,0.0682,0,phishing
https://www.spotify.gov/about,29,2,0,0,1,0,0,0,1,0,3.8833,1,3,0.0,0,safe
https://www.airbnb.io/en/home,29,2,0,0,1,0,0,0,1,0,3.8664,1,4,0.0,0,safe
https://docs.notion.edu/,24,2,0,0,1,0,0,0,1,0,3.6573,1,3,0.0,0,safe
https://5.50.159.3/instagram-confirm/jbdvzl.php,47,4,7,1,1,0,1,0,0,1,4.6128,1,4,0.1489,0,phishing
https://mit.gov/en/home,23,1,0,0,1,0,0,0,0,0,3.6212,1,4,0.0,0,safe
http://rb.gy/o2ibp5y,20,1,2,0,0,0,0,0,0,0,3.6842,1,3,0.1,1,phishing
https://www.dropbox.net/docs/getting-started,44,2,0,1,1,0,0,0,1,0,4.0634,1,4,0.0,0,safe
https://mit.net/docs/getting-started,36,1,0,1,1,0,0,0,0,0,3.7947,1,4,0.0,0,safe
https://en.mozilla.com,22,2,0,0,1,0,0,0,1,0,3.914,1,2,0.0,0,safe
https://en.spotify.gov/account/settings?ref=fetz,48,2,0,0,1,0,0,0,1,1,4.17,3,4,0.0,0,safe
https://docs.mozilla.org/account/settings,41,2,0,0,1,0,0,0,1,1,4.0804,1,4,0.0,0,safe
https://figma.gov/account/settings,34,1,0,0,1,0,0,0,0,1,3.9369,1,4,0.0,0,safe
https://mit.net/support/faq,27,1,0,0,1,0,0,0,0,1,3.7784,1,4,0.0,0,safe
http://coinbase-login.ga/billing/reset-password/support-center/recover/n7t6egfu?id=5cmt3xzdf0,93,1,5,3,0,0,0,0,0,6,4.6653,3,7,0.0538,0,phishing
https://en.github.org/blog/2026/updates,39,2,4,0,1,0,0,0,1,1,4.1991,1,5,0.1026,0,safe
http://bit.ly/13xa21j,21,1,4,0,0,0,0,0,0,0,3.8442,1,3,0.1905,1,phishing
https://npr.io/careers,22,1,0,0,1,0,0,0,0,0,3.6635,1,3,0.0,0,safe
https://en.python.org/blog/2026/updates,39,2,4,0,1,0,0,0,1,1,4.1798,1,5,0.1026,0,safe
http://bit.ly/f8soffm,21,1,1,0,0,0,0,0,0,0,3.713,1,3,0.0476,1,phishing
http://35.200.165.1/dhl-billing/0qmmuv.php,42,4,10,1,0,0,1,0,0,1,4.3204,1,4,0.2381,0,phishing
https://www.notion.net/about,28,2,0,0,1,0,0,0,1,0,3.642,1,3,0.0,0,safe
https://www.usps.gov/support/faq,32,2,0,0,1,0,0,0,1,1,3.7653,1,4,0.0,0,safe
http://amazon-billing.top/update/unlock/unlock/gzct0fvr?id=diegag4c4x,69,1,3,1,0,0,0,0,0,3,4.5812,3,6,0.0435,0,phishing
http://22.229.81.192/facebook-recover/pehu0d.php,48,4,11,1,0,0,1,0,0,1,4.27,1,4,0.2292,0,phishing
https://irs.net/about,21,1,0,0,1,0,0,0,0,0,3.6897,1,3,0.0,0,safe
https://3d5dxb.bxbziy.nl2zlqmi.v2ja57.instagram.tk/alert,56,5,6,0,1,0,0,0,4,1,4.5888,1,3,0.1071,0,phishing
https://docs.mozilla.io/docs/getting-started,44,2,0,1,1,0,0,0,1,0,4.0726,1,4,0.0,0,safe
https://docs.usps.io/account/settings,37,2,0,0,1,0,0,0,1,1,3.733,1,4,0.0,0,safe
https://docs.un.edu/en/home,27,2,0,0,1,0,0,0,1,0,3.6899,1,4,0.0,0,safe
http://coinbase-login.ga/confirm/login/signin/l10iur56?id=dcu7dtafsy,68,1,5,1,0,0,0,0,0,3,4.5353,3,6,0.0735,0,phishing
http://5cq0r.vuwgznk.scv2sgfn.coinbase.xyz/account,50,4,3,0,0,0,0,0,3,1,4.5664,1,3,0.06,0,phishing
https://www.duolingo.edu/,25,2,0,0,1,0,0,0,1,0,3.8635,1,3,0.0,0,safe
https://en.spotify.net/about,28,2,0,0,1,0,0,0,1,0,3.7943,1,3,0.0,0,safe
https://www.stackoverflow.gov/support/faq,41,2,0,0,1,0,0,0,1,1,4.1012,1,4,0.0,0,safe
http://dhl-unlock.ml/secure/signin/kaf5xtxr?id=ezr75iedrz,57,1,3,1,0,0,0,0,0,3,4.5938,3,5,0.0526,0,phishing
http://9lw0s6.81t51.wu55au.90x.wellsfargo.tk/support-center,59,5,11,1,0,0,0,0,4,1,4.5282,1,3,0.1864,0,phishing
https://github.io/blog/2026/updates,35,1,4,0,1,0,0,0,0,1,4.0547,1,5,0.1143,0,safe
http://202.206.209.222/chase-webscr/rlj7s5.php,46,4,14,1,0,0,1,0,0,1,4.1611,1,4,0.3043,0,phishing
https://www.trello.gov/help/contact,35,2,0,0,1,0,0,0,1,0,3.8757,1,4,0.0,0,safe
http://228.237.107.68/icloud-authenticate/4bqyuy.php,52,4,12,1,0,0,1,0,0,1,4.5345,1,4,0.2308,0,phishing
https://3.228.211.6/instagram-recover/kg23dx.php,48,4,10,1,1,0,1,0,0,1,4.4961,1,4,0.2083,0,phishing
https://help.who.org/en/home,28,2,0,0,1,0,0,0,1,0,3.682,1,4,0.0,0,safe
https://bit.ly/iwzwf88,22,1,2,0,1,0,0,0,0,0,3.7544,1,3,0.0909,1,phishing
http://cutt.ly/bko6qjd,22,1,1,0,0,0,0,0,0,0,3.8797,1,3,0.0455,1,phishing
https://rb.gy/x54mdye,21,1,2,0,1,0,0,0,0,0,3.9754,1,3,0.0952,1,phishing
http://230.239.61.97/netflix-webscr/di5mhv.php,46,4,11,1,0,0,1,0,0,1,4.6482,1,4,0.2391,0,phishing
https://docs.who.gov/account/settings,37,2,0,0,1,0,0,0,1,1,3.9023,1,4,0.0,0,safe
http://91.16.195.22/microsoft-unlock/jihxmx.php,47,4,9,1,0,0,1,0,0,1,4.453,1,4,0.1915,0,phishing
https://g5r69t0.2q8jkmk8.qkvat0.3f5si.x88td0.usps.info/webscr,61,6,13,0,1,0,0,0,5,1,4.7341,1,3,0.2131,0,phishing
https://help.github.edu/en/home,31,2,0,0,1,0,0,0,1,0,3.8331,1,4,0.0,0,safe
https://docs.nationalgeographic.edu/en/home,43,2,0,0,1,0,0,0,1,0,4.1002,1,4,0.0,0,safe
https://un.io,13,1,0,0,1,0,0,0,0,0,3.3927,1,2,0.0,0,safe
http://google-update.top/confirm/alert/9n83ssmb?id=7g6m0pkn2a,61,1,7,1,0,0,0,0,0,3,4.7341,3,5,0.1148,0,phishing
http://158.10.90.198/icloud-billing/9r9k9h.php,46,4,13,1,0,0,1,0,0,1,4.2761,1,4,0.2826,0,phishing
https://www.usps.io/docs/getting-started,40,2,0,1,1,0,0,0,1,0,3.9751,1,4,0.0,0,safe
https://209.231.140.241/amazon-suspended/0b6td5.php,51,4,15,1,1,0,1,0,0,1,4.4464,1,4,0.2941,0,phishing
https://www.mit.org/blog/2026/updates,37,2,4,0,1,0,0,0,1,1,4.2266,1,5,0.1081,0,safe
https://python.gov/docs/getting-started,39,1,0,1,1,0,0,0,0,0,3.9542,1,4,0.0,0,safe
https://www.notion.org/careers?ref=5d1j,39,2,2,0,1,0,0,0,1,0,4.3168,3,3,0.0513,0,safe
https://tinyurl.com/kceyias,27,1,0,0,1,0,0,0,0,0,4.1064,1,3,0.0,1,phishing
https://mozilla.io/news/latest,30,1,0,0,1,0,0,0,0,0,3.7899,1,4,0.0,0,safe
https://nytimes.edu/pricing,27,1,0,0,1,0,0,0,0,0,3.9303,1,3,0.0,0,safe
http://168.54.65.240/usps-unlock/cn2arm.php,43,4,11,1,0,0,1,0,0,1,4.403,1,4,0.2558,0,phishing
https://c2e.q5vwb.mny.jfeuy2.fedex.gq/account,45,5,3,0,1,0,0,0,4,1,4.4724,1,3,0.0667,0,phishing
https://help.github.org/help/contact,36,2,0,0,1,0,0,0,1,0,3.9376,1,4,0.0,0,safe
http://binance-verify.click/verify/7gszo,40,1,1,1,0,0,0,0,0,2,4.3842,1,4,0.025,0,phishing
https://en.bbc.net/?ref=1cbf,28,2,1,0,1,0,0,0,1,0,3.8424,3,3,0.0357,0,safe
https://www.khanacademy.com/account/settings?ref=sbox,53,2,0,0,1,0,0,0,1,1,4.433,3,4,0.0,0,safe
https://usps.net/help/contact,29,1,0,0,1,0,0,0,0,0,3.578,1,4,0.0,0,safe
https://docs.reuters.io/blog/2026/updates,41,2,4,0,1,0,0,0,1,1,4.1595,1,5,0.0976,0,safe
https://www.irs.io/pricing?ref=j2sq,35,2,1,0,1,0,0,0,1,0,4.1859,3,3,0.0286,0,safe
https://en.mozilla.net/account/settings,39,2,0,0,1,0,0,0,1,1,3.9259,1,4,0.0,0,safe
https://python.edu/pricing,26,1,0,0,1,0,0,0,0,0,3.921,1,3,0.0,0,safe
https://1.115.170.90/fedex-secure/yx8jvu.php,44,4,10,1,1,0,1,0,0,1,4.3514,1,4,0.2273,0,phishing
https://help.reuters.org/about?ref=csbu,39,2,0,0,1,0,0,0,1,0,4.0478,3,3,0.0,0,safe
https://irs.edu/support/faq,27,1,0,0,1,0,0,0,0,1,3.7821,1,4,0.0,0,safe
https://www.mozilla.org/account/settings,40,2,0,0,1,0,0,0,1,1,4.1251,1,4,0.0,0,safe
https://help.duolingo.edu/products,34,2,0,0,1,0,0,0,1,0,3.9542,1,3,0.0,0,safe
https://tinyurl.com/tix0x9i,27,1,2,0,1,0,0,0,0,0,4.0323,1,3,0.0741,1,phishing
https://en.irs.gov,18,2,0,0,1,0,0,0,1,0,3.7255,1,2,0.0,0,safe
https://docs.duolingo.com/account/settings,42,2,0,0,1,0,0,0,1,1,3.9167,1,4,0.0,0,safe
https://help.python.edu/,24,2,0,0,1,0,0,0,1,0,3.6258,1,3,0.0,0,safe
https://docs.notion.com/pricing,31,2,0,0,1,0,0,0,1,0,3.7357,1,3,0.0,0,safe
https://help.github.net/careers,31,2,0,0,1,0,0,0,1,0,3.8732,1,3,0.0,0,safe
https://www.usps.com/,21,2,0,0,1,0,0,0,1,0,3.4273,1,3,0.0,0,safe
https://dh1-signin.xyz/signin/oe56v,35,1,3,1,1,0,0,0,0,1,4.1363,1,4,0.0857,0,phishing
https://docs.who.io,19,2,0,0,1,0,0,0,1,0,3.4714,1,2,0.0,0,safe
http://kg4.t2x1o.vh6n4b.3ckm3.kxb.google.info/update,52,6,7,0,0,0,0,0,5,1,4.5125,1,3,0.1346,0,phishing
http://chasedz-webscr.info/webscr/u1bks,39,1,1,1,0,0,0,0,0,1,4.3043,1,4,0.0256,0,phishing
https://4n0ntk.664zbuub.tiih3dq9.wellsfargo.info/recover,56,4,7,0,1,0,0,0,3,1,4.7265,1,3,0.125,0,phishing
https://who.io/support/faq?ref=0ij4,35,1,2,0,1,0,0,0,0,1,4.2074,3,4,0.0571,0,safe
http://xc3bwfm.002.ei8g.y9p92.dhl.tk/signin,43,5,8,0,0,0,0,0,4,1,4.499,1,3,0.186,0,phishing
https://reuters.com/help/contact,32,1,0,0,1,0,0,0,0,0,3.7775,1,4,0.0,0,safe
http://lpby1.ah4.r7skukr0.hndys5.b74w.v89n.instagram.ga/recover,63,7,9,0,0,0,0,0,6,1,4.691,1,3,0.1429,0,phishing
https://en.nationalgeographic.com/help/contact?ref=zetk,55,2,0,0,1,0,0,0,1,0,4.2063,3,4,0.0,0,safe
https://en.cloudflare.org/products,34,2,0,0,1,0,0,0,1,0,4.0575,1,3,0.0,0,safe
https://www.nasa.com/help/contact,33,2,0,0,1,0,0,0,1,0,3.7636,1,4,0.0,0,safe
https://www.khanacademy.net/,28,2,0,0,1,0,0,0,1,0,3.8424,1,3,0.0,0,safe
http://184.213.169.43/usps-verify/w4udbs.php,44,4,12,1,0,0,1,0,0,1,4.408,1,4,0.2727,0,phishing
https://en.slack.net/,21,2,0,0,1,0,0,0,1,0,3.5585,1,3,0.0,0,safe
https://docs.mozilla.net/careers,32,2,0,0,1,0,0,0,1,0,4.0306,1,3,0.0,0,safe
https://en.dropbox.gov/,23,2,0,0,1,0,0,0,1,0,3.8492,1,3,0.0,0,safe
https://en.airbnb.gov/,22,2,0,0,1,0,0,0,1,0,3.8797,1,3,0.0,0,safe
http://87.36.117.248/outlook-unlock/941kya.php,46,4,13,1,0,0,1,0,0,1,4.3275,1,4,0.2826,0,phishing
https://is.gd/oat4poe,21,1,1,0,1,0,0,0,0,0,3.6538,1,3,0.0476,1,phishing
http://zjp9o6s.do4zw.nrj9w.7bmob70q.s90.netflix.cf/account,58,6,9,0,0,0,0,0,5,1,4.6764,1,3,0.1552,0,phishing
https://nationalgeographic.io/help/contact,42,1,0,0,1,0,0,0,0,0,3.8356,1,4,0.0,0,safe
http://google-webscr.click/account/suspended/suspended/05ysd833?id=xnyera9ma3,77,1,7,1,0,0,0,0,0,4,4.6522,3,6,0.0909,0,phishing
http://6qy7w0a.yl0en7.094c.instagram.click/secure,49,4,8,0,0,0,0,0,3,2,4.5173,1,3,0.1633,0,phishing
https://docs.nasa.com/careers,29,2,0,0,1,0,0,0,1,0,3.7454,1,3,0.0,0,safe
https://3.205.173.124/fedex-signin/vufvrv.php,45,4,10,1,1,0,1,0,0,1,4.4805,1,4,0.2222,0,phishing
https://help.who.edu/blog/2026/updates,38,2,4,0,1,0,0,0,1,1,4.0735,1,5,0.1053,0,safe
https://docs.notion.edu/account/settings,40,2,0,0,1,0,0,0,1,1,3.7653,1,4,0.0,0,safe
https://en.nationalgeographic.net/products,42,2,0,0,1,0,0,0,1,0,4.026,1,3,0.0,0,safe
http://fxe7.f2w91l.tt30.paypal.top/verify,41,4,6,0,0,0,0,0,3,2,4.2571,1,3,0.1463,0,phishing
http://utb25.auo.u67in.9gh6b.9lo7udi8.instagram.top/webscr,58,6,9,0,0,0,0,0,5,1,4.5322,1,3,0.1552,0,phishing
https://www.bbc.com/about,25,2,0,0,1,0,0,0,1,0,3.6431,1,3,0.0,0,safe
http://bit.ly/qxxuvvd,21,1,0,0,0,0,0,0,0,0,3.749,1,3,0.0,1,phishing
http://240.152.132.222/wellsfargo-billing/quxjix.php,52,4,12,1,0,0,1,0,0,1,4.5654,1,4,0.2308,0,phishing
http://instagram-authenticate.xyz/authenticate/login/ugx03tb5?id=qg2b1b8giw,75,1,6,1,0,0,0,0,0,2,4.6058,3,5,0.08,0,phishing
https://www.duolingo.gov/careers?ref=x1mr,41,2,1,0,1,0,0,0,1,0,4.5034,3,3,0.0244,0,safe
http://is.gd/gozsflz,20,1,0,0,0,0,0,0,0,0,3.6842,1,3,0.0,1,phishing
https://help.github.com/blog/2026/updates?ref=s3t2,50,2,6,0,1,0,0,0,1,1,4.464,3,5,0.12,0,safe
https://www.notion.net/account/settings,39,2,0,0,1,0,0,0,1,1,3.7078,1,4,0.0,0,safe
http://gvd6.a91.2driw2.bnurcyr.7kox.6r865zf.instagram.gq/support-center,71,7,10,1,0,0,0,0,6,1,4.8055,1,3,0.1408,0,phishing
https://docs.duolingo.com/pricing,33,2,0,0,1,0,0,0,1,0,3.9455,1,3,0.0,0,safe
https://tinyurl.com/n6jep2r,27,1,2,0,1,0,0,0,0,0,4.1805,1,3,0.0741,1,phishing
https://help.irs.io,19,2,0,0,1,0,0,0,1,0,3.5111,1,2,0.0,0,safe
https://docs.github.com/en/home,31,2,0,0,1,0,0,0,1,0,3.9134,1,4,0.0,0,safe
https://tinyurl.com/jzkivd1,27,1,1,0,1,0,0,0,0,0,4.3286,1,3,0.037,1,phishing
http://netf1ix-recover.xyz/recover/z8kps,40,1,2,1,0,0,0,0,0,1,4.2128,1,4,0.05,0,phishing
http://rb.gy/haz7q01,20,1,3,0,0,0,0,0,0,0,3.8842,1,3,0.15,1,phishing
https://www.who.gov/help/contact,32,2,0,0,1,0,0,0,1,0,3.7653,1,4,0.0,0,safe
https://docs.usps.org/docs/getting-started,42,2,0,1,1,0,0,0,1,0,3.8856,1,4,0.0,0,safe
https://docs.who.com/docs/getting-started,41,2,0,1,1,0,0,0,1,0,3.9668,1,4,0.0,0,safe
http://160in3y.a67.t3qb6.o29fhc5s.if1tcdz.7mzimuo.usps.top/authenticate,71,7,13,0,0,0,0,0,6,1,4.5942,1,3,0.1831,0,phishing
https://www.coursera.com/products,33,2,0,0,1,0,0,0,1,0,3.854,1,3,0.0,0,safe
https://icloud-recover.tk/billing/unlock/login/verify/gwlklqlr?id=qqbz1fwlii,76,1,1,1,1,0,0,0,0,5,4.4918,3,7,0.0132,0,phishing
http://is.gd/pgt5ro3,20,1,2,0,0,0,0,0,0,0,3.6464,1,3,0.1,1,phishing
http://we11sfarg0-reset-password.top/reset-password/rxxht,57,1,3,3,0,0,0,0,0,2,3.9855,1,4,0.0526,0,phishing
http://l51o9ul.9g9k.mymk391.b4crlow.facebook.click/update,57,5,9,0,0,0,0,0,4,2,4.515,1,3,0.1579,0,phishing
https://www.reuters.edu/blog/2026/updates,41,2,4,0,1,0,0,0,1,1,4.0923,1,5,0.0976,0,safe
http://76.113.27.254/microsoft-secure/kc9m0i.php,48,4,12,1,0,0,1,0,0,1,4.5378,1,4,0.25,0,phishing
https://www.dropbox.org/help/contact?ref=dohc,45,2,0,0,1,0,0,0,1,0,4.2167,3,4,0.0,0,safe
https://docs.khanacademy.edu/,29,2,0,0,1,0,0,0,1,0,3.9523,1,3,0.0,0,safe
https://docs.slack.gov/blog/2026/updates?ref=9fw1,49,2,6,0,1,0,0,0,1,1,4.6123,3,5,0.1224,0,safe
https://www.harvard.net/about,29,2,0,0,1,0,0,0,1,0,3.8833,1,3,0.0,0,safe
https://docs.airbnb.net/,24,2,0,0,1,0,0,0,1,0,3.8554,1,3,0.0,0,safe
https://stackoverflow.edu/blog/2026/updates?ref=gy6f,52,1,5,0,1,0,0,0,0,1,4.549,3,5,0.0962,0,safe
https://www.python.io/account/settings,38,2,0,0,1,0,0,0,1,1,3.8656,1,4,0.0,0,safe
http://dhl9i-secure.top/secure/1uuma,36,1,2,1,0,0,0,0,0,1,4.0934,1,4,0.0556,0,phishing
https://7.104.184.159/chase-account/xourfl.php,46,4,10,1,1,0,1,0,0,1,4.4415,1,4,0.2174,0,phishing
https://docs.github.edu/careers,31,2,0,0,1,0,0,0,1,0,3.9536,1,3,0.0,0,safe
https://en.notion.io/blog/2026/updates?ref=04h5,47,2,7,0,1,0,0,0,1,1,4.4669,3,5,0.1489,0,safe
https://is.gd/deypcqv,21,1,0,0,1,0,0,0,0,0,3.7849,1,3,0.0,1,phishing
http://ligt.8trfmxf2.mndp9f.1uc4a.outlook.xyz/authenticate,58,5,5,0,0,0,0,0,4,1,4.5238,1,3,0.0862,0,phishing
http://200.102.8.50/coinbase-verify/xz2oi4.php,46,4,11,1,0,0,1,0,0,1,4.5178,1,4,0.2391,0,phishing
https://docs.usps.gov/help/contact,34,2,0,0,1,0,0,0,1,0,3.8444,1,4,0.0,0,safe
https://help.usps.edu/docs/getting-started,42,2,0,1,1,0,0,0,1,0,3.9488,1,4,0.0,0,safe
http://rb.gy/pwt19vm,20,1,2,0,0,0,0,0,0,0,3.7464,1,3,0.1,1,phishing
http://dh1-login.cf/login/b199h,31,1,4,1,0,0,0,0,0,1,4.0266,1,4,0.129,0,phishing
https://cutt.ly/4mw6y4s,23,1,3,0,1,0,0,0,0,0,3.7081,1,3,0.1304,1,phishing
https://www.coursera.io/products,32,2,0,0,1,0,0,0,1,0,3.8585,1,3,0.0,0,safe
https://en.wikipedia.edu/careers,32,2,0,0,1,0,0,0,1,0,3.9025,1,3,0.0,0,safe
http://is.gd/su3qcvh,20,1,1,0,0,0,0,0,0,0,3.7842,1,3,0.05,1,phishing
https://docs.dropbox.gov/en/home,32,2,0,0,1,0,0,0,1,0,3.9497,1,4,0.0,0,safe
http://rb.gy/myi5an7,20,1,2,0,0,0,0,0,0,0,3.8842,1,3,0.1,1,phishing
https://help.khanacademy.org/news/latest,40,2,0,0,1,0,0,0,1,0,4.0842,1,4,0.0,0,safe
https://nationalgeographic.io/help/contact?ref=emi6,51,1,1,0,1,0,0,0,0,0,4.1699,3,4,0.0196,0,safe
https://www.wikipedia.io/products,33,2,0,0,1,0,0,0,1,0,3.8849,1,3,0.0,0,safe
https://tinyurl.com/co2pza1,27,1,2,0,1,0,0,0,0,0,4.1805,1,3,0.0741,1,phishing
https://en.who.net/pricing?ref=2k7o,35,2,2,0,1,0,0,0,1,0,4.243,3,3,0.0571,0,safe
http://usps-verify.gq/verify/9obyo,34,1,1,1,0,0,0,0,0,1,4.1829,1,4,0.0294,0,phishing
http://ksiy.xm3mlife.pa3bx.s4p0dhv5.hfvcgcez.instagram.ga/secure,64,6,5,0,0,0,0,0,5,1,4.632,1,3,0.0781,0,phishing
http://uspspz-reset-password.xyz/reset-password/2cdhv,53,1,1,3,0,0,0,0,0,2,4.0842,1,4,0.0189,0,phishing
https://y55m5ut.8nf6.87zgz0zo.tl6c.google.ml/billing,52,5,9,0,1,0,0,0,4,1,4.3882,1,3,0.1731,0,phishing
https://docs.python.com/docs/getting-started,44,2,0,1,1,0,0,0,1,0,3.9785,1,4,0.0,0,safe
https://rrty.fj7r.cl3t.pc7ffji.lev.gi6wfny6.icloud.top/recover,62,7,5,0,1,0,0,0,6,1,4.3832,1,3,0.0806,0,phishing
http://netf1ix-authenticate.ml/authenticate/f16qz,49,1,3,1,0,0,0,0,0,1,4.0146,1,4,0.0612,0,phishing
http://cutt.ly/6ajomx8,22,1,2,0,0,0,0,0,0,0,3.8797,1,3,0.0909,1,phishing
https://docs.nationalgeographic.net/blog/2026/updates,53,2,4,0,1,0,0,0,1,1,4.2752,1,5,0.0755,0,safe
https://help.figma.gov?ref=cw49,31,2,2,0,1,0,0,0,1,0,4.4381,3,2,0.0645,0,safe
https://czj6.v7aris9v.e17.9okeetpy.9w72om.paypal.top/confirm,60,6,9,0,1,0,0,0,5,2,4.5587,1,3,0.15,0,phishing
http://40.5.103.24/wellsfargo-signin/niapg7.php,47,4,9,1,0,0,1,0,0,1,4.4426,1,4,0.1915,0,phishing
https://bankofamerica-verify.ml/suspended/verify/login/recover/j3pgh3ll?id=zteq5v0aae,85,1,4,1,1,0,0,0,0,4,4.7118,3,7,0.0471,0,phishing
http://microsoft-unlock.gq/reset-password/support-center/support-center/alert/nshp2jnc?id=3ou5gnye62,100,1,5,4,0,0,0,0,0,5,4.5213,3,7,0.05,0,phishing
https://docs.irs.gov/news/latest,32,2,0,0,1,0,0,0,1,0,3.9497,1,4,0.0,0,safe
https://reuters.org,19,1,0,0,1,0,0,0,0,0,3.4316,1,2,0.0,0,safe
https://90.213.3.19/wellsfargo-account/5nyuqi.php,49,4,9,1,1,0,1,0,0,1,4.6451,1,4,0.1837,0,phishing
http://04pixrz.b5al94.5in9.x3h.hz1l.yy7l4oq.bankofamerica.ga/support-center,75,7,11,1,0,0,0,0,6,1,4.7981,1,3,0.1467,0,phishing
http://fedexrn-secure.ml/secure/p2ogj,37,1,1,1,0,0,0,0,0,1,4.1753,1,4,0.027,0,phishing
https://en.dropbox.org/blog/2026/updates,40,2,4,0,1,0,0,0,1,1,4.1939,1,5,0.1,0,safe
https://help.reuters.edu/,25,2,0,0,1,0,0,0,1,0,3.4635,1,3,0.0,0,safe
http://cutt.ly/jiunoii,22,1,0,0,0,0,0,0,0,0,3.5726,1,3,0.0,1,phishing
https://www.reuters.net,23,2,0,0,1,0,0,0,1,0,3.4144,1,2,0.0,0,safe
https://rb.gy/l00270e,21,1,5,0,1,0,0,0,0,0,3.8442,1,3,0.2381,1,phishing
https://wellsfargoj2-suspended.click/suspended/4d8ut,52,1,3,1,1,0,0,0,0,2,4.3591,1,4,0.0577,0,phishing
https://help.npr.org/en/home,28,2,0,0,1,0,0,0,1,0,3.655,1,4,0.0,0,safe
https://google-reset-password.gq/confirm/account/recover/authenticate/4izlb6rz?id=4ikxtnuxfz,92,1,3,2,1,0,0,0,0,6,4.6561,3,7,0.0326,0,phishing
https://help.figma.gov/pricing,30,2,0,0,1,0,0,0,1,0,4.0729,1,3,0.0,0,safe
https://en.mozilla.edu/en/home,30,2,0,0,1,0,0,0,1,0,3.9069,1,4,0.0,0,safe
http://coinbase-webscr.cf/verify/secure/confirm/support-center/ozm3w4c7?id=eve8a358on,85,1,7,2,0,0,0,0,0,5,4.5922,3,7,0.0824,0,phishing
http://netflix-suspended.cf/webscr/account/2jrtvil4?id=xqiy5oi4ll,65,1,4,1,0,0,0,0,0,3,4.6825,3,5,0.0615,0,phishing
http://instagram-reset-password.gq/reset-password/8hyam,55,1,1,3,0,0,0,0,0,2,4.1088,1,4,0.0182,0,phishing
http://82.190.151.145/google-update/jbgz1p.php,46,4,12,1,0,0,1,0,0,1,4.2903,1,4,0.2609,0,phishing
http://ia2yn.4env.9z40.iwin7164.d0bq77z.oldvxpq.netflix.tk/support-center,73,7,12,1,0,0,0,0,6,1,4.7784,1,3,0.1644,0,phishing
https://docs.un.com/support/faq,31,2,0,0,1,0,0,0,1,1,3.889,1,4,0.0,0,safe
http://netflix-alert.info/billing/authenticate/93wb7lie?id=drdhzq7h97,69,1,6,1,0,0,0,0,0,3,4.4796,3,5,0.087,0,phishing
https://www.khanacademy.edu/blog/2026/updates,45,2,4,0,1,0,0,0,1,1,4.3668,1,5,0.0889,0,safe
http://bit.ly/ywzm80u,21,1,2,0,0,0,0,0,0,0,3.8442,1,3,0.0952,1,phishing
https://help.dropbox.com/support/faq,36,2,0,0,1,0,0,0,1,1,4.0487,1,4,0.0,0,safe
https://docs.airbnb.net/en/home,31,2,0,0,1,0,0,0,1,0,3.9134,1,4,0.0,0,safe
http://coinbaserf-authenticate.tk/authenticate/62661,52,1,5,1,0,0,0,0,0,1,4.0558,1,4,0.0962,0,phishing
https://www.un.edu/?ref=1299,28,2,4,0,1,0,0,0,1,0,4.1106,3,3,0.1429,0,safe
http://tinyurl.com/ezmpb9s,26,1,1,0,0,0,0,0,0,0,4.1808,1,3,0.0385,1,phishing
https://en.irs.io/pricing,25,2,0,0,1,0,0,0,1,0,3.6537,1,3,0.0,0,safe
https://www.khanacademy.com,27,2,0,0,1,0,0,0,1,0,3.9582,1,2,0.0,0,safe
https://6fbo.2ng3u.clx.p9ua6np.4gbt.nufnu.microsoft.info/login,62,7,6,0,1,0,0,0,6,1,4.3447,1,3,0.0968,0,phishing
https://wellsfargo-webscr.ga/confirm/confirm/6usapm0v?id=i9vclofizu,67,1,3,1,1,0,0,0,0,2,4.6708,3,5,0.0448,0,phishing
https://help.duolingo.net/support/faq?ref=pchm,46,2,0,0,1,0,0,0,1,1,4.3089,3,4,0.0,0,safe
https://www.cloudflare.net/products,35,2,0,0,1,0,0,0,1,0,4.0576,1,3,0.0,0,safe
https://irs.edu/pricing,23,1,0,0,1,0,0,0,0,0,3.7623,1,3,0.0,0,safe
https://www.slack.edu,21,2,0,0,1,0,0,0,1,0,3.7849,1,2,0.0,0,safe
http://dhlqf-support-center.top/support-center/cbn9u,52,1,1,3,0,0,0,0,0,1,4.0286,1,4,0.0192,0,phishing
https://en.github.edu/pricing?ref=6ojd,38,2,1,0,1,0,0,0,1,0,4.3264,3,3,0.0263,0,safe
https://en.slack.io/news/latest,31,2,0,0,1,0,0,0,1,0,3.7686,1,4,0.0,0,safe
https://help.stackoverflow.edu/news/latest,42,2,0,0,1,0,0,0,1,0,4.0596,1,4,0.0,0,safe
http://usps-secure.click/secure/clb9f,37,1,1,1,0,0,0,0,0,2,3.9023,1,4,0.027,0,phishing
https://microsoftok-secure.info/secure/n8bkf,44,1,1,1,1,0,0,0,0,1,4.1181,1,4,0.0227,0,phishing
https://docs.un.com/support/faq,31,2,0,0,1,0,0,0,1,1,3.889,1,4,0.0,0,safe
http://tinyurl.com/o9alm1k,26,1,2,0,0,0,0,0,0,0,4.1039,1,3,0.0769,1,phishing
http://jjk6bgsq.w9jl.wzdy.vnxd.microsoft.info/signin,52,5,2,0,0,0,0,0,4,1,4.5584,1,3,0.0385,0,phishing
http://tinyurl.com/zj6apnz,26,1,1,0,0,0,0,0,0,0,4.1039,1,3,0.0385,1,phishing
http://apple-recover.info/webscr/update/authenticate/0jzw8zmy?id=dixpy65mjd,75,1,4,1,0,0,0,0,0,4,4.7116,3,6,0.0533,0,phishing
https://reuters.edu/news/latest,31,1,0,0,1,0,0,0,0,0,3.56,1,4,0.0,0,safe
https://en.bbc.edu/products,27,2,0,0,1,0,0,0,1,0,3.8101,1,3,0.0,0,safe
http://dh1-support-center.info/support-center/3cvan,51,1,2,3,0,0,0,0,0,1,4.1159,1,4,0.0392,0,phishing
http://176.42.55.18/paypal-update/lmboz5.php,44,4,10,1,0,0,1,0,0,2,4.2827,1,4,0.2273,0,phishing
http://0z3yafv.rpr.fal.outlook.info/authenticate,48,4,2,0,0,0,0,0,3,1,4.2304,1,3,0.0417,0,phishing
https://is.gd/48uhots,21,1,2,0,1,0,0,0,0,0,3.6178,1,3,0.0952,1,phishing
http://tinyurl.com/w2rof9h,26,1,2,0,0,0,0,0,0,0,4.1039,1,3,0.0769,1,phishing
http://rb.gy/zu9sttj,20,1,1,0,0,0,0,0,0,0,3.6842,1,3,0.05,1,phishing
https://docs.airbnb.com/pricing,31,2,0,0,1,0,0,0,1,0,3.9779,1,3,0.0,0,safe
https://help.usps.net/careers,29,2,0,0,1,0,0,0,1,0,3.6075,1,3,0.0,0,safe
https://figma.gov/help/contact,30,1,0,0,1,0,0,0,0,0,3.9736,1,4,0.0,0,safe
http://rb.gy/jh59lei,20,1,2,0,0,0,0,0,0,0,3.8842,1,3,0.1,1,phishing
http://chasetj-reset-password.ga/reset-password/saqnl,53,1,0,3,0,0,0,0,0,2,3.9857,1,4,0.0,0,phishing
https://en.stackoverflow.edu/blog/2026/updates,46,2,4,0,1,0,0,0,1,1,4.4123,1,5,0.087,0,safe
https://www.who.gov/products,28,2,0,0,1,0,0,0,1,0,3.7265,1,3,0.0,0,safe
https://docs.airbnb.net/blog/2026/updates,41,2,4,0,1,0,0,0,1,1,4.2571,1,5,0.0976,0,safe
http://241.242.212.22/instagram-account/qq2f0v.php,50,4,13,1,0,0,1,0,0,1,4.2537,1,4,0.26,0,phishing
https://www.mit.com/docs/getting-started,40,2,0,1,1,0,0,0,1,0,3.9929,1,4,0.0,1,safe
https://facebook-support-center.top/secure/reset-password/billing/efcw9npa?id=15m26sig9h,88,1,6,3,1,0,0,0,0,5,4.6223,3,6,0.0682,0,phishing
http://bit.ly/5m1ljsu,21,1,2,0,0,0,0,0,0,0,3.8442,1,3,0.0952,1,phishing
http://microsoftxs-login.gq/login/hx8j1,39,1,2,1,0,0,0,0,0,1,4.253,1,4,0.0513,0,phishing
http://197.177.35.11/usps-login/to9ruc.php,42,4,11,1,0,0,1,0,0,1,4.1659,1,4,0.2619,0,phishing
https://help.github.io/careers,30,2,0,0,1,0,0,0,1,0,3.9396,1,3,0.0,0,safe
http://fvuwdy.k474dkwg.jbryp3kh.lzzbnj.u6te.aluw53o.paypal.click/secure,71,7,7,0,0,0,0,0,6,3,4.7281,1,3,0.0986,0,phishing
https://bbc.org/news/latest,27,1,0,0,1,0,0,0,0,0,3.838,1,4,0.0,0,safe
http://1zmtmo.0watyk3.ikyi.facebook.info/suspended,50,4,3,0,0,0,0,0,3,1,4.4635,1,3,0.06,0,phishing
https://en.github.org/about,27,2,0,0,1,0,0,0,1,0,3.838,1,3,0.0,0,safe
http://cutt.ly/hquv606,22,1,3,0,0,0,0,0,0,0,3.6069,1,3,0.1364,1,phishing
https://www.figma.edu/products,30,2,0,0,1,0,0,0,1,0,4.0981,1,3,0.0,0,safe
https://help.un.io/docs/getting-started,39,2,0,1,1,0,0,0,1,0,4.0285,1,4,0.0,0,safe
https://www.irs.org/docs/getting-started,40,2,0,1,1,0,0,0,1,0,3.9276,1,4,0.0,0,safe
https://www.slack.io/help/contact,33,2,0,0,1,0,0,0,1,0,3.8471,1,4,0.0,0,safe
https://dhl-account.info/alert/login/recover/zto7ckdo?id=r8bsis40db,67,1,4,1,1,0,0,0,0,4,4.5788,3,6,0.0597,0,phishing
https://en.duolingo.com/en/home,31,2,0,0,1,0,0,0,1,0,3.8732,1,4,0.0,0,safe
https://coinbase2c-suspended.top/suspended/jqe06,48,1,3,1,1,0,0,0,0,1,4.1156,1,4,0.0625,0,phishing
https://www.cloudflare.net/help/contact,39,2,0,0,1,0,0,0,1,0,3.9872,1,4,0.0,0,safe
https://wellsfargo-alert.cf/authenticate/confirm/ym7swiz0?id=srph0q5ahz,71,1,4,1,1,0,0,0,0,3,4.6428,3,5,0.0563,0,phishing
https://184.102.139.132/google-webscr/amezyt.php,48,4,12,1,1,0,1,0,0,1,4.5378,1,4,0.25,0,phishing
http://outlook-webscr.ga/webscr/webscr/support-center/billing/bxx5n3gm?id=874sckinsy,84,1,5,2,0,0,0,0,0,3,4.6753,3,7,0.0595,0,phishing
https://en.stackoverflow.com/about,34,2,0,0,1,0,0,0,1,0,4.1829,1,3,0.0,0,safe
https://help.airbnb.edu/about?ref=23qo,38,2,2,0,1,0,0,0,1,0,4.379,3,3,0.0526,0,safe
https://wellsfargo-reset-password.top/secure/suspended/fc9r2hox?id=ghpwbumu2j,77,1,3,2,1,0,0,0,0,4,4.5267,3,5,0.039,0,phishing
https://amaz0n-recover.info/recover/qz4sq,41,1,2,1,1,0,0,0,0,1,4.266,1,4,0.0488,0,phishing
https://en.dropbox.edu/support/faq,34,2,0,0,1,0,0,0,1,1,3.9842,1,4,0.0,0,safe
https://docs.harvard.gov/news/latest,36,2,0,0,1,0,0,0,1,0,3.9823,1,4,0.0,0,safe
http://instagram-webscr.cf/unlock/account/wd8z3jj0?id=1l8fd2z232,64,1,9,1,0,0,0,0,0,3,4.84,3,5,0.1406,0,phishing
http://coinbasez3-webscr.ml/webscr/2127e,40,1,5,1,0,0,0,0,0,1,4.3653,1,4,0.125,0,phishing
http://outlook-unlock.cf/authenticate/suspended/signin/2iqn0fcb?id=7kqud7hq1t,77,1,5,1,0,0,0,0,0,4,4.5147,3,6,0.0649,0,phishing
http://paypal-secure.click/recover/secure/verify/g5pivab3?id=n3fmc2kkfg,71,1,4,1,0,0,0,0,0,5,4.5821,3,6,0.0563,0,phishing
http://apple-reset-password.gq/confirm/webscr/update/update/up9ooyyt?id=sms3sodosj,82,1,2,2,0,0,0,0,0,5,4.4771,3,7,0.0244,0,phishing
https://en.khanacademy.gov/products,35,2,0,0,1,0,0,0,1,0,4.2074,1,3,0.0,0,safe
http://ltkgx3pd.gle6uj4.sffs.zfmpfvwx.icloud.cf/confirm,55,5,3,0,0,0,0,0,4,1,4.5651,1,3,0.0545,0,phishing
https://www.spotify.io,22,2,0,0,1,0,0,0,1,0,3.4817,1,2,0.0,0,safe
https://www.figma.net/blog/2026/updates,39,2,4,0,1,0,0,0,1,1,4.3017,1,5,0.1026,0,safe
https://en.mozilla.gov/account/settings,39,2,0,0,1,0,0,0,1,1,4.0579,1,4,0.0,0,safe
http://facebookg3-billing.gq/billing/et7c8,42,1,3,1,0,0,0,0,0,1,4.2135,1,4,0.0714,0,phishing
https://who.gov/pricing,23,1,0,0,1,0,0,0,0,0,3.7951,1,3,0.0,0,safe
https://www.dropbox.com/account/settings?ref=0dts,49,2,1,0,1,0,0,0,1,1,4.3694,3,4,0.0204,0,safe
http://fedex-account.top/account/cqr5f,38,1,1,1,0,0,0,0,0,1,3.9854,1,4,0.0263,0,phishing
https://en.irs.gov/about,24,2,0,0,1,0,0,0,1,0,3.9387,1,3,0.0,0,safe
http://chase-recover.info/alert/suspended/ej67y1gf?id=iimkeqkuky,64,1,3,1,0,0,0,0,0,3,4.6659,3,5,0.0469,0,phishing
https://usps.org/careers,24,1,0,0,1,0,0,0,0,0,3.6054,1,3,0.0,0,safe
https://help.stackoverflow.io/blog/2026/updates,47,2,4,0,1,0,0,0,1,1,4.3923,1,5,0.0851,0,safe
http://c3qcyov.16v.jr3z.binance.click/billing,45,4,4,0,0,0,0,0,3,2,4.3835,1,3,0.0889,0,phishing
https://help.coursera.net/news/latest,37,2,0,0,1,0,0,0,1,0,3.7711,1,4,0.0,0,safe
https://docs.slack.org/pricing,30,2,0,0,1,0,0,0,1,0,3.9647,1,3,0.0,0,safe
https://www.python.io/docs/getting-started,42,2,0,1,1,0,0,0,1,0,4.0134,1,4,0.0,0,safe
http://31.218.110.40/bankofamerica-suspended/lmuzlh.php,55,4,10,1,0,0,1,0,0,1,4.6493,1,4,0.1818,0,phishing
https://bankofamerica5o-recover.click/recover/hgkii,51,1,1,1,1,0,0,0,0,2,4.2148,1,4,0.0196,0,phishing
https://help.coursera.net/pricing,33,2,0,0,1,0,0,0,1,0,3.9603,1,3,0.0,0,safe
https://b0nepvs.u28r.b4nhj.netflix.gq/support-center,52,4,4,1,1,0,0,0,3,1,4.4721,1,3,0.0769,0,phishing
https://en.duolingo.gov/?ref=7tgh,33,2,1,0,1,0,0,0,1,0,4.2256,3,3,0.0303,0,safe
http://23.232.172.185/facebook-reset-password/u8g6he.php,56,4,13,2,0,0,1,0,0,2,4.5391,1,4,0.2321,0,phishing
https://www.mit.io/about,24,2,0,0,1,0,0,0,1,0,3.6054,1,3,0.0,0,safe
http://167.249.167.200/outlook-billing/robi3p.php,49,4,13,1,0,0,1,0,0,1,4.3848,1,4,0.2653,0,phishing
https://binance-reset-password.xyz/billing/webscr/unlock/kldq2cvq?id=q5zw6mae93,79,1,5,2,1,0,0,0,0,5,4.8606,3,6,0.0633,0,phishing
http://bit.ly/dsapatu,21,1,0,0,0,0,0,0,0,0,3.5945,1,3,0.0,1,phishing
http://70.249.70.56/wellsfargo-billing/404nr8.php,49,4,13,1,0,0,1,0,0,1,4.5481,1,4,0.2653,0,phishing
http://150.224.191.131/chase-recover/5id1jo.php,47,4,14,1,0,0,1,0,0,1,4.3253,1,4,0.2979,0,phishing
http://187.169.28.186/instagram-reset-password/imq6ga.php,57,4,12,2,0,0,1,0,0,2,4.4466,1,4,0.2105,0,phishing
https://fu3ooo.o6n5c.p8sd.1s3yg.k37hjc3.zjr8cwk.fedex.ga/reset-password,71,7,10,1,1,0,0,0,6,2,4.6385,1,3,0.1408,0,phishing
https://www.reuters.org/docs/getting-started,44,2,0,1,1,0,0,0,1,0,3.933,1,4,0.0,0,safe
https://google-verify.cf/unlock/reset-password/webscr/ch3bmygb?id=e3wbcg2cy3,76,1,4,2,1,0,0,0,0,5,4.6274,3,6,0.0526,0,phishing
http://y1dst8.3hh87e.e7k52o.23s02.facebook.gq/billing,53,5,12,0,0,0,0,0,4,1,4.631,1,3,0.2264,0,phishing
https://mit.net/news/latest,27,1,0,0,1,0,0,0,0,0,3.4579,1,4,0.0,0,safe
https://www.coursera.net/account/settings,41,2,0,0,1,0,0,0,1,1,3.8812,1,4,0.0,0,safe
http://fedex-webscr.gq/secure/account/alert/bjc5xqjj?id=q99cft3y89,66,1,6,1,0,0,0,0,0,4,4.6632,3,6,0.0909,0,phishing
http://a8slp.jqlnt6ac.f3ith.vvpzgu8v.facebook.xyz/support-center,64,5,4,1,0,0,0,0,4,1,4.6678,1,3,0.0625,0,phishing
https://www.who.edu/careers,27,2,0,0,1,0,0,0,1,0,3.736,1,3,0.0,0,safe
http://225.156.63.15/microsoft-verify/97objl.php,48,4,12,1,0,0,1,0,0,1,4.5637,1,4,0.25,0,phishing
https://www.nytimes.io/careers?ref=obo1,39,2,1,0,1,0,0,0,1,0,4.2462,3,3,0.0256,0,safe
https://microsoftcf-account.top/account/zi9qb,45,1,1,1,1,0,0,0,0,1,4.0556,1,4,0.0222,0,phishing
https://www.who.net/support/faq,31,2,0,0,1,0,0,0,1,1,3.7686,1,4,0.0,0,safe
https://amazon-account.ml/recover/recover/ovnishk1?id=0zlc19uz0c,64,1,5,1,1,0,0,0,0,2,4.5234,3,5,0.0781,0,phishing
http://icloud-alert.cf/billing/secure/secure/r8o5ozof?id=wljhk4dyvo,67,1,3,1,0,0,0,0,0,3,4.6541,3,6,0.0448,0,phishing
https://en.irs.net/docs/getting-started,39,2,0,1,1,0,0,0,1,0,3.7878,1,4,0.0,0,safe
https://en.npr.org/careers,26,2,0,0,1,0,0,0,1,0,3.6424,1,3,0.0,0,safe
http://90y79.m3mi.7zck7s.0nxxwbej.fqw.umvx.apple.cf/unlock,58,7,8,0,0,0,0,0,6,1,4.6824,1,3,0.1379,0,phishing
https://paypal-suspended.info/update/update/support-center/signin/fo4dl1ey?id=5fy4l5djjs,88,1,5,2,1,0,0,0,0,5,4.4298,3,7,0.0568,0,phishing
https://apple2w-support-center.top/support-center/etq54,55,1,3,3,1,0,0,0,0,1,3.9673,1,4,0.0545,0,phishing
http://tinyurl.com/01kvcud,26,1,2,0,0,0,0,0,0,0,4.1808,1,3,0.0769,1,phishing
http://119.35.2.69/netflix-reset-password/rebd5r.php,52,4,9,2,0,0,1,0,0,2,4.4552,1,4,0.1731,0,phishing
https://www.bbc.net/en/home,27,2,0,0,1,0,0,0,1,0,3.634,1,4,0.0,0,safe
https://en.mozilla.org/docs/getting-started?ref=dx7a,52,2,1,1,1,0,0,0,1,0,4.392,3,4,0.0192,0,safe
https://en.mozilla.org/account/settings,39,2,0,0,1,0,0,0,1,1,4.0579,1,4,0.0,0,safe
https://help.nytimes.gov/support/faq,36,2,0,0,1,0,0,0,1,1,4.149,1,4,0.0,0,safe
http://ic10ud-unlock.gq/unlock/nzd3k,36,1,3,1,0,0,0,0,0,1,4.1972,1,4,0.0833,0,phishing
https://docs.mozilla.net/news/latest,36,2,0,0,1,0,0,0,1,0,3.9166,1,4,0.0,0,safe
http://bit.ly/qimvi5r,21,1,1,0,0,0,0,0,0,0,3.713,1,3,0.0476,1,phishing
https://nasa.com/,17,1,0,0,1,0,0,0,0,0,3.4548,1,3,0.0,0,safe
http://q39.k510.2u7f.942trkty.2ftqynv.microsoft.cf/authenticate,63,6,11,0,0,0,0,0,5,1,4.5439,1,3,0.1746,0,phishing
https://www.bbc.edu/pricing,27,2,0,0,1,0,0,0,1,0,3.9582,1,3,0.0,0,safe
http://hin62jsp.4cb5ds.xs9t0.qg11im.v05hjvxo.outlook.xyz/account,64,6,10,0,0,0,0,0,5,1,4.7421,1,3,0.1562,0,phishing
http://9zmfkqd.btt8fp.7hdhgrv.05z320ev.rzbg.cjg21t.usps.xyz/reset-password,74,7,10,1,0,0,0,0,6,2,4.7967,1,3,0.1351,0,phishing
http://chase-secure.top/secure/kp812,36,1,3,1,0,0,0,0,0,1,3.9302,1,4,0.0833,0,phishing
https://185.59.206.94/netflix-support-center/1x9jyb.php,55,4,12,2,1,0,1,0,0,1,4.6045,1,4,0.2182,0,phishing
http://cutt.ly/g2qq31v,22,1,3,0,0,0,0,0,0,0,3.7888,1,3,0.1364,1,phishing
http://paypa1-alert.info/alert/d4kag,36,1,2,1,0,0,0,0,0,1,4.1042,1,4,0.0556,0,phishing
https://google8n-reset-password.xyz/reset-password/9tr0h,56,1,3,3,1,0,0,0,0,2,4.2004,1,4,0.0536,0,phishing
https://help.dropbox.net/news/latest,36,2,0,0,1,0,0,0,1,0,3.8611,1,4,0.0,0,safe
https://www.npr.com,19,2,0,0,1,0,0,0,1,0,3.5766,1,2,0.0,0,safe
https://www.dropbox.net/news/latest,35,2,0,0,1,0,0,0,1,0,3.8402,1,4,0.0,0,safe
https://www.trello.org/blog/2026/updates,40,2,4,0,1,0,0,0,1,1,4.1251,1,5,0.1,0,safe
https://en.mozilla.gov/docs/getting-started?ref=zc2i,52,2,1,1,1,0,0,0,1,0,4.421,3,4,0.0192,0,safe
https://obar.dou0a8.5cyrp4x.ass3du9.dq4a.usps.ga/unlock,55,6,7,0,1,0,0,0,5,1,4.4405,1,3,0.1273,0,phishing
https://nationalgeographic.org/help/contact,43,1,0,0,1,0,0,0,0,0,3.8592,1,4,0.0,0,safe
https://nytimes.gov/support/faq?ref=sqlf,40,1,0,0,1,0,0,0,0,1,4.2842,3,4,0.0,0,safe
https://www.mozilla.edu/products,32,2,0,0,1,0,0,0,1,0,4.1167,1,3,0.0,0,safe
http://136.249.252.254/bankofamerica-verify/2u2rcw.php,54,4,14,1,0,0,1,0,0,1,4.6109,1,4,0.2593,0,phishing
http://instagram-account.top/secure/confirm/8pfputbh?id=sw02bylev8,66,1,4,1,0,0,0,0,0,3,4.6632,3,5,0.0606,0,phishing
http://is.gd/ys6zmid,20,1,1,0,0,0,0,0,0,0,3.6842,1,3,0.05,1,phishing
http://micr0s0ft-update.gq/update/b9nd6,39,1,4,1,0,0,0,0,0,1,4.3336,1,4,0.1026,0,phishing
https://help.usps.io/blog/2026/updates,38,2,4,0,1,0,0,0,1,1,4.0278,1,5,0.1053,0,safe
http://207.250.64.41/wellsfargo-reset-password/n4xa6n.php,57,4,12,2,0,0,1,0,0,2,4.5386,1,4,0.2105,0,phishing
http://fedex-authenticate.xyz/unlock/login/signin/billing/a4wy2tup?id=35czqjix0n,80,1,5,1,0,0,0,0,0,5,4.6896,3,7,0.0625,0,phishing
https://rb.gy/yoxi4pz,21,1,1,0,1,0,0,0,0,0,3.8802,1,3,0.0476,1,phishing
https://docs.un.edu/help/contact,32,2,0,0,1,0,0,0,1,0,3.7889,1,4,0.0,0,safe
https://www.nasa.edu/docs/getting-started?ref=tqd4,50,2,1,1,1,0,0,0,1,0,4.2606,3,4,0.02,0,safe
https://tinyurl.com/lz2eog4,27,1,2,0,1,0,0,0,0,0,4.2545,1,3,0.0741,1,phishing
https://159.95.94.26/dhl-confirm/ofbp81.php,43,4,11,1,1,0,1,0,0,1,4.4144,1,4,0.2558,0,phishing
https://amazonfj-signin.xyz/signin/x667m,40,1,3,1,1,0,0,0,0,1,4.1628,1,4,0.075,0,phishing
https://docs.reuters.net/docs/getting-started,45,2,0,1,1,0,0,0,1,0,3.8312,1,4,0.0,0,safe
https://docs.trello.org/about,29,2,0,0,1,0,0,0,1,0,3.8664,1,3,0.0,0,safe
https://bbc.org/help/contact,28,1,0,0,1,0,0,0,0,0,3.7804,1,4,0.0,0,safe
https://www.nytimes.io/pricing,30,2,0,0,1,0,0,0,1,0,3.8981,1,3,0.0,0,safe
https://5kp8.ewxk7u.r3u41n56.obvu.448ny2.b4tgcx.icloud.cf/secure,64,7,13,0,1,0,0,0,6,1,4.7262,1,3,0.2031,0,phishing
https://help.mit.io/docs/getting-started,40,2,0,1,1,0,0,0,1,0,3.974,1,4,0.0,0,safe
http://bankofamerica4a-billing.ga/billing/w2upw,47,1,2,1,0,0,0,0,0,1,4.289,1,4,0.0426,0,phishing
https://www.stackoverflow.org/about,35,2,0,0,1,0,0,0,1,0,4.0791,1,3,0.0,0,safe
http://66.56.202.106/amazon-unlock/iv9urj.php,45,4,11,1,0,0,1,0,0,1,4.4973,1,4,0.2444,0,phishing
https://stackoverflow.io/products?ref=flfl,42,1,0,0,1,0,0,0,0,0,4.2252,3,3,0.0,0,safe
http://paypal-login.gq/authenticate/alert/alert/suspended/q51fn289?id=1ymysyvpoo,80,1,6,1,0,0,0,0,0,5,4.61,3,7,0.075,0,phishing
https://en.coursera.gov/docs/getting-started,44,2,0,1,1,0,0,0,1,0,4.01,1,4,0.0,0,safe
http://rb.gy/8d70zj9,20,1,4,0,0,0,0,0,0,0,3.9842,1,3,0.2,1,phishing
https://docs.who.edu/pricing,28,2,0,0,1,0,0,0,1,0,3.9947,1,3,0.0,0,safe
https://help.stackoverflow.com,30,2,0,0,1,0,0,0,1,0,4.0566,1,2,0.0,0,safe
http://146.72.172.164/coinbase-recover/kngx0p.php,49,4,12,1,0,0,1,0,0,1,4.5227,1,4,0.2449,0,phishing
https://nasa.io/products,24,1,0,0,1,0,0,0,0,0,3.7406,1,3,0.0,0,safe
http://tinyurl.com/jhwsdep,26,1,0,0,0,0,0,0,0,0,4.1808,1,3,0.0,1,phishing
https://139.13.188.41/bankofamerica-alert/ecp050.php,52,4,13,1,1,0,1,0,0,1,4.5176,1,4,0.25,0,phishing
https://www.cloudflare.org/products,35,2,0,0,1,0,0,0,1,0,4.05,1,3,0.0,0,safe
http://coinbase-unlock.top/signin/support-center/alert/login/wfhqhozt?id=t24kgh86st,83,1,4,2,0,0,0,0,0,5,4.5699,3,7,0.0482,0,phishing
http://cutt.ly/y0sx6lq,22,1,2,0,0,0,0,0,0,0,3.6978,1,3,0.0909,1,phishing
https://help.wikipedia.edu/account/settings,43,2,0,0,1,0,0,0,1,1,4.0514,1,4,0.0,0,safe
http://208.7.67.139/usps-account/c04u4f.php,43,4,12,1,0,0,1,0,0,1,4.3038,1,4,0.2791,0,phishing
http://112.214.137.160/binance-webscr/lhk5s0.php,48,4,14,1,0,0,1,0,0,1,4.4783,1,4,0.2917,0,phishing
https://228.190.105.93/apple-verify/9tuu30.php,46,4,14,1,1,0,1,0,0,1,4.3524,1,4,0.3043,0,phishing
http://instagram-login.info/login/login/t6okqczv?id=i0eihy0t7f,62,1,4,1,0,0,0,0,0,1,4.4833,3,5,0.0645,0,phishing
http://bm0ot.2qvgiyh.p2dkknb.fedex.top/verify,45,4,3,0,0,0,0,0,3,1,4.3749,1,3,0.0667,0,phishing
http://k61.aj7.vgqp7.juvjapl8.vh8h7c.l7ncv.bankofamerica.cf/signin,66,7,8,0,0,0,0,0,6,1,4.5439,1,3,0.1212,0,phishing
https://khanacademy.org/en/home,31,1,0,0,1,0,0,0,0,0,3.9779,1,4,0.0,0,safe
http://apple-authenticate.cf/reset-password/reset-password/signin/deteh7sg?id=8sooz74vbi,88,1,4,3,0,0,0,0,0,4,4.4405,3,6,0.0455,0,phishing
https://figma.edu/en/home,25,1,0,0,1,0,0,0,0,0,3.8937,1,4,0.0,0,safe
https://en.stackoverflow.org/en/home,36,2,0,0,1,0,0,0,1,0,4.0934,1,4,0.0,0,safe
http://paypal-update.cf/reset-password/billing/secure/l9r2zdpy?id=2aispyuitc,76,1,3,2,0,0,0,0,0,6,4.4654,3,6,0.0395,0,phishing
http://14.48.246.129/netflix-account/1vvbui.php,47,4,11,1,0,0,1,0,0,1,4.4426,1,4,0.234,0,phishing
http://amazon-secure.cf/suspended/recover/94xwd6lw?id=4iolmaa4a9,64,1,6,1,0,0,0,0,0,3,4.6171,3,5,0.0938,0,phishing
https://cutt.ly/fbm9wn4,23,1,2,0,1,0,0,0,0,0,3.969,1,3,0.087,1,phishing
https://coinbase-signin.click/confirm/suspended/login/billing/kga2idlh?id=4c4ut7wms0,84,1,5,1,1,0,0,0,0,6,4.5171,3,7,0.0595,0,phishing
http://pgkngu.vcu2c.if74o.rrqctx6.ngetet4.gjo.outlook.xyz/support-center,72,7,5,1,0,0,0,0,6,1,4.4662,1,3,0.0694,0,phishing
https://en.wikipedia.io,23,2,0,0,1,0,0,0,1,0,3.741,1,2,0.0,0,safe
https://help.python.edu/en/home,31,2,0,0,1,0,0,0,1,0,3.6797,1,4,0.0,0,safe
https://en.mozilla.edu/docs/getting-started,43,2,0,1,1,0,0,0,1,0,4.1467,1,4,0.0,0,safe
http://pqf.9gi09.iyx8oul.chase.click/signin,43,4,4,0,0,0,0,0,3,2,4.377,1,3,0.093,0,phishing
https://help.irs.net/news/latest,32,2,0,0,1,0,0,0,1,0,3.5747,1,4,0.0,0,safe
https://docs.spotify.org/en/home,32,2,0,0,1,0,0,0,1,0,3.9528,1,4,0.0,0,safe
https://docs.trello.edu/products,32,2,0,0,1,0,0,0,1,0,3.7181,1,3,0.0,0,safe
https://www.python.io/support/faq,33,2,0,0,1,0,0,0,1,1,3.8471,1,4,0.0,0,safe
http://faceb00k-account.cf/account/98yke,40,1,4,1,0,0,0,0,0,1,4.0653,1,4,0.1,0,phishing
https://docs.usps.org/products,30,2,0,0,1,0,0,0,1,0,3.5526,1,3,0.0,0,safe
https://docs.mozilla.io/careers,31,2,0,0,1,0,0,0,1,0,3.9779,1,3,0.0,0,safe
http://we11sfarg0-verify.xyz/verify/mxclq,41,1,3,1,0,0,0,0,0,1,4.4546,1,4,0.0732,0,phishing
https://en.un.org/,18,2,0,0,1,0,0,0,1,0,3.5724,1,3,0.0,0,safe
http://app1e-webscr.click/webscr/xfbcb,38,1,1,1,0,0,0,0,0,2,4.0606,1,4,0.0263,0,phishing
https://notion.org,18,1,0,0,1,0,0,0,0,0,3.4194,1,2,0.0,0,safe
http://032.nd39bpnq.9zkd4v.hfm9.apple.ga/confirm,48,5,8,0,0,0,0,0,4,1,4.5876,1,3,0.1667,0,phishing
http://dhl-signin.gq/account/billing/secure/ik4l5xkh?id=wk5jpehros,66,1,3,1,0,0,0,0,0,4,4.5967,3,6,0.0455,0,phishing
https://docs.dropbox.io/,24,2,0,0,1,0,0,0,1,0,3.6368,1,3,0.0,0,safe
http://unb0c05.qall68.63ruw.pv8.instagram.click/support-center,62,5,8,1,0,0,0,0,4,2,4.6156,1,3,0.129,0,phishing
https://120.225.195.196/binance-secure/gj5650.php,49,4,16,1,1,0,1,0,0,1,4.4102,1,4,0.3265,0,phishing
https://help.usps.gov/products?ref=l9tk,39,2,1,0,1,0,0,0,1,0,4.1891,3,3,0.0256,0,safe
https://en.reuters.net/support/faq,34,2,0,0,1,0,0,0,1,1,3.6794,1,4,0.0,0,safe
https://www.nytimes.net/products,32,2,0,0,1,0,0,0,1,0,3.9414,1,3,0.0,0,safe
http://facebook-account.info/update/recover/suspended/6b9vgmng?id=o8ccr8okef,76,1,4,1,0,0,0,0,0,4,4.5098,3,6,0.0526,0,phishing
http://apple-alert.gq/billing/billing/reset-password/update/slqr0zpc?id=ccqwn9br98,82,1,4,2,0,0,0,0,0,5,4.5066,3,7,0.0488,0,phishing
https://harvard.org/careers,27,1,0,0,1,0,0,0,0,0,3.6764,1,3,0.0,0,safe
https://en.usps.org/en/home,27,2,0,0,1,0,0,0,1,0,3.6619,1,4,0.0,0,safe
https://39.125.213.132/netflix-confirm/769g8n.php,49,4,15,1,1,0,1,0,0,1,4.5427,1,4,0.3061,0,phishing
https://bit.ly/jshbsfx,22,1,0,0,1,0,0,0,0,0,3.6292,1,3,0.0,1,phishing
http://netflix1a-reset-password.cf/reset-password/llbl0,55,1,2,3,0,0,0,0,0,2,4.236,1,4,0.0364,0,phishing
https://www.nasa.io/en/home,27,2,0,0,1,0,0,0,1,0,3.6899,1,4,0.0,0,safe
https://notion.edu/help/contact,31,1,0,0,1,0,0,0,0,0,3.7568,1,4,0.0,0,safe
https://en.spotify.edu/about,28,2,0,0,1,0,0,0,1,0,3.9233,1,3,0.0,0,safe
http://d55.23jjkj1t.fuppca.5ai3.d4041.p8cugqwp.bankofamerica.gq/webscr,70,7,12,0,0,0,0,0,6,1,4.7308,1,3,0.1714,0,phishing
https://bit.ly/yga7vp3,22,1,2,0,1,0,0,0,0,0,3.8454,1,3,0.0909,1,phishing
https://docs.notion.org,23,2,0,0,1,0,0,0,1,0,3.6212,1,2,0.0,0,safe
https://bankofamerica-update.tk/signin/webscr/account/alert/3u0a1bth?id=61yaxyzgf9,82,1,6,1,1,0,0,0,0,5,4.7439,3,7,0.0732,0,phishing
https://130.169.149.248/binance-signin/vl3rfe.php,49,4,13,1,1,0,1,0,0,1,4.5481,1,4,0.2653,0,phishing
https://airbnb.io/docs/getting-started,38,1,0,1,1,0,0,0,0,0,3.9579,1,4,0.0,0,safe
https://nytimes.edu/help/contact,32,1,0,0,1,0,0,0,0,0,3.9261,1,4,0.0,0,safe
https://who.net/en/home,23,1,0,0,1,0,0,0,0,0,3.3816,1,4,0.0,0,safe
https://en.coursera.gov/en/home,31,2,0,0,1,0,0,0,1,0,3.8976,1,4,0.0,0,safe
https://en.nationalgeographic.com/support/faq,45,2,0,0,1,0,0,0,1,1,4.1417,1,4,0.0,0,safe
https://www.coursera.gov/help/contact,37,2,0,0,1,0,0,0,1,0,4.0131,1,4,0.0,0,safe
https://docs.stackoverflow.io/en/home,37,2,0,0,1,0,0,0,1,0,4.1318,1,4,0.0,0,safe
https://netflixbj-recover.gq/recover/zbycs,42,1,0,1,1,0,0,0,0,1,4.318,1,4,0.0,0,phishing
https://www.slack.org/news/latest,33,2,0,0,1,0,0,0,1,0,3.8323,1,4,0.0,0,safe
https://usps.edu,16,1,0,0,1,0,0,0,0,0,3.2028,1,2,0.0,0,safe
https://www.harvard.edu/account/settings,40,2,0,0,1,0,0,0,1,1,4.0751,1,4,0.0,0,safe
http://ztth1a.ml89.a4abufc.outlook.ga/authenticate,50,4,4,0,0,0,0,0,3,1,4.1933,1,3,0.08,0,phishing
https://dhl-secure.tk/verify/signin/lidwpikc?id=8pwyd77bs1,58,1,4,1,1,0,0,0,0,3,4.5583,3,5,0.069,0,phishing
https://usps.com/products,25,1,0,0,1,0,0,0,0,0,3.5133,1,3,0.0,0,safe
http://rb.gy/1t9hrof,20,1,2,0,0,0,0,0,0,0,3.6464,1,3,0.1,1,phishing
https://instagram-reset-password.click/verify/signin/confirm/secure/4ecvytcb?id=02tgx7y5ui,90,1,5,2,1,0,0,0,0,7,4.674,3,7,0.0556,0,phishing
http://tinyurl.com/vyr5e6x,26,1,2,0,0,0,0,0,0,0,4.1808,1,3,0.0769,1,phishing
https://docs.mit.io/help/contact,32,2,0,0,1,0,0,0,1,0,3.7775,1,4,0.0,0,safe
https://en.nytimes.com/products,31,2,0,0,1,0,0,0,1,0,3.9378,1,3,0.0,0,safe
http://rb.gy/gre18l0,20,1,3,0,0,0,0,0,0,0,3.7842,1,3,0.15,1,phishing
https://ep5m.n0m.zv5l5z31.545xnx9.entf5q.usps.ml/reset-password,63,6,11,1,1,0,0,0,5,2,4.5044,1,3,0.1746,0,phishing
http://applevi-confirm.click/confirm/v02gv,42,1,2,1,0,0,0,0,0,2,4.2611,1,4,0.0476,0,phishing
http://qnf2ifdr.nee7y3.e85.nwbutsx.mg9gogj.s2a5m.fedex.top/verify,65,7,8,0,0,0,0,0,6,1,4.6774,1,3,0.1231,0,phishing
https://cutt.ly/3cn0jyo,23,1,2,0,1,0,0,0,0,0,3.7951,1,3,0.087,1,phishing
https://dhl9w-suspended.info/suspended/paj2x,44,1,2,1,1,0,0,0,0,1,4.1418,1,4,0.0455,0,phishing
https://www.bbc.gov/blog/2026/updates,37,2,4,0,1,0,0,0,1,1,4.1858,1,5,0.1081,0,safe
https://en.nasa.io,18,2,0,0,1,0,0,0,1,0,3.5033,1,2,0.0,0,safe
http://coinbase-login.click/update/recover/phfq8pc4?id=r8ka5n0vgf,65,1,5,1,0,0,0,0,0,4,4.684,3,5,0.0769,0,phishing
https://122.67.64.143/outlook-unlock/s5vi64.php,47,4,13,1,1,0,1,0,0,1,4.3414,1,4,0.2766,0,phishing
http://rb.gy/jo4h26b,20,1,3,0,0,0,0,0,0,0,3.7842,1,3,0.15,1,phishing
https://help.khanacademy.net/help/contact,41,2,0,0,1,0,0,0,1,0,3.8484,1,4,0.0,0,safe
https://paypalyg-billing.ga/billing/9gxdg,41,1,1,1,1,0,0,0,0,2,3.8788,1,4,0.0244,0,phishing
https://www.bbc.gov/about,25,2,0,0,1,0,0,0,1,0,3.7231,1,3,0.0,0,safe
https://www.spotify.edu/about,29,2,0,0,1,0,0,0,1,0,3.9094,1,3,0.0,0,safe
https://help.irs.gov/help/contact?ref=d4g7,42,2,2,0,1,0,0,0,1,0,4.3384,3,4,0.0476,0,safe
http://ic10ud-confirm.ga/confirm/n57gp,38,1,4,1,0,0,0,0,0,1,4.2936,1,4,0.1053,0,phishing
https://bit.ly/4x0vpdb,22,1,2,0,1,0,0,0,0,0,3.8454,1,3,0.0909,1,phishing
http://ndw424.1h4.yx1.zz30s.y7p.microsoft.cf/confirm,52,6,9,0,0,0,0,0,5,1,4.4689,1,3,0.1731,0,phishing
https://is.gd/0282rtk,21,1,4,0,1,0,0,0,0,0,3.749,1,3,0.1905,1,phishing
http://100.242.240.139/microsoft-authenticate/xa4edw.php,56,4,13,1,0,0,1,0,0,1,4.5075,1,4,0.2321,0,phishing
http://pd3b0vq7.uog.cii2tp.dn2l.coinbase.click/webscr,53,5,5,0,0,0,0,0,4,2,4.5159,1,3,0.0943,0,phishing
https://en.wikipedia.io/account/settings,40,2,0,0,1,0,0,0,1,1,3.9348,1,4,0.0,0,safe
https://duolingo.net/products,29,1,0,0,1,0,0,0,0,0,3.9094,1,3,0.0,0,safe
https://www.spotify.gov/blog/2026/updates,41,2,4,0,1,0,0,0,1,1,4.269,1,5,0.0976,0,safe
http://netflixpu-unlock.ml/unlock/569g0,39,1,4,1,0,0,0,0,0,1,4.3043,1,4,0.1026,0,phishing
https://mozilla.com/support/faq,31,1,0,0,1,0,0,0,0,1,3.9779,1,4,0.0,0,safe
https://en.reuters.io/products,30,2,0,0,1,0,0,0,1,0,3.7396,1,3,0.0,0,safe
https://docs.trello.net,23,2,0,0,1,0,0,0,1,0,3.654,1,2,0.0,0,safe
https://ff1pq.ocogdgy0.y1lj.rxutesa.v3yjkwe.a6t.netflix.gq/unlock,65,7,5,0,1,0,0,0,6,1,4.6909,1,3,0.0769,0,phishing
https://help.nasa.org/news/latest,33,2,0,0,1,0,0,0,1,0,3.7259,1,4,0.0,0,safe
https://228.149.128.237/google-alert/bzi7ec.php,47,4,13,1,1,0,1,0,0,1,4.4426,1,4,0.2766,0,phishing
https://www.mozilla.io/docs/getting-started,43,2,0,1,1,0,0,0,1,0,4.1581,1,4,0.0,0,safe
https://en.github.org/help/contact,34,2,0,0,1,0,0,0,1,0,3.9591,1,4,0.0,0,safe
https://help.stackoverflow.edu/blog/2026/updates,48,2,4,0,1,0,0,0,1,1,4.3635,1,5,0.0833,0,safe
http://amazong5-authenticate.ml/authenticate/n8ydf,50,1,2,1,0,0,0,0,0,1,4.1186,1,4,0.04,0,phishing
https://www.github.io/account/settings,38,2,0,0,1,0,0,0,1,1,3.8854,1,4,0.0,0,safe
https://icloud-billing.tk/signin/suspended/webscr/4j72e1be?id=ftenhpwkn0,72,1,5,1,1,0,0,0,0,4,4.56,3,6,0.0694,0,phishing
https://en.notion.net?ref=o3hh,30,2,1,0,1,0,0,0,1,0,3.7647,3,2,0.0333,0,safe
https://www.stackoverflow.com/docs/getting-started,50,2,0,1,1,0,0,0,1,0,4.2206,1,4,0.0,0,safe
http://z3ofmgjh.eltm.yyyih.ylfv.rqay.netflix.tk/confirm,55,6,1,0,0,0,0,0,5,1,4.354,1,3,0.0182,0,phishing
http://cutt.ly/71wofrn,22,1,2,0,0,0,0,0,0,0,3.8797,1,3,0.0909,1,phishing
https://figma.edu/account/settings,34,1,0,0,1,0,0,0,0,1,3.9591,1,4,0.0,0,safe
http://fedex1l-confirm.cf/confirm/8h6nk,39,1,3,1,0,0,0,0,0,1,4.2723,1,4,0.0769,0,phishing
http://24.241.250.124/dhl-billing/qfr0wx.php,44,4,12,1,0,0,1,0,0,1,4.2999,1,4,0.2727,0,phishing
https://34.9.125.88/usps-verify/icqzd3.php,42,4,9,1,1,0,1,0,0,1,4.4696,1,4,0.2143,0,phishing
https://coinbase9y-support-center.click/support-center/9t746,60,1,5,3,1,0,0,0,0,2,4.2611,1,4,0.0833,0,phishing
https://www.un.net/docs/getting-started,39,2,0,1,1,0,0,0,1,0,3.9349,1,4,0.0,0,safe
https://en.khanacademy.edu/products?ref=i8mi,44,2,1,0,1,0,0,0,1,0,4.3908,3,3,0.0227,0,safe
https://help.wikipedia.org/careers,34,2,0,0,1,0,0,0,1,0,3.9987,1,3,0.0,0,safe
https://help.airbnb.io/help/contact,35,2,0,0,1,0,0,0,1,0,3.8861,1,4,0.0,0,safe
https://www.github.edu/?ref=ze84,32,2,2,0,1,0,0,0,1,0,4.2181,3,3,0.0625,0,safe
https://usps-secure.ml/secure/secure/billing/secure/avm38j8z?id=74kjdma3ed,74,1,6,1,1,0,0,0,0,2,4.5005,3,7,0.0811,0,phishing
https://nationalgeographic.gov/support/faq,42,1,0,0,1,0,0,0,0,1,4.0886,1,4,0.0,0,safe
https://docs.cloudflare.gov,27,2,0,0,1,0,0,0,1,0,4.0603,1,2,0.0,0,safe
https://github.edu/en/home?ref=g0tr,35,1,1,0,1,0,0,0,0,0,4.1363,3,4,0.0286,0,safe
https://www.khanacademy.com/careers,35,2,0,0,1,0,0,0,1,0,4.0144,1,3,0.0,0,safe
https://stackoverflow.edu/pricing,33,1,0,0,1,0,0,0,0,0,4.332,1,3,0.0,0,safe
https://docs.harvard.io/pricing,31,2,0,0,1,0,0,0,1,0,3.9134,1,3,0.0,0,safe
https://www.usps.net/,21,2,0,0,1,0,0,0,1,0,3.2961,1,3,0.0,0,safe
https://en.figma.net/?ref=ized,30,2,0,0,1,0,0,0,1,0,4.0566,3,3,0.0,0,safe
http://usps-webscr.click/authenticate/authenticate/ifmjxd70?id=l808uysnt2,73,1,6,1,0,0,0,0,0,3,4.5668,3,5,0.0822,0,phishing
https://docs.mit.org/about,26,2,0,0,1,0,0,0,1,0,3.8731,1,3,0.0,0,safe
http://amaz0n-confirm.click/confirm/qfa0z,41,1,2,1,0,0,0,0,0,2,4.1435,1,4,0.0488,0,phishing
https://ov424.57xirv6o.e86m2s.8kmyc.irrua.coinbase.ga/update,60,6,10,0,1,0,0,0,5,1,4.6603,1,3,0.1667,0,phishing
https://www.slack.org/blog/2026/updates?ref=koj8,48,2,5,0,1,0,0,0,1,1,4.5719,3,5,0.1042,0,safe
http://netf1ix-unlock.cf/unlock/59lbt,37,1,3,1,0,0,0,0,0,1,4.1753,1,4,0.0811,0,phishing
http://binance-authenticate.cf/authenticate/mws8l,49,1,1,1,0,0,0,0,0,1,3.9264,1,4,0.0204,0,phishing
http://microsoftib-authenticate.info/authenticate/brisj,55,1,0,1,0,0,0,0,0,1,4.0167,1,4,0.0,0,phishing
http://dh1-billing.ga/billing/grfzf,35,1,1,1,0,0,0,0,0,1,3.9293,1,4,0.0286,0,phishing
https://en.npr.io/careers?ref=jwv3,34,2,1,0,1,0,0,0,1,0,4.1829,3,3,0.0294,0,safe
https://docs.harvard.org/pricing,32,2,0,0,1,0,0,0,1,0,3.9139,1,3,0.0,0,safe
https://docs.github.com/careers,31,2,0,0,1,0,0,0,1,0,4.0181,1,3,0.0,0,safe
https://apple75-reset-password.cf/reset-password/hcitk,54,1,2,3,1,0,0,0,0,2,4.0884,1,4,0.037,0,phishing
http://135.193.83.227/usps-alert/4dtngp.php,43,4,12,1,0,0,1,0,0,1,4.3015,1,4,0.2791,0,phishing
https://npr.edu/news/latest,27,1,0,0,1,0,0,0,0,0,3.6619,1,4,0.0,0,safe
https://97.105.207.23/dhl-reset-password/st1yx7.php,51,4,12,2,1,0,1,0,0,2,4.3564,1,4,0.2353,0,phishing
https://help.python.edu/careers,31,2,0,0,1,0,0,0,1,0,3.889,1,3,0.0,0,safe
https://facebook-update.gq/support-center/account/hpy3ug0t?id=rhumjh9bgg,72,1,3,2,1,0,0,0,0,3,4.5867,3,5,0.0417,0,phishing
http://facebook-update.xyz/account/support-center/343fmx80?id=hzbdfnghp5,72,1,6,2,0,0,0,0,0,3,4.7358,3,5,0.0833,0,phishing
https://130.218.250.97/fedex-recover/7cqmqj.php,47,4,12,1,1,0,1,0,0,1,4.5598,1,4,0.2553,0,phishing
http://cutt.ly/0dfcbz2,22,1,2,0,0,0,0,0,0,0,3.7888,1,3,0.0909,1,phishing
https://bbc.edu/about,21,1,0,0,1,0,0,0,0,0,3.6178,1,3,0.0,0,safe
https://docs.nasa.gov/pricing,29,2,0,0,1,0,0,0,1,0,3.9094,1,3,0.0,0,safe
https://docs.irs.gov/support/faq,32,2,0,0,1,0,0,0,1,1,3.9292,1,4,0.0,0,safe
http://83.205.52.64/outlook-support-center/kt3c3m.php,53,4,11,2,0,0,1,0,0,1,4.3341,1,4,0.2075,0,phishing
http://wellsfargo-verify.ml/login/support-center/signin/velnqnpu?id=o13x2452nq,78,1,6,2,0,0,0,0,0,4,4.7021,3,6,0.0769,0,phishing
http://bit.ly/34dz5pz,21,1,3,0,0,0,0,0,0,0,3.749,1,3,0.1429,1,phishing
https://github.org/about,24,1,0,0,1,0,0,0,0,0,3.6368,1,3,0.0,0,safe
https://help.github.net/careers,31,2,0,0,1,0,0,0,1,0,3.8732,1,3,0.0,0,safe
http://paypa1-alert.cf/alert/ymhqi,34,1,1,1,0,0,0,0,0,1,3.9476,1,4,0.0294,0,phishing
http://g00g1e-unlock.cf/unlock/z466o,36,1,6,1,0,0,0,0,0,1,4.2391,1,4,0.1667,0,phishing
http://15.109.147.211/binance-login/03yolr.php,46,4,13,1,0,0,1,0,0,1,4.4557,1,4,0.2826,0,phishing
http://203.51.20.156/facebook-secure/7redvb.php,47,4,11,1,0,0,1,0,0,1,4.5173,1,4,0.234,0,phishing
http://cutt.ly/7kro96r,22,1,3,0,0,0,0,0,0,0,3.7888,1,3,0.1364,1,phishing
https://www.nationalgeographic.io/news/latest,45,2,0,0,1,0,0,0,1,0,3.95,1,4,0.0,0,safe
https://help.usps.org/docs/getting-started?ref=90pn,51,2,2,1,1,0,0,0,1,0,4.2875,3,4,0.0392,0,safe
http://usps-billing.xyz/billing/8dxnm,37,1,1,1,0,0,0,0,0,1,4.108,1,4,0.027,0,phishing
http://mae2o.f15gu1dw.2dxilqt.fedex.ml/reset-password,53,4,5,1,0,0,0,0,3,2,4.4615,1,3,0.0943,0,phishing
http://wellsfargoos-login.ga/login/1z9d0,40,1,3,1,0,0,0,0,0,1,4.2719,1,4,0.075,0,phishing
http://vxe0.fw0zm.mym.60t6.google.info/update,45,5,5,0,0,0,0,0,4,1,4.35,1,3,0.1111,0,phishing
https://help.dropbox.com/pricing,32,2,0,0,1,0,0,0,1,0,4.0778,1,3,0.0,0,safe
https://www.irs.net/about?ref=6h77,34,2,3,0,1,0,0,0,1,0,4.2195,3,3,0.0882,0,safe
http://84pftnfu.eqo.480kga.fedex.click/verify,45,4,5,0,0,0,0,0,3,2,4.4805,1,3,0.1111,0,phishing
https://mozilla.edu/careers,27,1,0,0,1,0,0,0,0,0,4.0323,1,3,0.0,0,safe
https://docs.npr.edu/pricing?ref=l18y,37,2,2,0,1,0,0,0,1,0,4.3915,3,3,0.0541,0,safe
https://en.usps.gov/products?ref=a6ji,37,2,1,0,1,0,0,0,1,0,4.3374,3,3,0.027,0,safe
http://24.156.183.152/apple-signin/zi1rlk.php,45,4,12,1,0,0,1,0,0,1,4.3282,1,4,0.2667,0,phishing
https://docs.usps.org/support/faq,33,2,0,0,1,0,0,0,1,1,3.7377,1,4,0.0,0,safe
https://docs.figma.net/docs/getting-started,43,2,0,1,1,0,0,0,1,0,3.9864,1,4,0.0,0,safe
https://docs.github.com/support/faq,35,2,0,0,1,0,0,0,1,1,4.036,1,4,0.0,0,safe
https://bit.ly/snoy2v3,22,1,2,0,1,0,0,0,0,0,3.8454,1,3,0.0909,1,phishing
https://en.khanacademy.io/help/contact,38,2,0,0,1,0,0,0,1,0,3.9579,1,4,0.0,0,safe
http://amazon-alert.info/secure/support-center/unlock/alert/14lccbwi?id=fqgd4a3h1p,82,1,5,2,0,0,0,0,0,4,4.6379,3,7,0.061,0,phishing
https://help.dropbox.org/blog/2026/updates,42,2,4,0,1,0,0,0,1,1,4.1455,1,5,0.0952,0,safe
https://www.stackoverflow.gov/help/contact,42,2,0,0,1,0,0,0,1,0,4.0503,1,4,0.0,0,safe
https://3xtf.u1x.43df.wykyz8f8.coinbase.tk/unlock,49,5,6,0,1,0,0,0,4,1,4.5561,1,3,0.1224,0,phishing
https://docs.nationalgeographic.io/account/settings,51,2,0,0,1,0,0,0,1,1,3.9494,1,4,0.0,0,safe
http://dhl-verify.tk/recover/suspended/reset-password/verify/0nv4zpn6?id=hlmutmn1cz,83,1,4,2,0,0,0,0,0,5,4.622,3,7,0.0482,0,phishing
https://docs.mozilla.gov/account/settings,41,2,0,0,1,0,0,0,1,1,4.0804,1,4,0.0,0,safe
http://bit.ly/kd4o291,21,1,4,0,0,0,0,0,0,0,3.9395,1,3,0.1905,1,phishing
http://49.96.99.204/usps-update/fsdp9s.php,42,4,10,1,0,0,1,0,0,1,3.8715,1,4,0.2381,0,phishing
https://help.wikipedia.io/about,31,2,0,0,1,0,0,0,1,0,3.9134,1,3,0.0,0,safe
https://slack.org/careers,25,1,0,0,1,0,0,0,0,0,3.7533,1,3,0.0,0,safe
http://micr0s0ft-login.gq/login/tjq74,37,1,4,1,0,0,0,0,0,1,4.2497,1,4,0.1081,0,phishing
https://tinyurl.com/zwj27kw,27,1,2,0,1,0,0,0,0,0,4.3286,1,3,0.0741,1,phishing
https://en.who.io/support/faq,29,2,0,0,1,0,0,0,1,1,3.8833,1,4,0.0,0,safe
https://www.figma.com/en/home,29,2,0,0,1,0,0,0,1,0,3.9094,1,4,0.0,0,safe
https://icloudqn-account.ga/account/o5ycn,41,1,1,1,1,0,0,0,0,1,3.9668,1,4,0.0244,0,phishing
http://netflix-update.ml/suspended/confirm/unlock/update/mw4h19j0?id=hegs3ykb2n,79,1,6,1,0,0,0,0,0,4,4.7878,3,7,0.0759,0,phishing
https://docs.usps.gov/pricing,29,2,0,0,1,0,0,0,1,0,3.8404,1,3,0.0,0,safe
http://jxwph2v.aqzg1.so8.dhl.top/suspended,42,4,3,0,0,0,0,0,3,1,4.3501,1,3,0.0714,0,phishing
http://cutt.ly/egxauiv,22,1,0,0,0,0,0,0,0,0,3.7888,1,3,0.0,1,phishing
https://applej4-billing.tk/billing/0ub2z,40,1,3,1,1,0,0,0,0,1,4.1751,1,4,0.075,0,phishing
https://help.github.org/support/faq,35,2,0,0,1,0,0,0,1,1,3.9649,1,4,0.0,0,safe
https://www.stackoverflow.net,29,2,0,0,1,0,0,0,1,0,3.9614,1,2,0.0,0,safe
https://docs.nytimes.org/,25,2,0,0,1,0,0,0,1,0,3.9133,1,3,0.0,0,safe
https://docs.notion.gov/,24,2,0,0,1,0,0,0,1,0,3.6054,1,3,0.0,0,safe
https://189.127.243.253/fedex-verify/g0jptf.php,47,4,13,1,1,0,1,0,0,1,4.5116,1,4,0.2766,0,phishing
https://docs.usps.net/careers,29,2,0,0,1,0,0,0,1,0,3.6899,1,3,0.0,0,safe
https://outlookyu-account.gq/account/b18e2,42,1,3,1,1,0,0,0,0,1,4.1728,1,4,0.0714,0,phishing
http://bankofamericajw-update.top/update/6uk6l,46,1,2,1,0,0,0,0,0,1,4.2903,1,4,0.0435,0,phishing
https://khanacademy.org/blog/2026/updates,41,1,4,0,1,0,0,0,0,1,4.3731,1,5,0.0976,0,safe
https://docs.harvard.net/en/home,32,2,0,0,1,0,0,0,1,0,3.8667,1,4,0.0,0,safe
https://usps.com/en/home?ref=pfkd,33,1,0,0,1,0,0,0,0,0,4.0667,3,4,0.0,0,safe
https://help.reuters.io/support/faq,35,2,0,0,1,0,0,0,1,1,3.8074,1,4,0.0,0,safe
https://docs.figma.org/support/faq?ref=cut6,43,2,1,0,1,0,0,0,1,1,4.2687,3,4,0.0233,0,safe
http://itl.jc9vuamg.gxvw.xlre2h1.vunych.apple.gq/confirm,56,6,3,0,0,0,0,0,5,1,4.5654,1,3,0.0536,0,phishing
https://www.npr.io/news/latest,30,2,0,0,1,0,0,0,1,0,3.6817,1,4,0.0,0,safe
http://fedex-signin.ga/signin/rccuo,35,1,0,1,0,0,0,0,0,1,4.0791,1,4,0.0,0,phishing
https://www.nationalgeographic.io/help/contact,46,2,0,0,1,0,0,0,1,0,3.9553,1,4,0.0,0,safe
http://7dlswu5e.yl3.nvgsi.0mi5djn.3qc.chase.ga/confirm,54,6,6,0,0,0,0,0,5,1,4.657,1,3,0.1111,0,phishing
https://en.github.io/news/latest,32,2,0,0,1,0,0,0,1,0,3.84,1,4,0.0,0,safe
http://app1e-alert.info/alert/9kkw7,35,1,3,1,0,0,0,0,0,1,4.0931,1,4,0.0857,0,phishing
http://is.gd/g2yxgbu,20,1,1,0,0,0,0,0,0,0,3.7464,1,3,0.05,1,phishing
https://www.trello.net/account/settings?ref=vp8h,48,2,1,0,1,0,0,0,1,1,4.2534,3,4,0.0208,0,safe
http://rb.gy/9mxqztz,20,1,1,0,0,0,0,0,0,0,3.7464,1,3,0.05,1,phishing
https://en.stackoverflow.org/about?ref=gk23,43,2,2,0,1,0,0,0,1,0,4.4434,3,3,0.0465,0,safe
https://www.slack.io/careers,28,2,0,0,1,0,0,0,1,0,3.8693,1,3,0.0,0,safe
https://www.python.edu/docs/getting-started,43,2,0,1,1,0,0,0,1,0,4.0618,1,4,0.0,0,safe
http://fedex-confirm.gq/verify/suspended/login/ygtovrot?id=h6jtwu2s0s,69,1,3,1,0,0,0,0,0,4,4.6629,3,6,0.0435,0,phishing
https://65.63.4.39/usps-authenticate/hfyz2o.php,47,4,8,1,1,0,1,0,0,1,4.3128,1,4,0.1702,0,phishing
https://help.duolingo.edu/about?ref=2trd,40,2,1,0,1,0,0,0,1,0,4.2776,3,3,0.025,0,safe
https://58.201.130.124/paypal-account/owf800.php,48,4,14,1,1,0,1,0,0,2,4.3376,1,4,0.2917,0,phishing
http://4smjw.hq3.73uneia.outlook.top/suspended,46,4,4,0,0,0,0,0,3,1,4.3111,1,3,0.087,0,phishing
https://docs.trello.gov/en/home?ref=va05,40,2,2,0,1,0,0,0,1,0,4.3031,3,4,0.05,0,safe
http://115.209.114.238/google-recover/rdzx2v.php,48,4,13,1,0,0,1,0,0,1,4.423,1,4,0.2708,0,phishing
http://paypaldi-confirm.tk/confirm/5c2p4,40,1,3,1,0,0,0,0,0,2,4.2653,1,4,0.075,0,phishing
https://help.github.gov/,24,2,0,0,1,0,0,0,1,0,3.7406,1,3,0.0,0,safe
http://is.gd/6fdq6xg,20,1,2,0,0,0,0,0,0,0,3.6842,1,3,0.1,1,phishing
https://instagram-recover.info/recover/1980w,44,1,4,1,1,0,0,0,0,1,4.3431,1,4,0.0909,0,phishing
https://en.harvard.gov/about,28,2,0,0,1,0,0,0,1,0,3.9408,1,3,0.0,0,safe
https://is.gd/tn4cxkz,21,1,1,0,1,0,0,0,0,0,3.8442,1,3,0.0476,1,phishing
https://airbnb.com/news/latest,30,1,0,0,1,0,0,0,0,0,3.9484,1,4,0.0,0,safe
https://docs.reuters.edu/account/settings?ref=h7t7,50,2,2,0,1,0,0,0,1,1,4.1011,3,4,0.04,0,safe
https://en.dropbox.gov/products?ref=fs3w,40,2,1,0,1,0,0,0,1,0,4.3276,3,3,0.025,0,safe
https://www.nationalgeographic.net/,35,2,0,0,1,0,0,0,1,0,3.9573,1,3,0.0,0,safe
http://rb.gy/tqxr4zh,20,1,1,0,0,0,0,0,0,0,3.6464,1,3,0.05,1,phishing
http://wellsfargo-support-center.xyz/account/authenticate/billing/account/f7rxgd97?id=w67f7hgrl9,96,1,7,2,0,0,0,0,0,4,4.6266,3,7,0.0729,0,phishing
https://usps.org/news/latest,28,1,0,0,1,0,0,0,0,0,3.6784,1,4,0.0,0,safe
https://en.wikipedia.edu/news/latest?ref=jy1k,45,2,1,0,1,0,0,0,1,0,4.2692,3,4,0.0222,0,safe
https://www.stackoverflow.edu/?ref=tzjh,39,2,0,0,1,0,0,0,1,0,4.3236,3,3,0.0,0,safe
http://tinyurl.com/ge5bjuq,26,1,1,0,0,0,0,0,0,0,4.2578,1,3,0.0385,1,phishing
https://ov6s.e1wowvj.94uf.ace9.5t3.usps.cf/billing,50,6,7,0,1,0,0,0,5,1,4.5435,1,3,0.14,0,phishing
https://docs.python.org/support/faq?ref=qhdk,44,2,0,0,1,0,0,0,1,1,4.2261,3,4,0.0,0,safe
https://www.slack.gov/,22,2,0,0,1,0,0,0,1,0,3.7544,1,3,0.0,0,safe
https://www.spotify.net/support/faq,35,2,0,0,1,0,0,0,1,1,3.8973,1,4,0.0,0,safe
https://docs.nytimes.io/support/faq?ref=8bby,44,2,1,0,1,0,0,0,1,1,4.3797,3,4,0.0227,0,safe
https://google-alert.top/update/unlock/ltyp6hxe?id=khh0r5lqys,61,1,3,1,1,0,0,0,0,3,4.5089,3,5,0.0492,0,phishing
https://airbnb.io/news/latest,29,1,0,0,1,0,0,0,0,0,3.7975,1,4,0.0,0,safe
https://docs.irs.org/pricing,28,2,0,0,1,0,0,0,1,0,3.6995,1,3,0.0,0,safe
http://app1e-update.xyz/update/1p5ne,36,1,3,1,0,0,0,0,0,1,3.7737,1,4,0.0833,0,phishing
https://docs.cloudflare.edu/support/faq,39,2,0,0,1,0,0,0,1,1,3.9898,1,4,0.0,0,safe
https://paypal-login.click/suspended/alert/suspended/a7amb8kk?id=czqgyu9scj,75,1,3,1,1,0,0,0,0,5,4.6124,3,6,0.04,0,phishing
http://68.29.91.203/chase-secure/i6b460.php,43,4,13,1,0,0,1,0,0,1,4.3328,1,4,0.3023,0,phishing
http://chase-alert.click/alert/lwa4y,36,1,1,1,0,0,0,0,0,2,3.9058,1,4,0.0278,0,phishing
https://www.figma.gov/about,27,2,0,0,1,0,0,0,1,0,3.9303,1,3,0.0,0,safe
https://docs.cloudflare.gov,27,2,0,0,1,0,0,0,1,0,4.0603,1,2,0.0,0,safe
https://stackoverflow.io/careers,32,1,0,0,1,0,0,0,0,0,3.9835,1,3,0.0,0,safe
https://wellsfargo-suspended.ga/account/login/billing/signin/copcezin?id=rhanha0gvn,83,1,1,1,1,0,0,0,0,5,4.3848,3,7,0.012,0,phishing
http://rb.gy/gmuba56,20,1,2,0,0,0,0,0,0,0,3.7842,1,3,0.1,1,phishing
https://help.irs.com/docs/getting-started,41,2,0,1,1,0,0,0,1,0,4.034,1,4,0.0,0,safe
https://help.spotify.io/news/latest,35,2,0,0,1,0,0,0,1,0,3.783,1,4,0.0,0,safe
http://binance-update.gq/recover/support-center/krvbcabb?id=bfukffm4g2,70,1,2,2,0,0,0,0,0,3,4.544,3,5,0.0286,0,phishing
https://khanacademy.org/en/home,31,1,0,0,1,0,0,0,0,0,3.9779,1,4,0.0,0,safe
https://npr.org/products,24,1,0,0,1,0,0,0,0,0,3.6258,1,3,0.0,0,safe
https://www.npr.net/docs/getting-started,40,2,0,1,1,0,0,0,1,0,3.9052,1,4,0.0,0,safe
http://113.127.167.112/google-unlock/1g6md7.php,47,4,15,1,0,0,1,0,0,1,4.1786,1,4,0.3191,0,phishing
https://20h36h.08p8t.5lbjz.xz8ykw.bankofamerica.ml/update,57,5,9,0,1,0,0,0,4,1,4.7692,1,3,0.1579,0,phishing
http://161.19.63.58/amazon-account/75wnql.php,45,4,11,1,0,0,1,0,0,1,4.3858,1,4,0.2444,0,phishing
http://iclouda4-webscr.ml/webscr/wt9f9,38,1,3,1,0,0,0,0,0,1,4.3462,1,4,0.0789,0,phishing
http://147.28.125.161/coinbase-account/519jn7.php,49,4,15,1,0,0,1,0,0,1,4.4182,1,4,0.3061,0,phishing
https://en.mozilla.net/help/contact,35,2,0,0,1,0,0,0,1,0,3.8186,1,4,0.0,0,safe
https://google-login.click/login/reset-password/cg154ibi?id=weich9j9wi,70,1,5,2,1,0,0,0,0,4,4.4959,3,5,0.0714,0,phishing
https://docs.khanacademy.net/products,37,2,0,0,1,0,0,0,1,0,4.0264,1,3,0.0,0,safe
https://el850gi6.1gkr.932s6etc.9hl3wz.asc.chase.gq/alert,56,6,11,0,1,0,0,0,5,1,4.4495,1,3,0.1964,0,phishing
https://binance-authenticate.xyz/authenticate/orrb5,51,1,1,1,1,0,0,0,0,1,4.0355,1,4,0.0196,0,phishing
http://dhl-signin.info/webscr/confirm/amsp7odb?id=bfsouktob5,60,1,2,1,0,0,0,0,0,3,4.522,3,5,0.0333,0,phishing
https://paypa1-recover.info/recover/tvule,41,1,1,1,1,0,0,0,0,1,4.1227,1,4,0.0244,0,phishing
http://google-login.tk/webscr/support-center/login/secure/6aaqw64l?id=rkl4sz1wit,80,1,5,2,0,0,0,0,0,4,4.5654,3,7,0.0625,0,phishing
https://en.nasa.com/blog/2026/updates,37,2,4,0,1,0,0,0,1,1,4.1858,1,5,0.1081,0,safe
http://microsoftnx-verify.top/verify/1jek4,42,1,2,1,0,0,0,0,0,1,4.3024,1,4,0.0476,0,phishing
http://rb.gy/6q125da,20,1,4,0,0,0,0,0,0,0,3.9842,1,3,0.2,1,phishing
http://binance-webscr.click/authenticate/verify/secure/webscr/rotu3of4?id=pcoolq02v5,84,1,5,1,0,0,0,0,0,5,4.6048,3,7,0.0595,0,phishing
http://06ki70.4xtja.9ahm.3zee.34agt.google.ml/billing,53,6,9,0,0,0,0,0,5,1,4.3972,1,3,0.1698,0,phishing
http://189.111.122.229/apple-login/po8weu.php,45,4,13,1,0,0,1,0,0,1,4.0448,1,4,0.2889,0,phishing
https://docs.reuters.org?ref=xcu2,33,2,1,0,1,0,0,0,1,0,4.0667,3,2,0.0303,0,safe
http://32.40.102.26/apple-secure/w9o99l.php,43,4,12,1,0,0,1,0,0,1,4.2664,1,4,0.2791,0,phishing
https://icloudii-webscr.xyz/webscr/qjco0,40,1,1,1,1,0,0,0,0,1,4.3842,1,4,0.025,0,phishing
https://en.bbc.gov/help/contact,31,2,0,0,1,0,0,0,1,0,3.8331,1,4,0.0,0,safe
https://github.gov/docs/getting-started,39,1,0,1,1,0,0,0,0,0,3.9929,1,4,0.0,0,safe
https://help.github.org/account/settings,40,2,0,0,1,0,0,0,1,1,3.9776,1,4,0.0,0,safe
https://help.github.net/docs/getting-started,44,2,0,1,1,0,0,0,1,0,3.9989,1,4,0.0,0,safe
https://en.duolingo.net/en/home,31,2,0,0,1,0,0,0,1,0,3.7442,1,4,0.0,0,safe
http://yrzocct.im0.m0j19qn.microsoft.tk/signin,46,4,4,0,0,0,0,0,3,1,4.2761,1,3,0.087,0,phishing
http://dhlls-suspended.tk/suspended/y7n2v,41,1,2,1,0,0,0,0,0,1,3.9067,1,4,0.0488,0,phishing
https://www.mit.net/en/home,27,2,0,0,1,0,0,0,1,0,3.5138,1,4,0.0,0,safe
http://rb.gy/fpoiu9f,20,1,1,0,0,0,0,0,0,0,3.7842,1,3,0.05,1,phishing
https://docs.npr.net/careers?ref=iamh,37,2,0,0,1,0,0,0,1,0,4.0672,3,3,0.0,0,safe
https://www.trello.net/docs/getting-started,43,2,0,1,1,0,0,0,1,0,3.9493,1,4,0.0,0,safe
http://159.25.198.144/facebook-update/i9vg9h.php,48,4,13,1,0,0,1,0,0,1,4.4128,1,4,0.2708,0,phishing
https://apple-update.top/authenticate/reset-password/r5zwgl14?id=rb3wowgm6p,75,1,5,2,1,0,0,0,0,4,4.5236,3,5,0.0667,0,phishing
https://help.notion.org,23,2,0,0,1,0,0,0,1,0,3.6753,1,2,0.0,0,safe
https://irs.gov/help/contact,28,1,0,0,1,0,0,0,0,0,3.8788,1,4,0.0,0,safe
https://en.github.org/help/contact,34,2,0,0,1,0,0,0,1,0,3.9591,1,4,0.0,0,safe
https://www.npr.org/account/settings,36,2,0,0,1,0,0,0,1,1,3.8956,1,4,0.0,0,safe
https://python.org/docs/getting-started,39,1,0,1,1,0,0,0,0,0,3.9029,1,4,0.0,0,safe
https://help.wikipedia.net/news/latest,38,2,0,0,1,0,0,0,1,0,3.7352,1,4,0.0,0,safe
http://199.94.62.114/microsoft-suspended/5ka9r7.php,51,4,13,1,0,0,1,0,0,1,4.53,1,4,0.2549,0,phishing
https://docs.mozilla.org/news/latest?ref=ajvq,45,2,0,0,1,0,0,0,1,0,4.447,3,4,0.0,0,safe
https://149.225.218.55/dhl-unlock/0aezf1.php,44,4,13,1,1,0,1,0,0,1,4.4646,1,4,0.2955,0,phishing
http://245.128.145.235/paypal-reset-password/2x1tex.php,55,4,14,2,0,0,1,0,0,3,4.3035,1,4,0.2545,0,phishing
https://docs.reuters.com?ref=s69j,33,2,2,0,1,0,0,0,1,0,4.1273,3,2,0.0606,0,safe
http://90.202.198.147/icloud-login/bhzprc.php,45,4,11,1,0,0,1,0,0,1,4.4529,1,4,0.2444,0,phishing
https://51.60.160.173/fedex-update/jk4qsx.php,45,4,11,1,1,0,1,0,0,1,4.3749,1,4,0.2444,0,phishing
https://www.un.edu/products,27,2,0,0,1,0,0,0,1,0,3.7542,1,3,0.0,0,safe
https://www.mozilla.edu/products,32,2,0,0,1,0,0,0,1,0,4.1167,1,3,0.0,0,safe
https://en.slack.org,20,2,0,0,1,0,0,0,1,0,3.9219,1,2,0.0,0,safe
https://www.nytimes.org/blog/2026/updates,41,2,4,0,1,0,0,0,1,1,4.3546,1,5,0.0976,0,safe
https://4ydkeqbz.8qemmm3.fiuw.kmwzg38f.ankgfk.yho.paypal.info/update,68,7,5,0,1,0,0,0,6,2,4.5776,1,3,0.0735,0,phishing
https://help.wikipedia.net/support/faq,38,2,0,0,1,0,0,0,1,1,4.0606,1,4,0.0,0,safe
https://docs.wikipedia.org/docs/getting-started,47,2,0,1,1,0,0,0,1,0,4.0275,1,4,0.0,0,safe
https://www.coursera.com/blog/2026/updates?ref=343r,51,2,7,0,1,0,0,0,1,1,4.5472,3,5,0.1373,0,safe
http://d1vib.oy2hi.2kc.w49bouu.8g0.dhl.gq/billing,49,6,7,0,0,0,0,0,5,1,4.4456,1,3,0.1429,0,phishing
http://fedex-unlock.top/account/suspended/authenticate/unlock/he77aorz?id=2cb1g1n8q5,84,1,7,1,0,0,0,0,0,4,4.5982,3,7,0.0833,0,phishing
https://75.24.231.77/instagram-suspended/riqjz5.php,51,4,10,1,1,0,1,0,0,1,4.5056,1,4,0.1961,0,phishing
https://szre6m6t.03p.37vnz.88gys8bq.uak6z.dhl.tk/suspended,58,6,10,0,1,0,0,0,5,1,4.5062,1,3,0.1724,0,phishing
https://who.com,15,1,0,0,1,0,0,0,0,0,3.3736,1,2,0.0,0,safe
https://www.slack.org/,22,2,0,0,1,0,0,0,1,0,3.7544,1,3,0.0,0,safe
https://en.irs.com/en/home,26,2,0,0,1,0,0,0,1,0,3.6714,1,4,0.0,0,safe
http://sjd.xpzt.cj9lp.pqi.xx2y3l.bankofamerica.ml/verify,56,6,3,0,0,0,0,0,5,1,4.6281,1,3,0.0536,0,phishing
http://instagram-billing.click/billing/govok,44,1,0,1,0,0,0,0,0,2,4.036,1,4,0.0,0,phishing
https://help.usps.com/news/latest,33,2,0,0,1,0,0,0,1,0,3.7377,1,4,0.0,0,safe
https://docs.nasa.gov/news/latest,33,2,0,0,1,0,0,0,1,0,3.8212,1,4,0.0,0,safe
http://paypal-support-center.xyz/authenticate/secure/reset-password/login/04cr191e?id=efqw4z6pih,96,1,7,3,0,0,0,0,0,7,4.6159,3,7,0.0729,0,phishing
https://en.bbc.com/careers,26,2,0,0,1,0,0,0,1,0,3.7672,1,3,0.0,0,safe
https://who.edu,15,1,0,0,1,0,0,0,0,0,3.5069,1,2,0.0,0,safe
https://nasa.io/support/faq,27,1,0,0,1,0,0,0,0,1,3.6801,1,4,0.0,0,safe
http://217.97.123.87/bankofamerica-support-center/sw20ds.php,60,4,12,2,0,0,1,0,0,1,4.6379,1,4,0.2,0,phishing
https://notion.io/en/home,25,1,0,0,1,0,0,0,0,0,3.3835,1,4,0.0,0,safe
https://docs.stackoverflow.gov/docs/getting-started,51,2,0,1,1,0,0,0,1,0,4.1452,1,4,0.0,0,safe
https://en.mit.edu/pricing?ref=5vdc,35,2,1,0,1,0,0,0,1,0,4.243,3,3,0.0286,0,safe
http://211.19.216.78/chase-support-center/6u3lyd.php,52,4,12,2,0,0,1,0,0,1,4.4097,1,4,0.2308,0,phishing
https://en.figma.net/careers,28,2,0,0,1,0,0,0,1,0,3.8249,1,3,0.0,0,safe
https://6qu.dy5ad.tit.qldsyyr.bankofamerica.gq/authenticate,59,5,2,0,1,0,0,0,4,1,4.403,1,3,0.0339,0,phishing
https://docs.airbnb.net/news/latest?ref=l4uw,44,2,1,0,1,0,0,0,1,0,4.2693,3,4,0.0227,0,safe
https://help.python.com/careers,31,2,0,0,1,0,0,0,1,0,3.8647,1,3,0.0,0,safe
https://chase-secure.info/confirm/alert/unlock/rww8mmf7?id=x1yvqpq36g,69,1,5,1,1,0,0,0,0,4,4.8506,3,6,0.0725,0,phishing
https://www.github.gov/docs/getting-started,43,2,0,1,1,0,0,0,1,0,4.0969,1,4,0.0,0,safe
https://docs.spotify.com/account/settings,41,2,0,0,1,0,0,0,1,1,3.9156,1,4,0.0,0,safe
https://bankofamerica-secure.click/recover/recover/signin/fkyl0qnx?id=z46rsza29b,80,1,5,1,1,0,0,0,0,4,4.7289,3,6,0.0625,0,phishing
https://usps-verify.top/verify/7jyi2,36,1,2,1,1,0,0,0,0,1,4.0651,1,4,0.0556,0,phishing
https://183.213.70.220/amazon-alert/4ef3dz.php,46,4,13,1,1,0,1,0,0,1,4.4415,1,4,0.2826,0,phishing
https://stackoverflow.org/pricing?ref=o8ym,42,1,1,0,1,0,0,0,0,0,4.4516,3,3,0.0238,0,safe
https://github.com/about,24,1,0,0,1,0,0,0,0,0,3.7202,1,3,0.0,0,safe
https://docs.nationalgeographic.com/,36,2,0,0,1,0,0,0,1,0,4.0305,1,3,0.0,0,safe
http://117.220.59.197/google-suspended/sqpeq8.php,49,4,12,1,0,0,1,0,0,1,4.3266,1,4,0.2449,0,phishing
http://cutt.ly/alc2zfh,22,1,1,0,0,0,0,0,0,0,3.6069,1,3,0.0455,1,phishing
https://binance-support-center.xyz/support-center/rdt5z,55,1,1,3,1,0,0,0,0,1,4.1314,1,4,0.0182,0,phishing
https://en.khanacademy.net/about,32,2,0,0,1,0,0,0,1,0,3.9292,1,3,0.0,0,safe
https://en.nationalgeographic.gov/support/faq?ref=mqc1,54,2,1,0,1,0,0,0,1,1,4.4027,3,4,0.0185,0,safe
https://64.77.12.43/icloud-secure/63rann.php,44,4,10,1,1,0,1,0,0,1,4.4423,1,4,0.2273,0,phishing
http://234.85.175.121/dhl-update/9ukf3o.php,43,4,13,1,0,0,1,0,0,1,4.3038,1,4,0.3023,0,phishing
http://fedex-webscr.info/suspended/signin/flvsxb8a?id=vt6fvlzjux,64,1,2,1,0,0,0,0,0,3,4.6079,3,5,0.0312,0,phishing
https://docs.airbnb.com/news/latest,35,2,0,0,1,0,0,0,1,0,4.0436,1,4,0.0,0,safe
https://9x7.hdg.ycimx.fedex.cf/recover,38,4,2,0,1,0,0,0,3,1,4.1883,1,3,0.0526,0,phishing
http://104.118.136.240/paypal-authenticate/l6e18y.php,53,4,15,1,0,0,1,0,0,2,4.2121,1,4,0.283,0,phishing
http://instagram-support-center.xyz/alert/reset-password/authenticate/1uave861?id=bgy5sqlnsn,92,1,5,3,0,0,0,0,0,5,4.5951,3,6,0.0543,0,phishing
https://who.gov/pricing,23,1,0,0,1,0,0,0,0,0,3.7951,1,3,0.0,0,safe
https://en.figma.io/careers,27,2,0,0,1,0,0,0,1,0,3.9582,1,3,0.0,0,safe
http://122.223.163.240/dhl-support-center/s1w7v2.php,52,4,15,2,0,0,1,0,0,1,4.3422,1,4,0.2885,0,phishing
https://en.mit.com/blog/2026/updates,36,2,4,0,1,0,0,0,1,1,4.2363,1,5,0.1111,1,safe
https://un.gov,14,1,0,0,1,0,0,0,0,0,3.5216,1,2,0.0,0,safe
https://harvard.io/docs/getting-started,39,1,0,1,1,0,0,0,0,0,3.9385,1,4,0.0,0,safe
http://43.182.54.57/paypal-update/bh03yv.php,44,4,11,1,0,0,1,0,0,2,4.2373,1,4,0.25,0,phishing
https://dhl-alert.cf/unlock/account/alert/n3w3jo7g?id=1eijfpugge,64,1,4,1,1,0,0,0,0,3,4.5798,3,6,0.0625,0,phishing
https://help.cloudflare.io/about,32,2,0,0,1,0,0,0,1,0,4.0306,1,3,0.0,0,safe
https://fedex-support-center.info/authenticate/billing/update/nyd0iibf?id=gm9yar4r2f,84,1,4,2,1,0,0,0,0,4,4.5688,3,6,0.0476,0,phishing
https://en.irs.org/account/settings,35,2,0,0,1,0,0,0,1,1,3.8046,1,4,0.0,0,safe
https://bbc.net/help/contact,28,1,0,0,1,0,0,0,0,0,3.5801,1,4,0.0,0,safe
http://apple-signin.top/suspended/suspended/support-center/tyaslp3g?id=49q4lfq1f3,81,1,6,2,0,0,0,0,0,3,4.4345,3,6,0.0741,0,phishing
https://facebook-suspended.xyz/webscr/account/confirm/suspended/vmuqzhs2?id=b26znlhcyg,86,1,3,1,1,0,0,0,0,4,4.7133,3,7,0.0349,0,phishing
https://google-suspended.cf/confirm/recover/5ta72t2r?id=b2m4j0g5w0,66,1,9,1,1,0,0,0,0,3,4.7566,3,5,0.1364,0,phishing
https://www.mozilla.io/products,31,2,0,0,1,0,0,0,1,0,4.0181,1,3,0.0,0,safe
https://docs.harvard.edu,24,2,0,0,1,0,0,0,1,0,3.8035,1,2,0.0,0,safe
https://docs.npr.gov,20,2,0,0,1,0,0,0,1,0,3.7219,1,2,0.0,0,safe
https://is.gd/e63h3ha,21,1,3,0,1,0,0,0,0,0,3.6538,1,3,0.1429,1,phishing
https://binance-update.click/support-center/account/billing/verify/d24ju9td?id=da0lvbr0yz,89,1,5,2,1,0,0,0,0,6,4.6566,3,7,0.0562,0,phishing
https://mozilla.gov/blog/2026/updates,37,1,4,0,1,0,0,0,0,1,4.2399,1,5,0.1081,0,safe
http://amazon-confirm.top/authenticate/signin/es0gonwq?id=2mp4dkuuwz,68,1,3,1,0,0,0,0,0,3,4.569,3,5,0.0441,0,phishing
https://reuters.net/,20,1,0,0,1,0,0,0,0,0,3.2464,1,3,0.0,0,safe
https://en.harvard.org,22,2,0,0,1,0,0,0,1,0,3.7888,1,2,0.0,0,safe
http://is.gd/0d0867y,20,1,5,0,0,0,0,0,0,0,3.7842,1,3,0.25,1,phishing
https://docs.airbnb.edu/careers?ref=9clq,40,2,1,0,1,0,0,0,1,0,4.3153,3,3,0.025,0,safe
http://bankofamerica-reset-password.info/confirm/verify/recover/oiz5a9q6?id=7z70vyjkx8,86,1,7,2,0,0,0,0,0,5,4.7859,3,6,0.0814,0,phishing
http://7.211.243.216/amazon-signin/d7s6ri.php,45,4,12,1,0,0,1,0,0,1,4.3413,1,4,0.2667,0,phishing
http://dh1-verify.top/verify/3a6rr,34,1,3,1,0,0,0,0,0,1,4.0653,1,4,0.0882,0,phishing
https://www.airbnb.io/blog/2026/updates,39,2,4,0,1,0,0,0,1,1,4.263,1,5,0.1026,0,safe
https://nasa.com/news/latest?ref=20k0,37,1,3,0,1,0,0,0,0,0,4.1957,3,4,0.0811,0,safe
https://www.who.io/about,24,2,0,0,1,0,0,0,1,0,3.4906,1,3,0.0,0,safe
https://mit.org/news/latest,27,1,0,0,1,0,0,0,0,0,3.7784,1,4,0.0,0,safe
https://cutt.ly/x3yr5v3,23,1,3,0,1,0,0,0,0,0,3.7951,1,3,0.1304,1,phishing
https://binance-reset-password.cf/login/reset-password/sue0tnp7?id=i78py3ac3q,77,1,6,3,1,0,0,0,0,3,4.5608,3,5,0.0779,0,phishing
https://www.nasa.io/blog/2026/updates,37,2,4,0,1,0,0,0,1,1,4.1654,1,5,0.1081,0,safe
https://d44h.yvcj9.aee6p2.ec6e88.instagram.ml/verify,52,5,8,0,1,0,0,0,4,1,4.5181,1,3,0.1538,0,phishing
https://en.npr.net/products,27,2,0,0,1,0,0,0,1,0,3.634,1,3,0.0,0,safe
https://94.59.245.225/facebook-authenticate/uke5dv.php,54,4,11,1,1,0,1,0,0,1,4.3729,1,4,0.2037,0,phishing
http://214.70.138.218/instagram-verify/qvrup0.php,49,4,12,1,0,0,1,0,0,1,4.5481,1,4,0.2449,0,phishing
https://docs.nasa.io/about,26,2,0,0,1,0,0,0,1,0,3.7091,1,3,0.0,0,safe
http://p81ljeqd.enf8y.ct5t2p.9fq3.6vkq3tti.muq.paypal.top/recover,65,7,9,0,0,0,0,0,6,2,4.5521,1,3,0.1385,0,phishing
https://nytimes.io/help/contact,31,1,0,0,1,0,0,0,0,0,3.8055,1,4,0.0,0,safe
http://cutt.ly/411i3ed,22,1,4,0,0,0,0,0,0,0,3.7888,1,3,0.1818,1,phishing
https://reuters.io/careers,26,1,0,0,1,0,0,0,0,0,3.5364,1,3,0.0,0,safe
https://un.org/careers,22,1,0,0,1,0,0,0,0,0,3.7544,1,3,0.0,0,safe
https://www.slack.gov/news/latest,33,2,0,0,1,0,0,0,1,0,3.8323,1,4,0.0,0,safe
https://docs.trello.gov/about,29,2,0,0,1,0,0,0,1,0,3.9354,1,3,0.0,0,safe
http://coinbaseux-signin.tk/signin/xtkyc,40,1,0,1,0,0,0,0,0,1,4.0226,1,4,0.0,0,phishing
http://nbqe.jbj4d1hx.k4o95rd.d2f1.b0oiis.usps.gq/reset-password,63,6,8,1,0,0,0,0,5,2,4.6391,1,3,0.127,0,phishing
https://apple-suspended.top/secure/verify/rc2x0cjp?id=hd1tc25k07,64,1,7,1,1,0,0,0,0,3,4.6034,3,5,0.1094,0,phishing
http://67.94.51.21/usps-authenticate/hu5g8i.php,47,4,10,1,0,0,1,0,0,1,4.2702,1,4,0.2128,0,phishing
https://is.gd/70tbqzz,21,1,2,0,1,0,0,0,0,0,3.749,1,3,0.0952,1,phishing
https://tt641kg0.9pqi3.3pdlsd1u.apple.click/recover,51,4,8,0,1,0,0,0,3,2,4.4836,1,3,0.1569,0,phishing
https://bit.ly/kniilok,22,1,0,0,1,0,0,0,0,0,3.6292,1,3,0.0,1,phishing
http://35.90.68.202/chase-signin/kcqeko.php,43,4,9,1,0,0,1,0,0,1,4.4144,1,4,0.2093,0,phishing
https://amazon-suspended.info/unlock/alert/0gso367q?id=rn3dzyf82w,65,1,7,1,1,0,0,0,0,3,4.8303,3,5,0.1077,0,phishing
https://zbf.f9q9b72.h4a.6z5gxkc4.gd4sds.bankofamerica.cf/reset-password,71,6,9,1,1,0,0,0,5,2,4.7037,1,3,0.1268,0,phishing
https://help.slack.io/products?ref=c1uq,39,2,1,0,1,0,0,0,1,0,4.3168,3,3,0.0256,0,safe
https://www.usps.gov/pricing,28,2,0,0,1,0,0,0,1,0,3.8424,1,3,0.0,0,safe
https://133.166.127.37/icloud-suspended/pv7m9v.php,50,4,13,1,1,0,1,0,0,1,4.3762,1,4,0.26,0,phishing
https://help.mozilla.gov/news/latest,36,2,0,0,1,0,0,0,1,0,3.9613,1,4,0.0,0,safe
https://www.bbc.org/help/contact?ref=ar0o,41,2,1,0,1,0,0,0,1,0,4.2107,3,4,0.0244,0,safe
https://dropbox.com/products,28,1,0,0,1,0,0,0,0,0,3.7265,1,3,0.0,0,safe
http://paypal-update.tk/verify/alert/48ph7k0n?id=4qe85dnllu,59,1,7,1,0,0,0,0,0,4,4.4999,3,5,0.1186,0,phishing
https://cloudflare.gov/?ref=xtiy,32,1,0,0,1,0,0,0,0,0,4.3903,3,3,0.0,0,safe
https://docs.figma.gov/blog/2026/updates,40,2,4,0,1,0,0,0,1,1,4.3062,1,5,0.1,0,safe
https://binancevo-billing.tk/billing/9jl27,42,1,3,1,1,0,0,0,0,1,4.1845,1,4,0.0714,0,phishing
https://wikipedia.net/news/latest,33,1,0,0,1,0,0,0,0,0,3.6771,1,4,0.0,0,safe
https://cutt.ly/48cgg3d,23,1,3,0,1,0,0,0,0,0,3.7951,1,3,0.1304,1,phishing
http://google-webscr.xyz/reset-password/secure/suspended/kltzqdyq?id=60h5vqg7k5,79,1,5,2,0,0,0,0,0,5,4.7115,3,6,0.0633,0,phishing
http://275l.s23e3.b0z9y.qiayhn.18km2y.9iu.outlook.cf/unlock,59,7,12,0,0,0,0,0,6,1,4.6464,1,3,0.2034,0,phishing
https://en.bbc.com/blog/2026/updates,36,2,4,0,1,0,0,0,1,1,4.1944,1,5,0.1111,0,safe
http://140.233.6.76/google-billing/t5sbuc.php,45,4,10,1,0,0,1,0,0,1,4.447,1,4,0.2222,0,phishing
https://help.notion.gov/careers,31,2,0,0,1,0,0,0,1,0,3.9536,1,3,0.0,0,safe
http://microsoft-login.click/reset-password/account/suspended/update/zb7sgw9v?id=xm3odrn30n,91,1,5,2,0,0,0,0,0,7,4.6817,3,7,0.0549,0,phishing
http://129.221.69.80/usps-secure/iqy31b.php,43,4,12,1,0,0,1,0,0,1,4.3038,1,4,0.2791,0,phishing
http://45azw.egirxd4.9o1ouc.chase.info/secure,45,4,5,0,0,0,0,0,3,1,4.4637,1,3,0.1111,0,phishing
https://help.khanacademy.io,27,2,0,0,1,0,0,0,1,0,4.0323,1,2,0.0,0,safe
http://789kn25a.24ceukt.lrspfcin.gbnz.binance.click/signin,58,5,7,0,0,0,0,0,4,2,4.3969,1,3,0.1207,0,phishing
http://fedex-signin.ml/signin/lmi1e,35,1,1,1,0,0,0,0,0,1,3.9189,1,4,0.0286,0,phishing
http://cutt.ly/ifvj04m,22,1,2,0,0,0,0,0,0,0,3.8797,1,3,0.0909,1,phishing
https://en.un.gov/blog/2026/updates,35,2,4,0,1,0,0,0,1,1,4.1474,1,5,0.1143,0,safe
https://bankofamerica-authenticate.cf/signin/reset-password/signin/reset-password/sncmvpvl?id=ewe5msy0b1,104,1,3,3,1,0,0,0,0,4,4.5252,3,7,0.0288,0,phishing
https://help.python.gov/,24,2,0,0,1,0,0,0,1,0,3.6258,1,3,0.0,0,safe
https://docs.python.io/blog/2026/updates,40,2,4,0,1,0,0,0,1,1,4.1939,1,5,0.1,0,safe
https://help.notion.org/about,29,2,0,0,1,0,0,0,1,0,3.8664,1,3,0.0,0,safe
http://instagram-account.cf/login/billing/signin/unlock/8s6eobat?id=g1eauocjgx,78,1,3,1,0,0,0,0,0,5,4.4596,3,7,0.0385,0,phishing
https://help.airbnb.io/support/faq?ref=i4mj,43,2,1,0,1,0,0,0,1,1,4.3503,3,4,0.0233,0,safe
http://uspsn9-authenticate.cf/authenticate/x3e0t,48,1,3,1,0,0,0,0,0,1,3.8942,1,4,0.0625,0,phishing
http://ovykg.usj0i03f.8k04dfn.ef0y2o.icloud.ga/suspended,56,5,8,0,0,0,0,0,4,1,4.5549,1,3,0.1429,0,phishing
http://bit.ly/gcvnfzh,21,1,0,0,0,0,0,0,0,0,3.8442,1,3,0.0,1,phishing
https://help.wikipedia.net/about,32,2,0,0,1,0,0,0,1,0,3.9681,1,3,0.0,0,safe
http://usps-reset-password.ml/login/billing/alert/alert/p83k293y?id=28kpza9sli,78,1,8,2,0,0,0,0,0,5,4.572,3,7,0.1026,0,phishing
http://zeq.beqbbvt.tt1kxjh0.p93nd.zyz5wj.outlook.top/unlock,59,6,5,0,0,0,0,0,5,1,4.4497,1,3,0.0847,0,phishing
https://khanacademy.net/news/latest,35,1,0,0,1,0,0,0,0,0,3.783,1,4,0.0,0,safe
https://www.un.gov?ref=6d4h,27,2,2,0,1,0,0,0,1,0,4.2825,3,2,0.0741,0,safe
https://help.dropbox.org/help/contact,37,2,0,0,1,0,0,0,1,0,3.9458,1,4,0.0,0,safe
https://micr0s0ft-suspended.ga/suspended/oucz8,46,1,3,1,1,0,0,0,0,1,4.2241,1,4,0.0652,0,phishing
https://www.trello.net/pricing?ref=giha,39,2,0,0,1,0,0,0,1,0,4.163,3,3,0.0,0,safe
http://166.73.102.120/amazon-unlock/u5okuf.php,46,4,12,1,0,0,1,0,0,1,4.4144,1,4,0.2609,0,phishing
http://31.179.106.30/google-reset-password/eonv0m.php,53,4,11,2,0,0,1,0,0,2,4.4257,1,4,0.2075,0,phishing
http://227.98.46.127/facebook-unlock/1nnash.php,47,4,11,1,0,0,1,0,0,1,4.453,1,4,0.234,0,phishing
https://docs.duolingo.io/products,33,2,0,0,1,0,0,0,1,0,3.8132,1,3,0.0,0,safe
https://slack.net/docs/getting-started,38,1,0,1,1,0,0,0,0,0,3.9214,1,4,0.0,0,safe
http://paypalnp-suspended.cf/suspended/77pgy,44,1,2,1,0,0,0,0,0,2,3.9502,1,4,0.0455,0,phishing
https://docs.mit.com/help/contact,33,2,0,0,1,0,0,0,1,0,3.7606,1,4,0.0,1,safe
https://2ewgyojo.t55.v0ef.paypal.xyz/reset-password,51,4,4,1,1,0,0,0,3,3,4.3975,1,3,0.0784,0,phishing
https://help.github.org,23,2,0,0,1,0,0,0,1,0,3.7623,1,2,0.0,0,safe
https://www.stackoverflow.net/en/home?ref=vcfe,46,2,0,0,1,0,0,0,1,0,4.1536,3,4,0.0,0,safe
https://rb.gy/vr1zdku,21,1,1,0,1,0,0,0,0,0,3.9754,1,3,0.0476,1,phishing
http://microsoft-secure.tk/signin/update/account/lowukfzx?id=av82gqzje7,71,1,3,1,0,0,0,0,0,4,4.7514,3,6,0.0423,0,phishing
http://outlooklf-billing.tk/billing/gkvtz,41,1,0,1,0,0,0,0,0,1,3.8604,1,4,0.0,0,phishing
https://rb.gy/4msjeqj,21,1,1,0,1,0,0,0,0,0,3.8802,1,3,0.0476,1,phishing
https://bankofamericapd-confirm.ga/confirm/noqry,48,1,0,1,1,0,0,0,0,1,4.2721,1,4,0.0,0,phishing
http://vhkuy.kja8.nr0qriyh.7d2e.yc1mqve.wellsfargo.tk/alert,59,6,5,0,0,0,0,0,5,1,4.6616,1,3,0.0847,0,phishing
https://docs.khanacademy.com/blog/2026/updates,46,2,4,0,1,0,0,0,1,1,4.3196,1,5,0.087,0,safe
https://251.99.79.172/coinbase-secure/dx2651.php,48,4,14,1,1,0,1,0,0,1,4.4489,1,4,0.2917,0,phishing
https://en.usps.edu/careers,27,2,0,0,1,0,0,0,1,0,3.6158,1,3,0.0,0,safe
https://docs.trello.com,23,2,0,0,1,0,0,0,1,0,3.6753,1,2,0.0,0,safe
https://www.notion.gov/support/faq,34,2,0,0,1,0,0,0,1,1,3.9254,1,4,0.0,0,safe
https://icloudhq-webscr.ml/webscr/p0ayf,39,1,1,1,1,0,0,0,0,1,4.4262,1,4,0.0256,0,phishing
http://c0inbase-recover.gq/recover/3ybpj,40,1,2,1,0,0,0,0,0,1,4.2628,1,4,0.05,0,phishing
https://bit.ly/v7mx15l,22,1,3,0,1,0,0,0,0,0,3.9363,1,3,0.1364,1,phishing
https://help.usps.com/news/latest,33,2,0,0,1,0,0,0,1,0,3.7377,1,4,0.0,0,safe
http://wellsfargoud-alert.top/alert/njycv,41,1,0,1,0,0,0,0,0,1,4.2387,1,4,0.0,0,phishing
https://help.npr.edu/products,29,2,0,0,1,0,0,0,1,0,3.7714,1,3,0.0,0,safe
https://www.usps.org/about,26,2,0,0,1,0,0,0,1,0,3.6612,1,3,0.0,0,safe
http://usps-suspended.tk/suspended/nrici,40,1,0,1,0,0,0,0,0,1,3.7276,1,4,0.0,0,phishing
http://i1n1ac6.4odo1wc.3r12qn.ta3d.vvbhm.msof.binance.click/recover,67,7,9,0,0,0,0,0,6,2,4.5371,1,3,0.1343,0,phishing
https://bit.ly/x1npyb0,22,1,2,0,1,0,0,0,0,0,3.7544,1,3,0.0909,1,phishing
http://n5qr9r.vv4y0.pvrl.vbv.a2k4.binance.click/recover,55,6,6,0,0,0,0,0,5,2,4.3106,1,3,0.1091,0,phishing
https://148.92.28.110/binance-alert/zwdg8d.php,46,4,11,1,1,0,1,0,0,1,4.5014,1,4,0.2391,0,phishing
https://en.mit.org/account/settings?ref=gn64,44,2,2,0,1,0,0,0,1,1,4.1918,3,4,0.0455,0,safe
https://help.nationalgeographic.com/support/faq,47,2,0,0,1,0,0,0,1,1,4.1426,1,4,0.0,0,safe
http://netflix-login.tk/billing/secure/signin/reset-password/ibqvkm3x?id=3xohlzcd81,83,1,4,2,0,0,0,0,0,6,4.6946,3,7,0.0482,0,phishing
http://rb.gy/4x5u3g6,20,1,4,0,0,0,0,0,0,0,3.8842,1,3,0.2,1,phishing
https://rb.gy/rt7kl65,21,1,3,0,1,0,0,0,0,0,3.8442,1,3,0.1429,1,phishing
https://airbnb.org/news/latest,30,1,0,0,1,0,0,0,0,0,3.8817,1,4,0.0,0,safe
http://microsoft-account.top/verify/secure/webscr/rb293n95?id=g8mshdda1y,72,1,7,1,0,0,0,0,0,4,4.7276,3,6,0.0972,0,phishing
https://help.who.gov/account/settings,37,2,0,0,1,0,0,0,1,1,3.9696,1,4,0.0,0,safe
https://docs.un.io/en/home,26,2,0,0,1,0,0,0,1,0,3.7483,1,4,0.0,0,safe
https://en.figma.io/news/latest?ref=33iz,40,2,2,0,1,0,0,0,1,0,4.2342,3,4,0.05,0,safe
http://google-secure.click/update/unlock/recover/soj7309n?id=0wiqr4h0f6,71,1,8,1,0,0,0,0,0,5,4.7411,3,6,0.1127,0,phishing
https://237.135.171.124/icloud-update/3ytu7d.php,48,4,14,1,1,0,1,0,0,1,4.2721,1,4,0.2917,0,phishing
https://docs.spotify.net/blog/2026/updates,42,2,4,0,1,0,0,0,1,1,4.2321,1,5,0.0952,0,safe
http://mtvcjz1q.l4p81z1r.efcveki.3jrmb154.7oy336.instagram.ml/signin,68,6,13,0,0,0,0,0,5,1,4.7856,1,3,0.1912,0,phishing
https://help.python.org/account/settings,40,2,0,0,1,0,0,0,1,1,3.9398,1,4,0.0,0,safe
https://trello.org/docs/getting-started,39,1,0,1,1,0,0,0,0,0,3.8642,1,4,0.0,0,safe
http://191.163.172.212/microsoft-support-center/ik9w2b.php,58,4,14,2,0,0,1,0,0,1,4.4383,1,4,0.2414,0,phishing
http://is.gd/1lueulh,20,1,1,0,0,0,0,0,0,0,3.6842,1,3,0.05,1,phishing
http://g00g1e-login.gq/login/w1ujz,34,1,4,1,0,0,0,0,0,1,4.0989,1,4,0.1176,0,phishing
http://tinyurl.com/ht7nz93,26,1,3,0,0,0,0,0,0,0,4.056,1,3,0.1154,1,phishing
https://www.cloudflare.io/account/settings,42,2,0,0,1,0,0,0,1,1,4.1392,1,4,0.0,0,safe
https://help.bbc.com/support/faq,32,2,0,0,1,0,0,0,1,1,3.9764,1,4,0.0,0,safe
https://en.github.edu/,22,2,0,0,1,0,0,0,1,0,3.6635,1,3,0.0,0,safe
https://wikipedia.io/blog/2026/updates,38,1,4,0,1,0,0,0,0,1,4.1658,1,5,0.1053,0,safe
https://www.coursera.gov/account/settings,41,2,0,0,1,0,0,0,1,1,3.9948,1,4,0.0,0,safe
http://is.gd/9gydx9b,20,1,2,0,0,0,0,0,0,0,3.6842,1,3,0.1,1,phishing
https://fedex-secure.cf/webscr/update/webscr/ukl98a3s?id=pu8giuv443,67,1,7,1,1,0,0,0,0,3,4.5527,3,6,0.1045,0,phishing
https://help.github.org/careers,31,2,0,0,1,0,0,0,1,0,3.9292,1,3,0.0,0,safe
https://microsoft-login.gq/billing/reset-password/account/support-center/e74ubz45?id=ygc1xka87g,95,1,7,3,1,0,0,0,0,6,4.7657,3,7,0.0737,0,phishing
http://cutt.ly/dkudjzs,22,1,0,0,0,0,0,0,0,0,3.6978,1,3,0.0,1,phishing
http://113.231.81.201/amazon-signin/wdak0d.php,46,4,12,1,0,0,1,0,0,1,4.3089,1,4,0.2609,0,phishing
https://help.stackoverflow.io/help/contact,42,2,0,0,1,0,0,0,1,0,4.026,1,4,0.0,0,safe
https://en.slack.com/products,29,2,0,0,1,0,0,0,1,0,3.9952,1,3,0.0,0,safe
http://bit.ly/8l0gfkn,21,1,2,0,0,0,0,0,0,0,3.8442,1,3,0.0952,1,phishing
http://k6ct8wa.jc0g.dgppnxo5.5fdadbl.netflix.xyz/confirm,56,5,5,0,0,0,0,0,4,1,4.6485,1,3,0.0893,0,phishing
https://rb.gy/efd2pwh,21,1,1,0,1,0,0,0,0,0,3.8802,1,3,0.0476,1,phishing
https://is.gd/8le8iss,21,1,2,0,1,0,0,0,0,0,3.4992,1,3,0.0952,1,phishing
https://nytimes.io/account/settings,35,1,0,0,1,0,0,0,0,1,3.7859,1,4,0.0,0,safe
http://245.231.96.86/microsoft-suspended/jx592m.php,51,4,13,1,0,0,1,0,0,1,4.6084,1,4,0.2549,0,phishing
http://207.190.99.225/dhl-unlock/yrnc9y.php,43,4,12,1,0,0,1,0,0,1,4.2573,1,4,0.2791,0,phishing
https://help.slack.org/account/settings,39,2,0,0,1,0,0,0,1,1,3.994,1,4,0.0,0,safe
https://en.nationalgeographic.gov/,34,2,0,0,1,0,0,0,1,0,3.9542,1,3,0.0,0,safe
https://c9u.zpg1r.0czztmkp.vv8n67.microsoft.cf/support-center,61,5,6,1,1,0,0,0,4,1,4.4658,1,3,0.0984,0,phishing
https://www.un.edu/account/settings,35,2,0,0,1,0,0,0,1,1,3.8542,1,4,0.0,0,safe
http://googlei0-account.info/account/cacq3,42,1,2,1,0,0,0,0,0,1,3.9964,1,4,0.0476,0,phishing
http://rb.gy/3a7o819,20,1,5,0,0,0,0,0,0,0,3.9842,1,3,0.25,1,phishing
http://rb.gy/6czzt4b,20,1,2,0,0,0,0,0,0,0,3.6464,1,3,0.1,1,phishing
https://tinyurl.com/dniyqwk,27,1,0,0,1,0,0,0,0,0,4.1805,1,3,0.0,1,phishing
https://docs.notion.gov/careers,31,2,0,0,1,0,0,0,1,0,3.9134,1,3,0.0,0,safe
https://evbc11.y1rfeazx.ffosa.8ugzr4.7ax.m109ms9.instagram.ga/recover,69,7,10,0,1,0,0,0,6,1,4.5644,1,3,0.1449,0,phishing
https://chase-verify.cf/suspended/billing/201fp0zk?id=8b6fii17ew,64,1,8,1,1,0,0,0,0,3,4.7463,3,5,0.125,0,phishing
https://help.nasa.net/pricing?ref=ph3i,38,2,1,0,1,0,0,0,1,0,4.0761,3,3,0.0263,0,safe
https://en.nasa.com/blog/2026/updates,37,2,4,0,1,0,0,0,1,1,4.1858,1,5,0.1081,0,safe
https://en.spotify.org/account/settings,39,2,0,0,1,0,0,0,1,1,3.9259,1,4,0.0,0,safe
https://www.bbc.edu/en/home?ref=ebj5,36,2,1,0,1,0,0,0,1,0,4.1944,3,4,0.0278,0,safe
https://who.com/account/settings,32,1,0,0,1,0,0,0,0,1,3.8164,1,4,0.0,0,safe
http://cutt.ly/6oonzs4,22,1,2,0,0,0,0,0,0,0,3.7888,1,3,0.0909,1,phishing
https://en.python.io/pricing,28,2,0,0,1,0,0,0,1,0,3.744,1,3,0.0,0,safe
https://en.airbnb.com/en/home,29,2,0,0,1,0,0,0,1,0,3.8404,1,4,0.0,0,safe
https://www.github.net/en/home,30,2,0,0,1,0,0,0,1,0,3.7647,1,4,0.0,0,safe
https://help.python.io/support/faq,34,2,0,0,1,0,0,0,1,1,3.8781,1,4,0.0,0,safe
https://www.khanacademy.com/pricing,35,2,0,0,1,0,0,0,1,0,4.1859,1,3,0.0,0,safe
http://netflix-confirm.ga/suspended/alert/5es1vcpw?id=uxw2cjcc0h,64,1,4,1,0,0,0,0,0,3,4.7093,3,5,0.0625,0,phishing
https://help.usps.gov/support/faq,33,2,0,0,1,0,0,0,1,1,3.8212,1,4,0.0,0,safe
http://n7shdz.b1y.0ev.f2yz.kss.icloud.xyz/verify,48,6,4,0,0,0,0,0,5,1,4.5063,1,3,0.0833,0,phishing
https://bank0famerica-confirm.info/confirm/uns8d,48,1,2,1,1,0,0,0,0,1,4.2645,1,4,0.0417,0,phishing
https://en.harvard.net/en/home,30,2,0,0,1,0,0,0,1,0,3.6981,1,4,0.0,0,safe
https://en.harvard.gov,22,2,0,0,1,0,0,0,1,0,3.8231,1,2,0.0,0,safe
https://docs.cloudflare.edu/pricing?ref=iup8,44,2,1,0,1,0,0,0,1,0,4.3222,3,3,0.0227,0,safe
https://cutt.ly/ib2r4j0,23,1,3,0,1,0,0,0,0,0,3.969,1,3,0.1304,1,phishing
http://netflix-authenticate.ml/reset-password/update/signin/zuq4m4cr?id=kethxjp922,82,1,5,2,0,0,0,0,0,5,4.6463,3,6,0.061,0,phishing
http://97.187.175.64/dhl-recover/u5am6e.php,43,4,12,1,0,0,1,0,0,1,4.3793,1,4,0.2791,0,phishing
http://138.187.77.175/coinbase-recover/15056b.php,49,4,16,1,0,0,1,0,0,1,4.3848,1,4,0.3265,0,phishing
https://usps.gov/account/settings,33,1,0,0,1,0,0,0,0,1,3.7347,1,4,0.0,0,safe
http://p20ti.vb491.728zblc.outlook.cf/unlock,44,4,8,0,0,0,0,0,3,1,4.3625,1,3,0.1818,0,phishing
https://nasa.io/docs/getting-started,36,1,0,1,1,0,0,0,0,0,3.8292,1,4,0.0,0,safe
https://en.nationalgeographic.gov/en/home,41,2,0,0,1,0,0,0,1,0,3.9668,1,4,0.0,0,safe
http://is.gd/ljard5z,20,1,1,0,0,0,0,0,0,0,3.8842,1,3,0.05,1,phishing
https://en.coursera.edu/news/latest,35,2,0,0,1,0,0,0,1,0,3.8262,1,4,0.0,0,safe
https://en.un.gov/docs/getting-started,38,2,0,1,1,0,0,0,1,0,3.9708,1,4,0.0,0,safe
https://en.dropbox.io/en/home?ref=31f4,38,2,3,0,1,0,0,0,1,0,4.2479,3,4,0.0789,0,safe
http://netflix-unlock.tk/account/update/update/jdn1a7hz?id=rg9aqq0c8e,69,1,5,1,0,0,0,0,0,3,4.6082,3,6,0.0725,0,phishing
https://help.un.io/careers,26,2,0,0,1,0,0,0,1,0,3.8731,1,3,0.0,0,safe
http://cutt.ly/6qt0w33,22,1,4,0,0,0,0,0,0,0,3.6247,1,3,0.1818,1,phishing
https://cpac.r1tye.odbj.wgihn3vz.google.xyz/alert,49,5,2,0,1,0,0,0,4,1,4.4998,1,3,0.0408,0,phishing
https://applef9-secure.gq/secure/gj87y,38,1,3,1,1,0,0,0,0,1,4.2185,1,4,0.0789,0,phishing
http://bit.ly/93k3qau,21,1,3,0,0,0,0,0,0,0,3.8442,1,3,0.1429,1,phishing
https://dydx.egz40avr.vjz9.et2f.aipl5gc.icloud.click/account,60,6,5,0,1,0,0,0,5,2,4.627,1,3,0.0833,0,phishing
http://116.103.71.196/coinbase-billing/f5k17c.php,49,4,14,1,0,0,1,0,0,1,4.451,1,4,0.2857,0,phishing
http://is.gd/8l29es4,20,1,4,0,0,0,0,0,0,0,3.8842,1,3,0.2,1,phishing
https://docs.slack.net,22,2,0,0,1,0,0,0,1,0,3.7544,1,2,0.0,0,safe
http://234.103.161.201/facebook-login/xcwvhg.php,48,4,12,1,0,0,1,0,0,1,4.5378,1,4,0.25,0,phishing
http://i9vvb2.nvbwk.7xr4ap1.1sunug4.chase.info/unlock,53,5,7,0,0,0,0,0,4,1,4.636,1,3,0.1321,0,phishing
https://www.github.net/pricing,30,2,0,0,1,0,0,0,1,0,3.8314,1,3,0.0,0,safe
https://en.npr.edu/support/faq?ref=iuhp,39,2,0,0,1,0,0,0,1,1,4.0385,3,4,0.0,0,safe
http://q0hrk6.abaah.2qm2.r5gb4p6.mlju.8oo41kjn.icloud.cf/authenticate,69,7,10,0,0,0,0,0,6,1,4.6898,1,3,0.1449,0,phishing
http://esrcb5q1.io378f.76j.d2y.cuxu83cq.usps.ga/recover,55,6,10,0,0,0,0,0,5,1,4.6671,1,3,0.1818,0,phishing
http://bit.ly/wmtzv2s,21,1,1,0,0,0,0,0,0,0,3.7849,1,3,0.0476,1,phishing
https://help.usps.com/support/faq,33,2,0,0,1,0,0,0,1,1,3.8212,1,4,0.0,0,safe
https://en.who.net/docs/getting-started,39,2,0,1,1,0,0,0,1,0,3.871,1,4,0.0,0,safe
https://outlook-authenticate.ml/support-center/signin/ma6g5jet?id=pztn8gmbbb,76,1,3,2,1,0,0,0,0,3,4.5298,3,5,0.0395,0,phishing
https://en.who.gov/docs/getting-started,39,2,0,1,1,0,0,0,1,0,3.9898,1,4,0.0,0,safe
https://wikipedia.io/en/home,28,1,0,0,1,0,0,0,0,0,3.7804,1,4,0.0,0,safe
https://en.npr.edu/account/settings,35,2,0,0,1,0,0,0,1,1,3.8402,1,4,0.0,0,safe
https://en.notion.net/news/latest,33,2,0,0,1,0,0,0,1,0,3.4724,1,4,0.0,0,safe
http://j6ijb.idre.0sz.3ky.kdgr6.0d02o2.microsoft.ga/suspended,61,7,8,0,0,0,0,0,6,1,4.5447,1,3,0.1311,0,phishing
https://docs.usps.gov/docs/getting-started,42,2,0,1,1,0,0,0,1,0,3.9332,1,4,0.0,0,safe
https://0ut100k-alert.ml/alert/dro8c,36,1,5,1,1,0,0,0,0,1,4.1179,1,4,0.1389,0,phishing
https://faceb00k-webscr.ga/webscr/ik32i,39,1,4,1,1,0,0,0,0,1,4.2336,1,4,0.1026,0,phishing
https://www.coursera.com/about,30,2,0,0,1,0,0,0,1,0,3.8729,1,3,0.0,0,safe
http://lllhav.ns2b.5t4yt.suxo1uk.o8o.coinbase.xyz/alert,55,6,5,0,0,0,0,0,5,1,4.4835,1,3,0.0909,0,phishing
https://help.coursera.net/about,31,2,0,0,1,0,0,0,1,0,3.8732,1,3,0.0,0,safe
https://google-secure.xyz/unlock/suspended/billing/amth6eh4?id=4kdm7vprcf,73,1,4,1,1,0,0,0,0,4,4.7403,3,6,0.0548,0,phishing
http://55.14.8.46/fedex-alert/5ypi3l.php,40,4,9,1,0,0,1,0,0,1,4.2153,1,4,0.225,0,phishing
https://en.irs.org/help/contact,31,2,0,0,1,0,0,0,1,0,3.8574,1,4,0.0,0,safe
https://docs.slack.org/,23,2,0,0,1,0,0,0,1,0,3.7623,1,3,0.0,0,safe
https://en.python.io/careers?ref=oabt,37,2,0,0,1,0,0,0,1,0,4.0672,3,3,0.0,0,safe
https://who.io/help/contact,27,1,0,0,1,0,0,0,0,0,3.6619,1,4,0.0,0,safe
https://en.mit.edu/en/home,26,2,0,0,1,0,0,0,1,0,3.5945,1,4,0.0,0,safe
https://en.duolingo.gov/?ref=agyy,33,2,0,0,1,0,0,0,1,0,4.3091,3,3,0.0,0,safe
https://docs.duolingo.gov/news/latest,37,2,0,0,1,0,0,0,1,0,4.0203,1,4,0.0,0,safe
https://docs.harvard.gov/careers,32,2,0,0,1,0,0,0,1,0,3.8042,1,3,0.0,0,safe
https://www.github.gov/blog/2026/updates,40,2,4,0,1,0,0,0,1,1,4.1939,1,5,0.1,0,safe
https://coinbase-alert.tk/webscr/reset-password/yk55scke?id=x5infjujrl,70,1,3,2,1,0,0,0,0,4,4.5326,3,5,0.0429,0,phishing
https://majj9l.opwj827.5gxmw0t.usps.click/alert,47,4,6,0,1,0,0,0,3,2,4.5381,1,3,0.1277,0,phishing
https://help.khanacademy.gov/help/contact?ref=3c8j,50,2,2,0,1,0,0,0,1,0,4.4288,3,4,0.04,0,safe
https://www.usps.net/?ref=2dt1,30,2,2,0,1,0,0,0,1,0,3.9647,3,3,0.0667,0,safe
http://w7kyf1g.ro7e.v9dl.zkf2r.1dttdt.rgsj.outlook.info/secure,62,7,6,0,0,0,0,0,6,1,4.4938,1,3,0.0968,0,phishing
https://docs.reuters.io/news/latest,35,2,0,0,1,0,0,0,1,0,3.8373,1,4,0.0,0,safe
https://en.nationalgeographic.io/en/home,40,2,0,0,1,0,0,0,1,0,3.8964,1,4,0.0,0,safe
http://57.4.10.36/paypal-suspended/35oiay.php,45,4,9,1,0,0,1,0,0,2,4.3304,1,4,0.2,0,phishing
https://help.who.com/pricing,28,2,0,0,1,0,0,0,1,0,3.9408,1,3,0.0,0,safe
http://rb.gy/5i5mah1,20,1,3,0,0,0,0,0,0,0,3.7842,1,3,0.15,1,phishing
http://is.gd/1nnblkw,20,1,1,0,0,0,0,0,0,0,3.8842,1,3,0.05,1,phishing
https://www.harvard.com/pricing,31,2,0,0,1,0,0,0,1,0,4.0424,1,3,0.0,0,safe
https://www.coursera.org/help/contact,37,2,0,0,1,0,0,0,1,0,3.9387,1,4,0.0,0,safe
http://cutt.ly/sfxbz69,22,1,2,0,0,0,0,0,0,0,3.8797,1,3,0.0909,1,phishing
http://dhl-account.top/verify/reset-password/fw36fxvv?id=f9twxk1qpu,67,1,4,2,0,0,0,0,0,4,4.7168,3,5,0.0597,0,phishing
https://docs.dropbox.net/support/faq,36,2,0,0,1,0,0,0,1,1,3.9823,1,4,0.0,0,safe
http://205.195.244.151/outlook-update/2xem47.php,48,4,15,1,0,0,1,0,0,1,4.298,1,4,0.3125,0,phishing
http://amazon-secure.tk/account/authenticate/z0f39a66?id=zqtezj550w,67,1,8,1,0,0,0,0,0,3,4.57,3,5,0.1194,0,phishing
https://www.nytimes.net?ref=jtni,32,2,0,0,1,0,0,0,1,0,3.9414,3,2,0.0,0,safe
http://qlz1nk.u0orl25.ukkwjb.fzw8fj.ibxkjsh.u0n.amazon.tk/recover,65,7,6,0,0,0,0,0,6,1,4.7101,1,3,0.0923,0,phishing
http://v3cbhkr8.vxrq.7z3z.iwsl.pi8rzom8.gvzkqfu.paypal.ga/reset-password,72,7,6,1,0,0,0,0,6,3,4.6992,1,3,0.0833,0,phishing
https://docs.stackoverflow.com/products,39,2,0,0,1,0,0,0,1,0,4.0453,1,3,0.0,0,safe
https://ic10ud-signin.tk/signin/3rlhv,37,1,3,1,1,0,0,0,0,1,4.0981,1,4,0.0811,0,phishing
https://en.coursera.edu/pricing,31,2,0,0,1,0,0,0,1,0,3.9779,1,3,0.0,0,safe
https://help.nytimes.gov/docs/getting-started,45,2,0,1,1,0,0,0,1,0,4.105,1,4,0.0,0,safe
http://apple-confirm.gq/update/alert/account/verify/mhmywwj7?id=zlbl5pwixw,74,1,2,1,0,0,0,0,0,5,4.7076,3,7,0.027,0,phishing
http://cutt.ly/mzz5ouj,22,1,1,0,0,0,0,0,0,0,3.6978,1,3,0.0455,1,phishing
https://en.github.gov/support/faq,33,2,0,0,1,0,0,0,1,1,4.0518,1,4,0.0,0,safe
https://help.usps.net/pricing,29,2,0,0,1,0,0,0,1,0,3.7454,1,3,0.0,0,safe
https://www.bbc.org/help/contact,32,2,0,0,1,0,0,0,1,0,3.8903,1,4,0.0,0,safe
https://help.bbc.io/support/faq,31,2,0,0,1,0,0,0,1,1,3.9621,1,4,0.0,0,safe
http://is.gd/mginohu,20,1,0,0,0,0,0,0,0,0,3.6842,1,3,0.0,1,phishing
https://help.dropbox.edu/docs/getting-started?ref=1pj6,54,2,2,1,1,0,0,0,1,0,4.433,3,4,0.037,0,safe
https://applec6-login.ga/login/enmuz,36,1,1,1,1,0,0,0,0,1,4.1416,1,4,0.0278,0,phishing
http://236.94.107.216/netflix-secure/jzz189.php,47,4,14,1,0,0,1,0,0,1,4.5967,1,4,0.2979,0,phishing
https://en.mit.org/,19,2,0,0,1,0,0,0,1,0,3.6421,1,3,0.0,0,safe
https://chase-reset-password.xyz/signin/recover/reset-password/authenticate/lzx3wsj5?id=80x1fqivw3,98,1,6,3,1,0,0,0,0,5,4.6574,3,7,0.0612,0,phishing
http://4a3gaw.u5sm05.cuqz2m.pezqavr.985pdw.fedex.gq/billing,59,6,9,0,0,0,0,0,5,1,4.7844,1,3,0.1525,0,phishing
https://figma.net/products,26,1,0,0,1,0,0,0,0,0,4.056,1,3,0.0,0,safe
http://2po5ce.1xm.cws5fl.google.click/support-center,52,4,4,1,0,0,0,0,3,2,4.3712,1,3,0.0769,0,phishing
https://help.spotify.gov/help/contact,37,2,0,0,1,0,0,0,1,0,3.936,1,4,0.0,0,safe
https://bit.ly/0zoh11y,22,1,3,0,1,0,0,0,0,0,3.7544,1,3,0.1364,1,phishing
https://help.trello.org/docs/getting-started,44,2,0,1,1,0,0,0,1,0,3.927,1,4,0.0,0,safe
https://un.io/support/faq,25,1,0,0,1,0,0,0,0,1,3.7035,1,4,0.0,0,safe
http://wellsfargo-login.ga/authenticate/webscr/5dte4fan?id=9fh64scubh,69,1,5,1,0,0,0,0,0,3,4.5778,3,5,0.0725,0,phishing
https://help.notion.net/news/latest?ref=xo6s,44,2,1,0,1,0,0,0,1,0,4.0077,3,4,0.0227,0,safe
http://wellsfargopr-account.top/account/x1b5e,45,1,2,1,0,0,0,0,0,1,4.267,1,4,0.0444,0,phishing
https://en.duolingo.edu/account/settings,40,2,0,0,1,0,0,0,1,1,3.9062,1,4,0.0,0,safe
https://bankofamerica-update.ga/webscr/verify/uovtpk6r?id=wein8376rm,68,1,5,1,1,0,0,0,0,3,4.717,3,5,0.0735,0,phishing
https://www.cloudflare.edu/blog/2026/updates,44,2,4,0,1,0,0,0,1,1,4.2745,1,5,0.0909,0,safe
http://dhl-reset-password.xyz/confirm/login/7rf6bwfs?id=giba5qcrxe,66,1,3,2,0,0,0,0,0,4,4.7566,3,5,0.0455,0,phishing
http://5ny.fp75me.bnehz.0h1ktz.coinbase.gq/login,48,5,5,0,0,0,0,0,4,1,4.4885,1,3,0.1042,0,phishing
https://help.dropbox.gov/help/contact,37,2,0,0,1,0,0,0,1,0,3.9999,1,4,0.0,0,safe
http://wellsfargo-confirm.ga/alert/reset-password/webscr/alert/9hndi0uy?id=r34gfv79ie,85,1,6,2,0,0,0,0,0,5,4.6458,3,7,0.0706,0,phishing
http://rb.gy/6jttz1z,20,1,2,0,0,0,0,0,0,0,3.5842,1,3,0.1,1,phishing
https://rb.gy/n8hpamj,21,1,1,0,1,0,0,0,0,0,3.8802,1,3,0.0476,1,phishing
https://help.stackoverflow.net/products,39,2,0,0,1,0,0,0,1,0,4.1217,1,3,0.0,0,safe
http://rb.gy/zgl0vd7,20,1,2,0,0,0,0,0,0,0,3.8842,1,3,0.1,1,phishing
http://tinyurl.com/3i0dpjg,26,1,2,0,0,0,0,0,0,0,4.1808,1,3,0.0769,1,phishing
https://www.airbnb.net/news/latest,34,2,0,0,1,0,0,0,1,0,3.6794,1,4,0.0,0,safe
https://en.notion.gov/careers,29,2,0,0,1,0,0,0,1,0,3.8313,1,3,0.0,0,safe
https://docs.bbc.com/en/home?ref=rqb5,37,2,1,0,1,0,0,0,1,0,4.1549,3,4,0.027,0,safe
https://cloudflare.edu/products,31,1,0,0,1,0,0,0,0,0,3.889,1,3,0.0,0,safe
http://c0inbase-alert.cf/alert/j0i22,36,1,4,1,0,0,0,0,0,1,4.128,1,4,0.1111,0,phishing
https://help.wikipedia.edu,26,2,0,0,1,0,0,0,1,0,3.7672,1,2,0.0,0,safe
https://help.cloudflare.edu/account/settings,44,2,0,0,1,0,0,0,1,1,4.0815,1,4,0.0,0,safe
http://bankofamerica-secure.cf/alert/unlock/jepgo15v?id=q7on554i2h,66,1,7,1,0,0,0,0,0,3,4.7869,3,5,0.1061,0,phishing
https://www.khanacademy.com/docs/getting-started,48,2,0,1,1,0,0,0,1,0,4.1832,1,4,0.0,0,safe
http://facebookte-support-center.xyz/support-center/w4ihp,57,1,1,3,0,0,0,0,0,1,4.2157,1,4,0.0175,0,phishing
https://docs.npr.io/docs/getting-started,40,2,0,1,1,0,0,0,1,0,3.8964,1,4,0.0,0,safe
https://docs.duolingo.gov/pricing,33,2,0,0,1,0,0,0,1,0,3.9455,1,3,0.0,0,safe
http://facebook-suspended.cf/billing/support-center/verify/recover/i6bvy1wf?id=9m28t22f78,89,1,9,2,0,0,0,0,0,5,4.7609,3,7,0.1011,0,phishing
https://tinyurl.com/e9903zk,27,1,4,0,1,0,0,0,0,0,4.3286,1,3,0.1481,1,phishing
https://usps-confirm.cf/billing/suspended/1udl5u61?id=dptwympn8j,64,1,5,1,1,0,0,0,0,3,4.5946,3,5,0.0781,0,phishing
http://amazon-secure.ga/suspended/login/do5i6edj?id=3lv2uwhj1n,62,1,5,1,0,0,0,0,0,3,4.6864,3,5,0.0806,0,phishing
https://www.khanacademy.net/products?ref=gihy,45,2,0,0,1,0,0,0,1,0,4.4302,3,3,0.0,0,safe
http://wg8.3yf.ky0is.o054a.ffb6c.google.tk/reset-password,57,6,7,1,0,0,0,0,5,2,4.5604,1,3,0.1228,0,phishing
https://airbnb.net/account/settings,35,1,0,0,1,0,0,0,0,1,3.8074,1,4,0.0,0,safe
http://rb.gy/vw490gy,20,1,3,0,0,0,0,0,0,0,3.7842,1,3,0.15,1,phishing
https://223.150.238.46/paypal-unlock/qzchj8.php,47,4,12,1,1,0,1,0,0,2,4.5095,1,4,0.2553,0,phishing
http://tddt6zv.a9qyxr.ruy33xx1.kps.cfu.apple.ga/unlock,54,6,5,0,0,0,0,0,5,1,4.5599,1,3,0.0926,0,phishing
https://www.stackoverflow.gov/support/faq?ref=xjfp,50,2,0,0,1,0,0,0,1,1,4.3337,3,4,0.0,0,safe
http://4yf5z.5kkqx.7p11a59.psd6.m46n.hwly07.bankofamerica.info/suspended,72,7,13,0,0,0,0,0,6,1,4.8236,1,3,0.1806,0,phishing
https://duolingo.io/docs/getting-started,40,1,0,1,1,0,0,0,0,0,3.9587,1,4,0.0,0,safe
https://help.slack.net/products,31,2,0,0,1,0,0,0,1,0,3.9134,1,3,0.0,0,safe
http://mu9dledn.4abjpn.8imvb.l3tfx4.facebook.tk/login,53,5,5,0,0,0,0,0,4,1,4.5697,1,3,0.0943,0,phishing
https://z935.p67rfk7.2k654q.8yfdsb.ykyyul.sgu5oe6d.fedex.ga/billing,67,7,13,0,1,0,0,0,6,1,4.7646,1,3,0.194,0,phishing
http://wellsfargo-recover.tk/unlock/unlock/recover/secure/o9zm7mqy?id=yb7hqs7zci,80,1,4,1,0,0,0,0,0,3,4.6518,3,7,0.05,0,phishing
https://en.un.io/docs/getting-started,37,2,0,1,1,0,0,0,1,0,3.9183,1,4,0.0,0,safe
http://cutt.ly/o8yhgvh,22,1,1,0,0,0,0,0,0,0,3.5726,1,3,0.0455,1,phishing
https://binance-suspended.info/suspended/gel0i,46,1,1,1,1,0,0,0,0,1,4.0401,1,4,0.0217,0,phishing
http://coinbase-reset-password.cf/webscr/suspended/5rgqelra?id=qm17s6nuyd,73,1,4,2,0,0,0,0,0,4,4.5973,3,5,0.0548,0,phishing
http://paypal-alert.cf/billing/unlock/account/support-center/hoqjt5d0?id=tiiiu2g0sd,83,1,4,2,0,0,0,0,0,6,4.5647,3,7,0.0482,0,phishing
https://github.net/,19,1,0,0,1,0,0,0,0,0,3.4714,1,3,0.0,0,safe
https://stackoverflow.io/blog/2026/updates,42,1,4,0,1,0,0,0,0,1,4.3836,1,5,0.0952,0,safe
https://www.github.com/news/latest,34,2,0,0,1,0,0,0,1,0,3.9591,1,4,0.0,0,safe
http://tinyurl.com/9pfvklg,26,1,1,0,0,0,0,0,0,0,4.1808,1,3,0.0385,1,phishing
http://bit.ly/exg6epy,21,1,1,0,0,0,0,0,0,0,3.6538,1,3,0.0476,1,phishing
http://dec.rvldwd.fe3.u6b.wellsfargo.gq/authenticate,52,5,2,0,0,0,0,0,4,1,4.3957,1,3,0.0385,0,phishing
https://dh1-recover.top/recover/8v1xu,37,1,3,1,1,0,0,0,0,1,3.9591,1,4,0.0811,0,phishing
https://92.212.78.66/instagram-reset-password/2ij4bd.php,56,4,11,2,1,0,1,0,0,2,4.5017,1,4,0.1964,0,phishing
https://docs.usps.com/about,27,2,0,0,1,0,0,0,1,0,3.634,1,3,0.0,0,safe
http://cutt.ly/z7rw8bd,22,1,2,0,0,0,0,0,0,0,3.8797,1,3,0.0909,1,phishing
https://en.harvard.org/account/settings?ref=1hs5,48,2,2,0,1,0,0,0,1,1,4.2802,3,4,0.0417,0,safe
https://icloud-reset-password.gq/login/unlock/authenticate/jheoy83x?id=4rfkl6415a,81,1,7,2,1,0,0,0,0,5,4.7995,3,6,0.0864,0,phishing
https://en.stackoverflow.gov/careers,36,2,0,0,1,0,0,0,1,0,4.0651,1,3,0.0,0,safe
https://en.github.org/pricing,29,2,0,0,1,0,0,0,1,0,3.8573,1,3,0.0,0,safe
https://198.136.28.163/amazon-reset-password/yjnewp.php,55,4,11,2,1,0,1,0,0,2,4.4608,1,4,0.2,0,phishing
http://coinbase7c-webscr.top/webscr/b4o3n,41,1,3,1,0,0,0,0,0,1,4.1132,1,4,0.0732,0,phishing
http://binanceaf-suspended.gq/suspended/dhga0,45,1,1,1,0,0,0,0,0,1,4.0534,1,4,0.0222,0,phishing
https://harvard.net/en/home,27,1,0,0,1,0,0,0,0,0,3.708,1,4,0.0,0,safe
http://appleeu-billing.click/billing/n314h,42,1,3,1,0,0,0,0,0,2,4.044,1,4,0.0714,0,phishing
https://www.slack.gov/news/latest,33,2,0,0,1,0,0,0,1,0,3.8323,1,4,0.0,0,safe
https://en.harvard.edu/news/latest,34,2,0,0,1,0,0,0,1,0,3.8078,1,4,0.0,0,safe
https://airbnb.net/products,27,1,0,0,1,0,0,0,0,0,3.9121,1,3,0.0,0,safe
https://en.github.io/pricing,28,2,0,0,1,0,0,0,1,0,3.8249,1,3,0.0,0,safe
http://microsoft-unlock.ml/secure/recover/secure/00gmhvkv?id=xkpki9du69,71,1,5,1,0,0,0,0,0,3,4.5439,3,6,0.0704,0,phishing
https://docs.khanacademy.net/docs/getting-started,49,2,0,1,1,0,0,0,1,0,4.04,1,4,0.0,0,safe
http://170.12.114.181/facebook-suspended/izkbfb.php,51,4,11,1,0,0,1,0,0,1,4.4367,1,4,0.2157,0,phishing
http://chase-webscr.xyz/webscr/xxwyj,36,1,0,1,0,0,0,0,0,1,4.0095,1,4,0.0,0,phishing
https://help.python.com/careers,31,2,0,0,1,0,0,0,1,0,3.8647,1,3,0.0,0,safe
http://tinyurl.com/0v3ytww,26,1,2,0,0,0,0,0,0,0,4.056,1,3,0.0769,1,phishing
https://trello.gov,18,1,0,0,1,0,0,0,0,0,3.5724,1,2,0.0,0,safe
https://www.reuters.gov/support/faq,35,2,0,0,1,0,0,0,1,1,3.9002,1,4,0.0,0,safe
http://rb.gy/newyvwk,20,1,0,0,0,0,0,0,0,0,3.7842,1,3,0.0,1,phishing
https://facebook-signin.ga/verify/login/5i5r8ifv?id=f4vb50pfoj,62,1,6,1,1,0,0,0,0,3,4.6011,3,5,0.0968,0,phishing
https://www.dropbox.gov/en/home,31,2,0,0,1,0,0,0,1,0,3.9621,1,4,0.0,0,safe
https://rb.gy/p3doxvw,21,1,1,0,1,0,0,0,0,0,3.9754,1,3,0.0476,1,phishing
https://stackoverflow.io/about?ref=o7rm,39,1,1,0,1,0,0,0,0,0,4.3336,3,3,0.0256,0,safe
https://docs.python.gov/en/home,31,2,0,0,1,0,0,0,1,0,3.8087,1,4,0.0,0,safe
https://help.python.net/pricing,31,2,0,0,1,0,0,0,1,0,3.7844,1,3,0.0,0,safe
http://238.31.104.235/microsoft-authenticate/8cecps.php,55,4,12,1,0,0,1,0,0,1,4.4036,1,4,0.2182,0,phishing
https://www.notion.com/careers?ref=gggs,39,2,0,0,1,0,0,0,1,0,4.1562,3,3,0.0,0,safe
http://dhlfn-confirm.ml/confirm/cqvcj,37,1,0,1,0,0,0,0,0,1,4.0672,1,4,0.0,0,phishing
https://docs.npr.net/account/settings,37,2,0,0,1,0,0,0,1,1,3.7969,1,4,0.0,0,safe
https://npr.io/,15,1,0,0,1,0,0,0,0,0,3.3232,1,3,0.0,0,safe
https://en.stackoverflow.org/,29,2,0,0,1,0,0,0,1,0,4.0902,1,3,0.0,0,safe
https://chase-secure.ga/secure/k2z6p,36,1,2,1,1,0,0,0,0,1,3.9376,1,4,0.0556,0,phishing
https://help.reuters.io/about,29,2,0,0,1,0,0,0,1,0,3.7714,1,3,0.0,0,safe
https://mit.net/careers,23,1,0,0,1,0,0,0,0,0,3.5884,1,3,0.0,0,safe
https://165.26.123.224/outlook-reset-password/ou3ihh.php,56,4,12,2,1,0,1,0,0,2,4.35,1,4,0.2143,0,phishing
https://en.airbnb.edu/pricing,29,2,0,0,1,0,0,0,1,0,3.9523,1,3,0.0,0,safe
http://wellsfargo-alert.ml/login/recover/webscr/support-center/rbwkbuwc?id=w4j6e7r2jy,85,1,4,2,0,0,0,0,0,5,4.6297,3,7,0.0471,0,phishing
https://41.142.23.211/microsoft-secure/u49d0e.php,49,4,13,1,1,0,1,0,0,1,4.3386,1,4,0.2653,0,phishing
https://en.nasa.com/support/faq?ref=aynu,40,2,0,0,1,0,0,0,1,1,4.1464,3,4,0.0,0,safe
https://docs.stackoverflow.edu/blog/2026/updates,48,2,4,0,1,0,0,0,1,1,4.3533,1,5,0.0833,0,safe
https://help.notion.net/blog/2026/updates,41,2,4,0,1,0,0,0,1,1,4.0834,1,5,0.0976,0,safe
http://binance-unlock.tk/verify/secure/signin/authenticate/93ztt815?id=zt22tf0myw,81,1,8,1,0,0,0,0,0,5,4.699,3,7,0.0988,0,phishing
http://133.146.7.240/google-secure/lxxk67.php,45,4,12,1,0,0,1,0,0,1,4.4361,1,4,0.2667,0,phishing
http://googlev8-confirm.ml/confirm/8ovcc,40,1,2,1,0,0,0,0,0,1,4.0628,1,4,0.05,0,phishing
http://google-suspended.xyz/confirm/login/0bnt7kp1?id=589n95mzmj,64,1,8,1,0,0,0,0,0,3,4.8359,3,5,0.125,0,phishing
https://notion.com/products,27,1,0,0,1,0,0,0,0,0,3.6899,1,3,0.0,0,safe
https://cutt.ly/s3vjmeh,23,1,1,0,1,0,0,0,0,0,3.7951,1,3,0.0435,1,phishing
http://microsoft-unlock.info/recover/support-center/1dfm7c4v?id=ff6hkgywlx,74,1,4,2,0,0,0,0,0,3,4.6713,3,5,0.0541,0,phishing
https://docs.bbc.io/products,28,2,0,0,1,0,0,0,1,0,3.6726,1,3,0.0,0,safe
https://docs.airbnb.com/pricing,31,2,0,0,1,0,0,0,1,0,3.9779,1,3,0.0,0,safe
https://en.duolingo.edu/blog/2026/updates?ref=kp7i,50,2,5,0,1,0,0,0,1,1,4.4962,3,5,0.1,0,safe
https://www.un.com/pricing,26,2,0,0,1,0,0,0,1,0,3.8731,1,3,0.0,0,safe
https://google2d-login.ml/login/9ex9g,37,1,3,1,1,0,0,0,0,1,3.9768,1,4,0.0811,0,phishing
http://86.106.174.215/binance-recover/zwu7cz.php,48,4,12,1,0,0,1,0,0,1,4.5637,1,4,0.25,0,phishing
http://icloud-recover.top/secure/billing/support-center/wr9c47ax?id=o8nm8xzmlh,78,1,5,2,0,0,0,0,0,4,4.6332,3,6,0.0641,0,phishing
http://amazon-support-center.gq/webscr/signin/authenticate/65jiu7m5?id=c8u7azlpxd,81,1,6,2,0,0,0,0,0,4,4.6965,3,6,0.0741,0,phishing
https://en.nytimes.gov/,23,2,0,0,1,0,0,0,1,0,3.7623,1,3,0.0,0,safe
https://help.trello.org/about,29,2,0,0,1,0,0,0,1,0,3.7454,1,3,0.0,0,safe
https://en.who.org/careers,26,2,0,0,1,0,0,0,1,0,3.7672,1,3,0.0,0,safe
http://coinbase-confirm.info/verify/reset-password/k5dqnyll?id=wf1qipahi4,73,1,3,2,0,0,0,0,0,4,4.6517,3,5,0.0411,0,phishing
https://slack.com/news/latest,29,1,0,0,1,0,0,0,0,0,3.7545,1,4,0.0,0,safe
https://www.khanacademy.gov/products,36,2,0,0,1,0,0,0,1,0,4.2527,1,3,0.0,0,safe
http://89.51.66.43/bankofamerica-support-center/36nl73.php,58,4,12,2,0,0,1,0,0,1,4.6142,1,4,0.2069,0,phishing
https://help.mozilla.edu/help/contact,37,2,0,0,1,0,0,0,1,0,3.9591,1,4,0.0,0,safe
https://slack.gov/pricing?ref=7tv5,34,1,2,0,1,0,0,0,0,0,4.396,3,3,0.0588,0,safe
https://en.cloudflare.gov/docs/getting-started,46,2,0,1,1,0,0,0,1,0,4.1642,1,4,0.0,0,safe
https://www.reuters.net,23,2,0,0,1,0,0,0,1,0,3.4144,1,2,0.0,0,safe
https://docs.nasa.org/support/faq?ref=qdi0,42,2,1,0,1,0,0,0,1,1,4.2548,3,4,0.0238,0,safe
http://instagram-support-center.xyz/suspended/update/support-center/authenticate/5uum7e88?id=c2n36eweu5,103,1,8,3,0,0,0,0,0,4,4.4513,3,7,0.0777,0,phishing
https://en.dropbox.io/careers,29,2,0,0,1,0,0,0,1,0,3.9263,1,3,0.0,0,safe
https://www.cloudflare.org/docs/getting-started,47,2,0,1,1,0,0,0,1,0,4.176,1,4,0.0,0,safe
http://3.116.35.34/paypal-confirm/pucj7o.php,44,4,9,1,0,0,1,0,0,2,4.3625,1,4,0.2045,0,phishing
http://106.180.107.146/bankofamerica-update/t0biek.php,54,4,13,1,0,0,1,0,0,1,4.4446,1,4,0.2407,0,phishing
http://icloud6b-update.ml/update/bo1ae,38,1,2,1,0,0,0,0,0,1,4.0433,1,4,0.0526,0,phishing
http://71.151.120.114/amazon-recover/50rfpz.php,47,4,13,1,0,0,1,0,0,1,4.2724,1,4,0.2766,0,phishing
https://khanacademy.net/about,29,1,0,0,1,0,0,0,0,0,3.9354,1,3,0.0,0,safe
https://en.harvard.edu/about,28,2,0,0,1,0,0,0,1,0,3.8693,1,3,0.0,0,safe
https://en.dropbox.gov/careers,30,2,0,0,1,0,0,0,1,0,4.0062,1,3,0.0,0,safe
https://help.duolingo.edu/pricing,33,2,0,0,1,0,0,0,1,0,4.0061,1,3,0.0,0,safe
https://is.gd/em3cuti,21,1,1,0,1,0,0,0,0,0,3.749,1,3,0.0476,1,phishing
https://help.cloudflare.io/products,35,2,0,0,1,0,0,0,1,0,3.9929,1,3,0.0,0,safe
https://www.khanacademy.io,26,2,0,0,1,0,0,0,1,0,4.027,1,2,0.0,0,safe
https://docs.nationalgeographic.edu/blog/2026/updates,53,2,4,0,1,0,0,0,1,1,4.3056,1,5,0.0755,0,safe
https://www.nasa.net/news/latest,32,2,0,0,1,0,0,0,1,0,3.3789,1,4,0.0,0,safe
http://netflix-suspended.info/recover/unlock/unlock/webscr/az67v6pj?id=eeomcrtig4,81,1,4,1,0,0,0,0,0,4,4.6824,3,7,0.0494,0,phishing
https://www.mozilla.org/,24,2,0,0,1,0,0,0,1,0,3.8554,1,3,0.0,0,safe
https://help.coursera.gov/support/faq,37,2,0,0,1,0,0,0,1,1,3.9927,1,4,0.0,0,safe
https://khanacademy.net/,24,1,0,0,1,0,0,0,0,0,3.7406,1,3,0.0,0,safe
https://bankofamerica-suspended.ml/update/webscr/unlock/alert/0ql4m909?id=gno4ik59g9,84,1,9,1,1,0,0,0,0,5,4.716,3,7,0.1071,0,phishing
http://z6py.qo52frb.srur.w01ba.aff0.instagram.ga/webscr,55,6,6,0,0,0,0,0,5,1,4.4995,1,3,0.1091,0,phishing
http://rb.gy/xmiiry4,20,1,1,0,0,0,0,0,0,0,3.6842,1,3,0.05,1,phishing
https://docs.who.io/account/settings,36,2,0,0,1,0,0,0,1,1,3.8265,1,4,0.0,0,safe
https://www.spotify.io?ref=v1a1,31,2,2,0,1,0,0,0,1,0,4.1313,3,2,0.0645,0,safe
https://spotify.gov/en/home,27,1,0,0,1,0,0,0,0,0,3.8101,1,4,0.0,0,safe
https://npr.gov/products,24,1,0,0,1,0,0,0,0,0,3.7406,1,3,0.0,0,safe
http://70.146.187.125/amazon-webscr/dvsqxg.php,46,4,11,1,0,0,1,0,0,1,4.7516,1,4,0.2391,0,phishing
http://bit.ly/v3hfhic,21,1,1,0,0,0,0,0,0,0,3.6178,1,3,0.0476,1,phishing
https://dhlke-support-center.top/support-center/h8hcd,53,1,1,3,1,0,0,0,0,1,3.9206,1,4,0.0189,0,phishing
http://86mb.g10q.17ajz9.s9whg2.1hjr5y.chase.gq/login,52,6,11,0,0,0,0,0,5,1,4.6808,1,3,0.2115,0,phishing
https://help.harvard.edu/,25,2,0,0,1,0,0,0,1,0,3.7035,1,3,0.0,0,safe
https://www.harvard.io/,23,2,0,0,1,0,0,0,1,0,3.6753,1,3,0.0,0,safe
https://en.mit.gov/careers,26,2,0,0,1,0,0,0,1,0,3.921,1,3,0.0,0,safe
http://142.57.229.108/wellsfargo-support-center/5wbg42.php,58,4,14,2,0,0,1,0,0,1,4.5973,1,4,0.2414,0,phishing
https://en.nasa.net/,20,2,0,0,1,0,0,0,1,0,3.2087,1,3,0.0,0,safe
https://en.airbnb.org/news/latest,33,2,0,0,1,0,0,0,1,0,3.8849,1,4,0.0,0,safe
https://help.stackoverflow.gov/news/latest,42,2,0,0,1,0,0,0,1,0,4.0323,1,4,0.0,0,safe
https://119.194.44.158/amazon-secure/7xbkpb.php,47,4,12,1,1,0,1,0,0,1,4.4747,1,4,0.2553,0,phishing
https://docs.airbnb.com/account/settings,40,2,0,0,1,0,0,0,1,1,3.9939,1,4,0.0,0,safe
https://bbc.com/careers?ref=dug8,32,1,1,0,1,0,0,0,0,0,4.2181,3,3,0.0312,0,safe
https://www.airbnb.net/products,31,2,0,0,1,0,0,0,1,0,4.0023,1,3,0.0,0,safe
https://wellsfargo-suspended.cf/billing/reset-password/authenticate/k05n1zt7?id=upjb34x74a,90,1,8,2,1,0,0,0,0,5,4.7631,3,6,0.0889,0,phishing
https://help.nytimes.gov/support/faq,36,2,0,0,1,0,0,0,1,1,4.149,1,4,0.0,0,safe
https://www.bbc.gov/account/settings,36,2,0,0,1,0,0,0,1,1,3.9512,1,4,0.0,0,safe
https://trello.edu/,19,1,0,0,1,0,0,0,0,0,3.5369,1,3,0.0,0,safe
https://en.notion.org/support/faq,33,2,0,0,1,0,0,0,1,1,3.8471,1,4,0.0,0,safe
http://appleez-secure.info/secure/52bxj,39,1,2,1,0,0,0,0,0,1,4.3043,1,4,0.0513,0,phishing
http://bit.ly/477mfk2,21,1,4,0,0,0,0,0,0,0,3.8442,1,3,0.1905,1,phishing
https://www.stackoverflow.net/docs/getting-started,50,2,0,1,1,0,0,0,1,0,4.1488,1,4,0.0,0,safe
https://en.spotify.net/about,28,2,0,0,1,0,0,0,1,0,3.7943,1,3,0.0,0,safe
https://www.notion.com/about,28,2,0,0,1,0,0,0,1,0,3.7534,1,3,0.0,0,safe
http://131.85.159.50/outlook-alert/g8upzi.php,45,4,11,1,0,0,1,0,0,1,4.286,1,4,0.2444,0,phishing
https://en.nasa.gov/,20,2,0,0,1,0,0,0,1,0,3.5842,1,3,0.0,0,safe
http://cus.y90g53m.4ae.6rz20e3b.icloud.xyz/unlock,49,5,9,0,0,0,0,0,4,1,4.7601,1,3,0.1837,0,phishing
https://docs.nytimes.net/account/settings,41,2,0,0,1,0,0,0,1,1,3.8266,1,4,0.0,0,safe
https://en.nytimes.org/account/settings,39,2,0,0,1,0,0,0,1,1,3.894,1,4,0.0,0,safe
https://netf1ix-unlock.gq/unlock/67zzx,38,1,3,1,1,0,0,0,0,1,4.4187,1,4,0.0789,0,phishing
http://tinyurl.com/eaylrfn,26,1,0,0,0,0,0,0,0,0,4.027,1,3,0.0,1,phishing
http://tinyurl.com/2ebme78,26,1,3,0,0,0,0,0,0,0,4.1808,1,3,0.1154,1,phishing
http://128.198.87.118/paypal-alert/vgnh6o.php,45,4,12,1,0,0,1,0,0,2,4.1613,1,4,0.2667,0,phishing
https://www.mozilla.io/docs/getting-started,43,2,0,1,1,0,0,0,1,0,4.1581,1,4,0.0,0,safe
https://coursera.com/careers,28,1,0,0,1,0,0,0,0,0,3.6281,1,3,0.0,0,safe
http://185.105.229.1/bankofamerica-confirm/vlpcqu.php,53,4,10,1,0,0,1,0,0,1,4.6286,1,4,0.1887,0,phishing
http://paypal-alert.ga/billing/unlock/q21vcr3f?id=v9ciabtym4,60,1,5,1,0,0,0,0,0,4,4.7012,3,5,0.0833,0,phishing
http://bit.ly/dcnlk1b,21,1,1,0,0,0,0,0,0,0,3.749,1,3,0.0476,1,phishing
https://en.duolingo.gov/news/latest,35,2,0,0,1,0,0,0,1,0,3.9573,1,4,0.0,0,safe
https://dropbox.io/pricing,26,1,0,0,1,0,0,0,0,0,3.8151,1,3,0.0,0,safe
https://www.slack.org/careers,29,2,0,0,1,0,0,0,1,0,3.8573,1,3,0.0,0,safe
https://docs.airbnb.net/help/contact,36,2,0,0,1,0,0,0,1,0,3.9166,1,4,0.0,0,safe
https://dhl-secure.xyz/support-center/recover/login/bx1n05ct?id=r244hrcw23,74,1,8,2,1,0,0,0,0,4,4.6734,3,6,0.1081,0,phishing
https://docs.notion.edu/news/latest,35,2,0,0,1,0,0,0,1,0,3.8186,1,4,0.0,0,safe
http://tinyurl.com/cpb4nwo,26,1,1,0,0,0,0,0,0,0,4.027,1,3,0.0385,1,phishing
http://g83.1i8.2t21311.zdfhmxky.ivnh2.bankofamerica.info/suspended,66,6,11,0,0,0,0,0,5,1,4.6573,1,3,0.1667,0,phishing
https://reuters.io/account/settings,35,1,0,0,1,0,0,0,0,1,3.7503,1,4,0.0,0,safe
https://help.notion.gov/help/contact,36,2,0,0,1,0,0,0,1,0,3.7845,1,4,0.0,0,safe
http://48.106.214.118/facebook-confirm/lqryoh.php,49,4,11,1,0,0,1,0,0,1,4.5227,1,4,0.2245,0,phishing
https://mit.edu/en/home,23,1,0,0,1,0,0,0,0,0,3.5884,1,4,0.0,0,safe
https://docs.mozilla.edu/account/settings,41,2,0,0,1,0,0,0,1,1,4.062,1,4,0.0,0,safe
http://226.69.183.2/facebook-recover/9ud4sf.php,47,4,11,1,0,0,1,0,0,1,4.5116,1,4,0.234,0,phishing
http://bit.ly/70onnwc,21,1,2,0,0,0,0,0,0,0,3.8442,1,3,0.0952,1,phishing
https://notion.edu/account/settings,35,1,0,0,1,0,0,0,0,1,3.7287,1,4,0.0,0,safe
http://outlook0l-suspended.info/suspended/1fdox,47,1,2,1,0,0,0,0,0,1,4.0601,1,4,0.0426,0,phishing
https://en.irs.edu/support/faq,30,2,0,0,1,0,0,0,1,1,3.8981,1,4,0.0,0,safe
http://instagram-unlock.ml/unlock/3vqqs,39,1,1,1,0,0,0,0,0,1,4.3043,1,4,0.0256,0,phishing
https://docs.nationalgeographic.com/products,44,2,0,0,1,0,0,0,1,0,4.0815,1,3,0.0,0,safe
http://0jy9q2.63mc.jxlndyd.0m0c2.coinbase.ml/confirm,52,5,8,0,0,0,0,0,4,1,4.5875,1,3,0.1538,0,phishing
https://www.nytimes.net,23,2,0,0,1,0,0,0,1,0,3.5342,1,2,0.0,0,safe
https://help.github.gov/docs/getting-started,44,2,0,1,1,0,0,0,1,0,4.0977,1,4,0.0,0,safe
https://www.who.gov/docs/getting-started,40,2,0,1,1,0,0,0,1,0,3.9776,1,4,0.0,0,safe
https://docs.who.org/pricing,28,2,0,0,1,0,0,0,1,0,3.8249,1,3,0.0,0,safe
http://4.226.219.88/dhl-alert/mbcprn.php,40,4,9,1,0,0,1,0,0,1,4.2153,1,4,0.225,0,phishing
http://bit.ly/nejec9h,21,1,1,0,0,0,0,0,0,0,3.749,1,3,0.0476,1,phishing
https://en.stackoverflow.net/en/home,36,2,0,0,1,0,0,0,1,0,3.9722,1,4,0.0,0,safe
http://micr0s0ft-update.xyz/update/kicqc,40,1,2,1,0,0,0,0,0,1,4.2939,1,4,0.05,0,phishing
https://mit.io/careers,22,1,0,0,1,0,0,0,0,0,3.6635,1,3,0.0,0,safe
https://en.stackoverflow.net/blog/2026/updates,46,2,4,0,1,0,0,0,1,1,4.3773,1,5,0.087,0,safe
https://khanacademy.io/careers?ref=vr8x,39,1,1,0,1,0,0,0,0,0,4.343,3,3,0.0256,0,safe
http://bankofamerica-billing.xyz/unlock/recover/update/0v4d2smj?id=g7ocjrlzq0,77,1,5,1,0,0,0,0,0,4,4.8931,3,6,0.0649,0,phishing
http://omnp98.0vecn.s9md9isf.ch1d.icloud.info/unlock,52,5,6,0,0,0,0,0,4,1,4.3422,1,3,0.1154,0,phishing
https://99.80.156.203/icloud-verify/tpv1w6.php,46,4,12,1,1,0,1,0,0,1,4.5941,1,4,0.2609,0,phishing
http://facebook-unlock.click/account/account/suspended/secure/gkwidcqp?id=lce8k6hjs4,84,1,3,1,0,0,0,0,0,5,4.4749,3,7,0.0357,0,phishing
https://en.duolingo.edu/about?ref=16xb,38,2,2,0,1,0,0,0,1,0,4.4118,3,3,0.0526,0,safe
https://docs.nytimes.io/products,32,2,0,0,1,0,0,0,1,0,3.8903,1,3,0.0,0,safe
http://binance-authenticate.ga/authenticate/c05dp,49,1,2,1,0,0,0,0,0,1,3.806,1,4,0.0408,0,phishing
https://help.duolingo.io/account/settings,41,2,0,0,1,0,0,0,1,1,3.946,1,4,0.0,0,safe
https://wikipedia.io/support/faq,32,1,0,0,1,0,0,0,0,1,3.9139,1,4,0.0,0,safe
http://45.37.232.127/dhl-login/yqpo93.php,41,4,12,1,0,0,1,0,0,1,4.2291,1,4,0.2927,0,phishing
https://0uy8vhj.d0i205lo.ub2nqrie.ht1x.paypal.tk/authenticate,61,5,8,0,1,0,0,0,4,2,4.5571,1,3,0.1311,0,phishing
https://docs.nationalgeographic.org,35,2,0,0,1,0,0,0,1,0,3.9789,1,2,0.0,0,safe
https://help.airbnb.org/help/contact,36,2,0,0,1,0,0,0,1,0,3.9613,1,4,0.0,0,safe
http://rb.gy/02er7bm,20,1,3,0,0,0,0,0,0,0,3.7842,1,3,0.15,1,phishing
http://wellsfargod7-account.ml/account/tts9d,44,1,2,1,0,0,0,0,0,1,4.2373,1,4,0.0455,0,phishing
http://101.136.174.228/wellsfargo-suspended/6r7zv5.php,54,4,15,1,0,0,1,0,0,1,4.6899,1,4,0.2778,0,phishing
https://help.figma.net/docs/getting-started,43,2,0,1,1,0,0,0,1,0,4.0504,1,4,0.0,0,safe
https://95.91.4.246/facebook-reset-password/9ddjb1.php,54,4,10,2,1,0,1,0,0,2,4.4628,1,4,0.1852,0,phishing
https://wikipedia.io/products,29,1,0,0,1,0,0,0,0,0,3.8833,1,3,0.0,0,safe
https://docs.dropbox.gov/products,33,2,0,0,1,0,0,0,1,0,3.7903,1,3,0.0,0,safe
https://help.coursera.org/help/contact,38,2,0,0,1,0,0,0,1,0,3.8656,1,4,0.0,0,safe
https://help.nasa.com/careers,29,2,0,0,1,0,0,0,1,0,3.7883,1,3,0.0,0,safe
https://help.nasa.gov/account/settings,38,2,0,0,1,0,0,0,1,1,3.9027,1,4,0.0,0,safe
https://en.github.io/news/latest?ref=udd4,41,2,1,0,1,0,0,0,1,0,4.2755,3,4,0.0244,0,safe
https://ruylqm9r.j52.ew2o07va.2duh8jwf.hbmf812i.4wg.instagram.top/login,71,7,12,0,1,0,0,0,6,1,4.8195,1,3,0.169,0,phishing
http://tinyurl.com/s9a9xw3,26,1,3,0,0,0,0,0,0,0,4.2578,1,3,0.1154,1,phishing
https://help.nationalgeographic.io/products?ref=0yby,52,2,1,0,1,0,0,0,1,0,4.421,3,3,0.0192,0,safe
https://en.irs.io/blog/2026/updates?ref=nkrj,44,2,4,0,1,0,0,0,1,1,4.4906,3,5,0.0909,0,safe
http://g00g1e-webscr.tk/webscr/iye8t,36,1,4,1,0,0,0,0,0,1,4.1144,1,4,0.1111,0,phishing
http://outlook-update.xyz/confirm/suspended/verify/e9w6aww8?id=fgu2qrzxph,73,1,4,1,0,0,0,0,0,4,4.8181,3,6,0.0548,0,phishing
https://docs.mit.edu/support/faq,32,2,0,0,1,0,0,0,1,1,3.9528,1,4,0.0,0,safe
http://usps-account.top/account/nx3m8,37,1,2,1,0,0,0,0,0,1,3.8411,1,4,0.0541,0,phishing
http://wellsfargokv-verify.ml/verify/71s2b,42,1,3,1,0,0,0,0,0,1,4.4453,1,4,0.0714,0,phishing
https://docs.mozilla.gov/news/latest,36,2,0,0,1,0,0,0,1,0,4.0724,1,4,0.0,0,safe
https://microsoft14-recover.click/recover/vszx9,47,1,3,1,1,0,0,0,0,2,4.2039,1,4,0.0638,0,phishing
http://233.127.85.207/microsoft-update/giox56.php,49,4,13,1,0,0,1,0,0,1,4.5635,1,4,0.2653,0,phishing
https://help.nasa.org/products?ref=5e7a,39,2,2,0,1,0,0,0,1,0,4.2781,3,3,0.0513,0,safe
http://bit.ly/639gyjy,21,1,3,0,0,0,0,0,0,0,3.713,1,3,0.1429,1,phishing
https://docs.dropbox.org/,25,2,0,0,1,0,0,0,1,0,3.6537,1,3,0.0,0,safe
https://docs.coursera.gov/en/home?ref=59y7,42,2,3,0,1,0,0,0,1,0,4.404,3,4,0.0714,0,safe
https://is.gd/8ga1e5n,21,1,3,0,1,0,0,0,0,0,3.8802,1,3,0.1429,1,phishing
https://docs.stackoverflow.io/,30,2,0,0,1,0,0,0,1,0,4.0314,1,3,0.0,0,safe
https://docs.npr.net,20,2,0,0,1,0,0,0,1,0,3.5842,1,2,0.0,0,safe
https://142.14.231.75/chase-authenticate/q00x6u.php,51,4,13,1,1,0,1,0,0,1,4.366,1,4,0.2549,0,phishing
https://instagram-signin.cf/recover/suspended/2tkk8pu0?id=044fwpbkk1,68,1,7,1,1,0,0,0,0,3,4.6944,3,5,0.1029,0,phishing
https://coursera.io/support/faq,31,1,0,0,1,0,0,0,0,1,3.8002,1,4,0.0,0,safe
https://help.coursera.io/news/latest,36,2,0,0,1,0,0,0,1,0,3.8921,1,4,0.0,0,safe
https://help.figma.io/products,30,2,0,0,1,0,0,0,1,0,4.0981,1,3,0.0,0,safe
http://dhlu5-unlock.ml/unlock/rtzx0,35,1,2,1,0,0,0,0,0,1,4.1147,1,4,0.0571,0,phishing
https://docs.trello.com/pricing,31,2,0,0,1,0,0,0,1,0,3.9536,1,3,0.0,0,safe
http://microsoft-confirm.tk/suspended/suspended/suspended/webscr/8ubgm8fp?id=6xtg9tlokz,87,1,4,1,0,0,0,0,0,3,4.5366,3,7,0.046,0,phishing
https://f3tneit.tunw.6eev.wcj3kd.r6cmyx2.w0lqmmg0.dhl.gq/alert,62,7,7,0,1,0,0,0,6,1,4.6287,1,3,0.1129,0,phishing
http://dhlh8-billing.tk/billing/rz5rg,37,1,2,1,0,0,0,0,0,1,3.9156,1,4,0.0541,0,phishing
https://www.mozilla.com/about?ref=rooo,38,2,0,0,1,0,0,0,1,0,4.2012,3,3,0.0,0,safe
https://en.khanacademy.org/,27,2,0,0,1,0,0,0,1,0,4.0323,1,3,0.0,0,safe
https://amaz0n-confirm.top/confirm/x0bvo,40,1,2,1,1,0,0,0,0,1,4.2153,1,4,0.05,0,phishing
https://en.harvard.io/account/settings,38,2,0,0,1,0,0,0,1,1,3.9881,1,4,0.0,0,safe
http://cutt.ly/k1qy5wc,22,1,2,0,0,0,0,0,0,0,3.6978,1,3,0.0909,1,phishing
http://netflix-login.click/signin/signin/secure/4a5468zh?id=7lx0e01qck,70,1,9,1,0,0,0,0,0,4,4.6538,3,6,0.1286,0,phishing
http://3a5.6nnfpitc.4xsl.cezx2.xu4t7.nj9ea5.google.tk/login,59,7,9,0,0,0,0,0,6,1,4.5303,1,3,0.1525,0,phishing
https://help.github.org/blog/2026/updates,41,2,4,0,1,0,0,0,1,1,4.1411,1,5,0.0976,0,safe
https://docs.nasa.com/support/faq,33,2,0,0,1,0,0,0,1,1,3.862,1,4,0.0,0,safe
http://219.203.130.175/paypal-webscr/7ek5dt.php,47,4,14,1,0,0,1,0,0,2,4.4244,1,4,0.2979,0,phishing
https://en.nytimes.com/pricing,30,2,0,0,1,0,0,0,1,0,3.8729,1,3,0.0,0,safe
https://usps.net/about,22,1,0,0,1,0,0,0,0,0,3.4817,1,3,0.0,0,safe
http://dh1-support-center.xyz/support-center/tg35n,50,1,3,3,0,0,0,0,0,1,4.1484,1,4,0.06,0,phishing
http://wellsfargot7-signin.click/signin/blvg0,45,1,2,1,0,0,0,0,0,2,4.267,1,4,0.0444,0,phishing
http://ukcl36.grvq8fe.h4k6rv7.84rqc.l0l.7zw8b5l.netflix.tk/unlock,65,7,12,0,0,0,0,0,6,1,4.635,1,3,0.1846,0,phishing
https://173.72.210.139/dhl-webscr/ye9m9k.php,44,4,13,1,1,0,1,0,0,1,4.3908,1,4,0.2955,0,phishing
https://cloudflare.edu/help/contact?ref=2f6z,44,1,2,0,1,0,0,0,0,0,4.2716,3,4,0.0455,0,safe
https://rb.gy/wcl5ejy,21,1,1,0,1,0,0,0,0,0,3.9754,1,3,0.0476,1,phishing
https://is.gd/9sjxc3z,21,1,2,0,1,0,0,0,0,0,3.8442,1,3,0.0952,1,phishing
https://en.nasa.gov/en/home,27,2,0,0,1,0,0,0,1,0,3.6619,1,4,0.0,0,safe
https://www.nasa.gov/about,26,2,0,0,1,0,0,0,1,0,3.7381,1,3,0.0,0,safe
https://192.156.147.9/fedex-reset-password/dj24kh.php,53,4,12,2,1,0,1,0,0,2,4.4257,1,4,0.2264,0,phishing
http://bit.ly/desfrri,21,1,0,0,0,0,0,0,0,0,3.749,1,3,0.0,1,phishing
http://cutt.ly/bon2qq7,22,1,2,0,0,0,0,0,0,0,3.7888,1,3,0.0909,1,phishing
https://help.who.com/products,29,2,0,0,1,0,0,0,1,0,3.8313,1,3,0.0,0,safe
http://chase-secure.tk/suspended/recover/xo97l64k?id=aq2z41yyc8,63,1,8,1,0,0,0,0,0,3,4.7467,3,5,0.127,0,phishing
http://netflix-alert.tk/signin/suspended/u771rh3p?id=y4pomp6mm7,63,1,7,1,0,0,0,0,0,3,4.6146,3,5,0.1111,0,phishing
https://en.notion.org/support/faq?ref=y31g,42,2,2,0,1,0,0,0,1,1,4.2432,3,4,0.0476,0,safe
http://cutt.ly/dhqifxz,22,1,0,0,0,0,0,0,0,0,3.7888,1,3,0.0,1,phishing
https://wikipedia.com/blog/2026/updates,39,1,4,0,1,0,0,0,0,1,4.3143,1,5,0.1026,0,safe
http://bit.ly/4fr2qva,21,1,2,0,0,0,0,0,0,0,3.9395,1,3,0.0952,1,phishing
https://outlook-reset-password.top/alert/authenticate/dbm5g0sx?id=9gasw5pr01,76,1,6,2,1,0,0,0,0,4,4.5475,3,5,0.0789,0,phishing
https://netflix-update.click/support-center/account/update/oghkyw2t?id=yandingie5,81,1,2,2,1,0,0,0,0,4,4.4788,3,6,0.0247,0,phishing
https://coursera.net/account/settings,37,1,0,0,1,0,0,0,0,1,3.7561,1,4,0.0,0,safe
http://ibff7.z6l4kz.tcf6.fs22qg9.6i3.coinbase.ml/signin,55,6,9,0,0,0,0,0,5,1,4.4924,1,3,0.1636,0,phishing
https://en.usps.com/docs/getting-started,40,2,0,1,1,0,0,0,1,0,3.9751,1,4,0.0,0,safe
https://oz2nnyer.q4rf.f1oju.dhl.info/webscr,43,4,3,0,1,0,0,0,3,1,4.5013,1,3,0.0698,0,phishing
https://en.npr.io/about,23,2,0,0,1,0,0,0,1,0,3.7623,1,3,0.0,0,safe
https://help.slack.gov/products,31,2,0,0,1,0,0,0,1,0,4.0181,1,3,0.0,0,safe
https://docs.duolingo.org/products,34,2,0,0,1,0,0,0,1,0,3.8337,1,3,0.0,0,safe
https://slack.io/pricing,24,1,0,0,1,0,0,0,0,0,3.8554,1,3,0.0,0,safe
https://www.npr.com/products,28,2,0,0,1,0,0,0,1,0,3.7709,1,3,0.0,0,safe
https://bit.ly/96ejyv2,22,1,3,0,1,0,0,0,0,0,3.9363,1,3,0.1364,1,phishing
https://figma.org/docs/getting-started,38,1,0,1,1,0,0,0,0,0,3.9778,1,4,0.0,0,safe
https://help.slack.org/support/faq,34,2,0,0,1,0,0,0,1,1,3.9842,1,4,0.0,0,safe
http://2qk.0ys93f.sj8xypj.gsb6t.amazon.cf/unlock,48,5,6,0,0,0,0,0,4,1,4.6709,1,3,0.125,0,phishing
https://www.who.com/pricing?ref=4h8w,36,2,2,0,1,0,0,0,1,0,4.1944,3,3,0.0556,0,safe
https://www.nytimes.net/about?ref=6guu,38,2,1,0,1,0,0,0,1,0,4.284,3,3,0.0263,0,safe
https://8.17.174.148/icloud-alert/ry5cfr.php,44,4,10,1,1,0,1,0,0,1,4.3908,1,4,0.2273,0,phishing
https://docs.nytimes.com,24,2,0,0,1,0,0,0,1,0,3.7721,1,2,0.0,0,safe
https://docs.reuters.io/support/faq,35,2,0,0,1,0,0,0,1,1,3.8646,1,4,0.0,0,safe
https://help.who.net/support/faq,32,2,0,0,1,0,0,0,1,1,3.8514,1,4,0.0,0,safe
https://microsoft-billing.ml/signin/suspended/1w6yyni4?id=8qg59m50ve,68,1,8,1,1,0,0,0,0,3,4.7491,3,5,0.1176,0,phishing
http://tinyurl.com/js9659b,26,1,4,0,0,0,0,0,0,0,4.2578,1,3,0.1538,1,phishing
https://www.python.gov,22,2,0,0,1,0,0,0,1,0,3.5726,1,2,0.0,0,safe
http://8amkrj3.yh7.yk6y3q40.ln4bn9wr.dhl.click/signin,53,5,9,0,0,0,0,0,4,2,4.631,1,3,0.1698,0,phishing
https://docs.github.org/pricing,31,2,0,0,1,0,0,0,1,0,3.889,1,3,0.0,0,safe
https://help.who.com/about,26,2,0,0,1,0,0,0,1,0,3.8151,1,3,0.0,0,safe
https://reuters.com/blog/2026/updates,37,1,4,0,1,0,0,0,0,1,4.1522,1,5,0.1081,0,safe
https://docs.airbnb.gov/blog/2026/updates,41,2,4,0,1,0,0,0,1,1,4.3178,1,5,0.0976,0,safe
https://paypal-alert.gq/authenticate/signin/mdyhwd4h?id=d1zhzdo13d,66,1,4,1,1,0,0,0,0,4,4.5275,3,5,0.0606,0,phishing
http://tinyurl.com/eqds49f,26,1,2,0,0,0,0,0,0,0,4.3347,1,3,0.0769,1,phishing
https://docs.figma.org/products,31,2,0,0,1,0,0,0,1,0,3.9536,1,3,0.0,0,safe
https://mit.org/support/faq?ref=nu66,36,1,2,0,1,0,0,0,0,1,4.1835,3,4,0.0556,0,safe
https://en.nationalgeographic.org/news/latest,45,2,0,0,1,0,0,0,1,0,3.9391,1,4,0.0,0,safe
https://netf1ix-secure.click/secure/x76ki,41,1,3,1,1,0,0,0,0,2,4.1411,1,4,0.0732,0,phishing
http://google3a-confirm.ga/confirm/xwhk7,40,1,2,1,0,0,0,0,0,1,4.3531,1,4,0.05,0,phishing
https://www.un.io/careers?ref=1003,34,2,4,0,1,0,0,0,1,0,4.2928,3,3,0.1176,0,safe
https://www.who.org/en/home,27,2,0,0,1,0,0,0,1,0,3.5879,1,4,0.0,0,safe
http://google-confirm.gq/authenticate/suspended/reset-password/ast0kqbt?id=sgznf1ysg5,85,1,3,2,0,0,0,0,0,5,4.609,3,6,0.0353,0,phishing
https://en.khanacademy.gov/support/faq,38,2,0,0,1,0,0,0,1,1,4.2608,1,4,0.0,0,safe
http://usps-unlock.info/billing/support-center/support-center/cjg3ar2d?id=hlvk9on4f2,84,1,5,3,0,0,0,0,0,3,4.6064,3,6,0.0595,0,phishing
https://www.duolingo.com/,25,2,0,0,1,0,0,0,1,0,3.9133,1,3,0.0,0,safe
http://9qf.fisj0.u4uo8ve.instagram.cf/verify,44,4,4,0,0,0,0,0,3,1,4.4989,1,3,0.0909,0,phishing
https://docs.nasa.io,20,2,0,0,1,0,0,0,1,0,3.5842,1,2,0.0,0,safe
https://spotify.io/careers,26,1,0,0,1,0,0,0,0,0,3.7672,1,3,0.0,0,safe
https://help.nasa.net/,22,2,0,0,1,0,0,0,1,0,3.3908,1,3,0.0,0,safe
https://paypaljp-reset-password.gq/reset-password/nz8a1,55,1,2,3,1,0,0,0,0,3,4.1536,1,4,0.0364,0,phishing
http://facebook-unlock.tk/confirm/unlock/suspended/4vwb6jo9?id=j789gzfo3f,73,1,7,1,0,0,0,0,0,3,4.8175,3,6,0.0959,0,phishing
https://www.nasa.edu/,21,2,0,0,1,0,0,0,1,0,3.5585,1,3,0.0,0,safe
https://en.airbnb.io,20,2,0,0,1,0,0,0,1,0,3.7219,1,2,0.0,0,safe
https://docs.github.edu/careers,31,2,0,0,1,0,0,0,1,0,3.9536,1,3,0.0,0,safe
https://dropbox.net/products,28,1,0,0,1,0,0,0,0,0,3.7979,1,3,0.0,0,safe
https://www.coursera.io/,24,2,0,0,1,0,0,0,1,0,3.7721,1,3,0.0,0,safe
https://help.npr.org/account/settings,37,2,0,0,1,0,0,0,1,1,3.9156,1,4,0.0,0,safe
https://coursera.edu/account/settings,37,1,0,0,1,0,0,0,0,1,3.8615,1,4,0.0,0,safe
https://www.python.edu/account/settings,39,2,0,0,1,0,0,0,1,1,3.9579,1,4,0.0,0,safe
https://help.notion.edu/about,29,2,0,0,1,0,0,0,1,0,3.8404,1,3,0.0,0,safe
http://tinyurl.com/z2id2wc,26,1,2,0,0,0,0,0,0,0,4.1039,1,3,0.0769,1,phishing
https://help.notion.io/about,28,2,0,0,1,0,0,0,1,0,3.709,1,3,0.0,0,safe
http://bit.ly/lrxndfl,21,1,0,0,0,0,0,0,0,0,3.713,1,3,0.0,1,phishing
https://is.gd/kjoxxi8,21,1,1,0,1,0,0,0,0,0,3.7849,1,3,0.0476,1,phishing
http://11.179.117.167/fedex-unlock/9ybspx.php,45,4,12,1,0,0,1,0,0,1,4.286,1,4,0.2667,0,phishing
https://docs.github.edu/blog/2026/updates,41,2,4,0,1,0,0,0,1,1,4.1411,1,5,0.0976,0,safe
https://slack.io/about,22,1,0,0,1,0,0,0,0,0,3.7544,1,3,0.0,0,safe
https://www.dropbox.org/en/home?ref=de5b,40,2,1,0,1,0,0,0,1,0,4.1842,3,4,0.025,0,safe
http://140.51.104.97/google-authenticate/0rm0v6.php,51,4,13,1,0,0,1,0,0,1,4.4444,1,4,0.2549,0,phishing
http://chase-support-center.xyz/billing/billing/verify/djjref44?id=hxwm15ph4s,77,1,5,2,0,0,0,0,0,3,4.7747,3,6,0.0649,0,phishing
https://wellsfargotx-unlock.click/unlock/doqn6,46,1,1,1,1,0,0,0,0,2,4.3524,1,4,0.0217,0,phishing
https://tinyurl.com/jwgqwlu,27,1,0,0,1,0,0,0,0,0,4.1805,1,3,0.0,1,phishing
https://help.bbc.net/products,29,2,0,0,1,0,0,0,1,0,3.8404,1,3,0.0,0,safe
https://61.53.26.197/coinbase-unlock/ffuy8u.php,47,4,10,1,1,0,1,0,0,1,4.6288,1,4,0.2128,0,phishing
https://en.irs.gov/careers,26,2,0,0,1,0,0,0,1,0,3.8151,1,3,0.0,0,safe
https://applenc-webscr.ga/webscr/fv9xt,38,1,1,1,1,0,0,0,0,1,4.2012,1,4,0.0263,0,phishing
https://www.spotify.edu/careers,31,2,0,0,1,0,0,0,1,0,3.9937,1,3,0.0,0,safe
https://facebookzu-support-center.tk/support-center/cmjbc,57,1,0,3,1,0,0,0,0,1,4.1005,1,4,0.0,0,phishing
https://help.khanacademy.edu/account/settings,45,2,0,0,1,0,0,0,1,1,4.1001,1,4,0.0,0,safe
http://byo7.erui.27zi6pa.l9sdxje6.duyd9.ggj0.netflix.tk/login,61,7,8,0,0,0,0,0,6,1,4.6287,1,3,0.1311,0,phishing
https://www.github.com,22,2,0,0,1,0,0,0,1,0,3.7544,1,2,0.0,0,safe
http://0l5.vvhtlwq.y1vsi.wellsfargo.ml/alert,44,4,3,0,0,0,0,0,3,1,4.2544,1,3,0.0682,0,phishing
http://paypal-confirm.ml/update/authenticate/recover/88b3szhj?id=cq0vtuyu1y,75,1,5,1,0,0,0,0,0,5,4.6902,3,6,0.0667,0,phishing
https://help.nasa.io/news/latest,32,2,0,0,1,0,0,0,1,0,3.6403,1,4,0.0,0,safe
https://www.python.gov/about,28,2,0,0,1,0,0,0,1,0,3.7979,1,3,0.0,0,safe
https://nasa.io/account/settings,32,1,0,0,1,0,0,0,0,1,3.6525,1,4,0.0,0,safe
http://mflroj.3jq.zh3rdo.apple.xyz/recover,42,4,2,0,0,0,0,0,3,1,4.2728,1,3,0.0476,0,phishing
https://help.un.edu/careers,27,2,0,0,1,0,0,0,1,0,3.764,1,3,0.0,0,safe
http://tinyurl.com/r2tit19,26,1,3,0,0,0,0,0,0,0,3.9172,1,3,0.1154,1,phishing
https://qm9w1mn.w6rfp8.475ah97f.fhoo4ukn.grpk.dhl.top/confirm,61,6,10,0,1,0,0,0,5,1,4.5982,1,3,0.1639,0,phishing
http://microsoft-login.info/webscr/secure/unlock/dl93st33?id=byr8fnpv57,71,1,7,1,0,0,0,0,0,4,4.7112,3,6,0.0986,0,phishing
http://binance-webscr.ga/alert/unlock/secure/alert/k0q76eav?id=bpf048el76,73,1,8,1,0,0,0,0,0,4,4.645,3,7,0.1096,0,phishing
https://3b3.fcecgis.7axzt.gh64.chase.top/authenticate,53,5,5,0,1,0,0,0,4,1,4.2039,1,3,0.0943,0,phishing
https://paypal-confirm.tk/recover/login/q7up9kst?id=ehq3dxot2i,62,1,4,1,1,0,0,0,0,4,4.7489,3,5,0.0645,0,phishing
https://www.figma.net/docs/getting-started,42,2,0,1,1,0,0,0,1,0,4.043,1,4,0.0,0,safe
https://slack.gov/products,26,1,0,0,1,0,0,0,0,0,3.921,1,3,0.0,0,safe
https://help.bbc.com/docs/getting-started,41,2,0,1,1,0,0,0,1,0,4.0948,1,4,0.0,0,safe
https://help.nytimes.net/help/contact,37,2,0,0,1,0,0,0,1,0,3.7561,1,4,0.0,0,safe
http://68.31.69.57/instagram-reset-password/rx1t0z.php,54,4,10,2,0,0,1,0,0,2,4.5259,1,4,0.1852,0,phishing
https://en.nytimes.org/account/settings,39,2,0,0,1,0,0,0,1,1,3.894,1,4,0.0,0,safe
https://www.irs.org?ref=dxmr,28,2,0,0,1,0,0,0,1,0,4.0661,3,2,0.0,0,safe
http://usps-account.tk/update/secure/reset-password/ie3xv6uh?id=353sfi5syl,74,1,6,2,0,0,0,0,0,5,4.4977,3,6,0.0811,0,phishing
http://coinbasejl-reset-password.tk/reset-password/4iae2,56,1,2,3,0,0,0,0,0,2,4.1817,1,4,0.0357,0,phishing
https://www.airbnb.com,22,2,0,0,1,0,0,0,1,0,3.8797,1,2,0.0,0,safe
https://www.github.io/,22,2,0,0,1,0,0,0,1,0,3.5383,1,3,0.0,0,safe
https://en.coursera.edu/docs/getting-started,44,2,0,1,1,0,0,0,1,0,3.9451,1,4,0.0,0,safe
https://vf8m8yd.zlt9x0.fecma82w.wellsfargo.gq/billing,53,4,6,0,1,0,0,0,3,1,4.6829,1,3,0.1132,0,phishing
https://nationalgeographic.com/products,39,1,0,0,1,0,0,0,0,0,4.0798,1,3,0.0,0,safe
https://docs.notion.net/products,32,2,0,0,1,0,0,0,1,0,3.6914,1,3,0.0,0,safe
http://is.gd/9sw9uus,20,1,2,0,0,0,0,0,0,0,3.5464,1,3,0.1,1,phishing
https://irs.net/careers,23,1,0,0,1,0,0,0,0,0,3.4899,1,3,0.0,0,safe
http://105.21.219.108/microsoft-recover/4s0227.php,50,4,16,1,0,0,1,0,0,1,4.3684,1,4,0.32,0,phishing
https://165.173.100.247/microsoft-webscr/ofuww7.php,51,4,13,1,1,0,1,0,0,1,4.51,1,4,0.2549,0,phishing
https://nationalgeographic.io/en/home,37,1,0,0,1,0,0,0,0,0,3.8978,1,4,0.0,0,safe
https://www.wikipedia.com/en/home,33,2,0,0,1,0,0,0,1,0,3.9077,1,4,0.0,0,safe
https://help.duolingo.io/help/contact,37,2,0,0,1,0,0,0,1,0,3.905,1,4,0.0,0,safe
https://reuters.edu/account/settings,36,1,0,0,1,0,0,0,0,1,3.7737,1,4,0.0,0,safe
https://en.stackoverflow.org/pricing,36,2,0,0,1,0,0,0,1,0,4.1972,1,3,0.0,0,safe
https://spotify.com/support/faq,31,1,0,0,1,0,0,0,0,1,3.8087,1,4,0.0,0,safe
https://docs.mit.edu/support/faq?ref=hzmf,41,2,0,0,1,0,0,0,1,1,4.2291,3,4,0.0,0,safe
https://en.duolingo.com/products,32,2,0,0,1,0,0,0,1,0,4.0153,1,3,0.0,0,safe
https://docs.trello.org/en/home,31,2,0,0,1,0,0,0,1,0,3.8087,1,4,0.0,0,safe
http://google-verify.click/secure/suspended/webscr/confirm/zeh7m70r?id=78myi00f0m,81,1,8,1,0,0,0,0,0,6,4.6423,3,7,0.0988,0,phishing
http://93.245.218.15/binance-account/vjaxov.php,47,4,10,1,0,0,1,0,0,1,4.453,1,4,0.2128,0,phishing
https://www.mit.gov/account/settings?ref=6t9u,45,2,2,0,1,0,0,0,1,1,4.3105,3,4,0.0444,0,safe
https://qsmqu34.zep881.vbcfx.wz26mjn.xmyahsf.paypal.ga/signin,61,6,7,0,1,0,0,0,5,2,4.7213,1,3,0.1148,0,phishing
https://wikipedia.org/products,30,1,0,0,1,0,0,0,0,0,4.0062,1,3,0.0,0,safe
https://www.notion.org/support/faq,34,2,0,0,1,0,0,0,1,1,3.8666,1,4,0.0,0,safe
https://149.36.226.14/coinbase-login/asx7ic.php,47,4,11,1,1,0,1,0,0,1,4.4851,1,4,0.234,0,phishing
https://docs.khanacademy.net,28,2,0,0,1,0,0,0,1,0,3.8963,1,2,0.0,0,safe
https://www.coursera.net,24,2,0,0,1,0,0,0,1,0,3.7721,1,2,0.0,0,safe
https://239.55.47.93/instagram-reset-password/ecfaiz.php,56,4,9,2,1,0,1,0,0,2,4.5017,1,4,0.1607,0,phishing
http://112.59.180.209/microsoft-authenticate/kr797v.php,55,4,14,1,0,0,1,0,0,1,4.5354,1,4,0.2545,0,phishing
https://trello.com/docs/getting-started,39,1,0,1,1,0,0,0,0,0,3.9542,1,4,0.0,0,safe
https://outlook-update.xyz/verify/reset-password/verify/yvz98ky4?id=l7ca4j5ka9,78,1,7,2,1,0,0,0,0,4,4.7455,3,6,0.0897,0,phishing
https://en.coursera.gov/account/settings,40,2,0,0,1,0,0,0,1,1,3.9062,1,4,0.0,0,safe
https://netflix-authenticate.gq/recover/login/suspended/10dg5awp?id=03cgvxklyt,78,1,5,1,1,0,0,0,0,4,4.6881,3,6,0.0641,0,phishing
http://binance-account.gq/confirm/login/jlrfloi6?id=azlwpqg6xr,62,1,2,1,0,0,0,0,0,3,4.5695,3,5,0.0323,0,phishing
https://docs.dropbox.edu/blog/2026/updates,42,2,4,0,1,0,0,0,1,1,4.1572,1,5,0.0952,0,safe
http://app1e-secure.top/secure/0h5hk,36,1,3,1,0,0,0,0,0,1,3.9166,1,4,0.0833,0,phishing
https://slack.edu/account/settings,34,1,0,0,1,0,0,0,0,1,3.9003,1,4,0.0,0,safe
https://www.khanacademy.com/help/contact?ref=dtg3,49,2,1,0,1,0,0,0,1,0,4.352,3,4,0.0204,0,safe
http://cutt.ly/vnv7w4n,22,1,2,0,0,0,0,0,0,0,3.6978,1,3,0.0909,1,phishing
https://l0w5c.w0i.ssmjc8f.f1c0lpu1.myf.gaan5.instagram.top/recover,66,7,8,0,1,0,0,0,6,1,4.5568,1,3,0.1212,0,phishing
http://coinbaseg8-recover.ml/recover/tsrks,42,1,1,1,0,0,0,0,0,1,4.1485,1,4,0.0238,0,phishing
http://151.22.14.37/facebook-authenticate/3sln46.php,52,4,12,1,0,0,1,0,0,1,4.4815,1,4,0.2308,0,phishing
https://docs.github.gov/pricing,31,2,0,0,1,0,0,0,1,0,3.9536,1,3,0.0,0,safe
https://python.edu/docs/getting-started,39,1,0,1,1,0,0,0,0,0,3.9542,1,4,0.0,0,safe
http://35.199.48.11/microsoft-login/toqllb.php,46,4,9,1,0,0,1,0,0,1,4.3874,1,4,0.1957,0,phishing
https://cutt.ly/w6v6zyo,23,1,2,0,1,0,0,0,0,0,3.7951,1,3,0.087,1,phishing
https://www.nytimes.gov/,24,2,0,0,1,0,0,0,1,0,3.8239,1,3,0.0,0,safe
https://figma.org/blog/2026/updates,35,1,4,0,1,0,0,0,0,1,4.2402,1,5,0.1143,0,safe
http://rb.gy/0q4n27c,20,1,4,0,0,0,0,0,0,0,3.9842,1,3,0.2,1,phishing
http://fedex1s-signin.ml/signin/x59c3,37,1,4,1,0,0,0,0,0,1,4.2161,1,4,0.1081,0,phishing
https://un.com/support/faq,26,1,0,0,1,0,0,0,0,1,3.7962,1,4,0.0,0,safe
https://app1e-secure.xyz/secure/9w64i,37,1,4,1,1,0,0,0,0,1,4.2062,1,4,0.1081,0,phishing
http://9my6.gspts.kl6b5q.dum6avxa.icloud.top/support-center,59,5,5,1,0,0,0,0,4,1,4.586,1,3,0.0847,0,phishing
http://26.241.137.207/wellsfargo-account/62w72v.php,51,4,15,1,0,0,1,0,0,1,4.5376,1,4,0.2941,0,phishing
https://bbc.net/blog/2026/updates,33,1,4,0,1,0,0,0,0,1,4.0637,1,5,0.1212,0,safe
https://dropbox.org/,20,1,0,0,1,0,0,0,0,0,3.5464,1,3,0.0,0,safe
http://cutt.ly/99vu7j7,22,1,4,0,0,0,0,0,0,0,3.6069,1,3,0.1818,1,phishing
http://amazonhp-support-center.xyz/support-center/i51lw,55,1,2,3,0,0,0,0,0,1,4.3035,1,4,0.0364,0,phishing
https://python.com/en/home,26,1,0,0,1,0,0,0,0,0,3.5364,1,4,0.0,0,safe
https://docs.bbc.gov,20,2,0,0,1,0,0,0,1,0,3.6219,1,2,0.0,0,safe
https://en.npr.org/docs/getting-started,39,2,0,1,1,0,0,0,1,0,3.8679,1,4,0.0,0,safe
https://mozilla.com/products,28,1,0,0,1,0,0,0,0,0,3.9408,1,3,0.0,0,safe
http://cutt.ly/2wmtfeu,22,1,1,0,0,0,0,0,0,0,3.6247,1,3,0.0455,1,phishing
http://binancelt-recover.click/recover/dwlom,44,1,0,1,0,0,0,0,0,2,4.1075,1,4,0.0,0,phishing
https://en.trello.edu/products,30,2,0,0,1,0,0,0,1,0,3.7899,1,3,0.0,0,safe
http://cutt.ly/xcoeh8c,22,1,1,0,0,0,0,0,0,0,3.5726,1,3,0.0455,1,phishing
https://help.notion.net/docs/getting-started,44,2,0,1,1,0,0,0,1,0,3.8797,1,4,0.0,0,safe
http://cutt.ly/293m48f,22,1,5,0,0,0,0,0,0,0,3.8797,1,3,0.2273,1,phishing
https://help.mozilla.io?ref=3yvz,32,2,1,0,1,0,0,0,1,0,4.2889,3,2,0.0312,0,safe
https://help.figma.io/news/latest,33,2,0,0,1,0,0,0,1,0,3.9077,1,4,0.0,0,safe
https://cloudflare.net/blog/2026/updates,40,1,4,0,1,0,0,0,0,1,4.2439,1,5,0.1,0,safe
http://icloud-confirm.tk/confirm/confirm/unlock/unlock/t2bt6756?id=var3bkaxy6,77,1,7,1,0,0,0,0,0,2,4.5619,3,7,0.0909,0,phishing
https://amazon-unlock.cf/recover/login/unlock/login/38f50pbg?id=ggwrnh12df,74,1,6,1,1,0,0,0,0,3,4.7426,3,7,0.0811,0,phishing
http://microsoftwj-support-center.top/support-center/f1qu1,58,1,2,3,0,0,0,0,0,1,4.0692,1,4,0.0345,0,phishing
https://docs.un.edu/about,25,2,0,0,1,0,0,0,1,0,3.7533,1,3,0.0,0,safe
http://byj5bsc.grtektvk.jqxy.b7oowc.0kmm3.chase.top/account,59,6,4,0,0,0,0,0,5,1,4.5116,1,3,0.0678,0,phishing
https://microsoft-support-center.ga/secure/verify/3btyrqva?id=pbayaqwhd6,72,1,2,2,1,0,0,0,0,3,4.5969,3,5,0.0278,0,phishing
http://71.148.52.203/instagram-update/h4y2c1.php,48,4,13,1,0,0,1,0,0,1,4.4804,1,4,0.2708,0,phishing
https://help.npr.io/docs/getting-started,40,2,0,1,1,0,0,0,1,0,3.9776,1,4,0.0,0,safe
https://www.mozilla.gov/,24,2,0,0,1,0,0,0,1,0,3.8554,1,3,0.0,0,safe
http://tmory.77q4p6s.un5l.netflix.xyz/login,43,4,5,0,0,0,0,0,3,1,4.4434,1,3,0.1163,0,phishing
https://docs.github.net/careers,31,2,0,0,1,0,0,0,1,0,3.9779,1,3,0.0,0,safe
https://en.usps.net,19,2,0,0,1,0,0,0,1,0,3.2211,1,2,0.0,0,safe
https://www.nasa.com/pricing,28,2,0,0,1,0,0,0,1,0,3.8963,1,3,0.0,0,safe
https://h47l.v98ezga.20nk.icloud.top/alert,42,4,6,0,1,0,0,0,3,1,4.5468,1,3,0.1429,0,phishing
https://docs.npr.org/docs/getting-started,41,2,0,1,1,0,0,0,1,0,3.8812,1,4,0.0,0,safe
http://binance-secure.gq/alert/update/czxhb1rc?id=5c37n8t27r,60,1,7,1,0,0,0,0,0,3,4.6078,3,5,0.1167,0,phishing
https://docs.github.io/docs/getting-started,43,2,0,1,1,0,0,0,1,0,3.9688,1,4,0.0,0,safe
https://www.stackoverflow.io/careers,36,2,0,0,1,0,0,0,1,0,3.9886,1,3,0.0,0,safe
https://help.coursera.org/about,31,2,0,0,1,0,0,0,1,0,3.889,1,3,0.0,0,safe
https://docs.wikipedia.org/news/latest,38,2,0,0,1,0,0,0,1,0,4.0503,1,4,0.0,0,safe
https://en.nationalgeographic.com,33,2,0,0,1,0,0,0,1,0,3.9832,1,2,0.0,0,safe
https://www.un.io/docs/getting-started,38,2,0,1,1,0,0,0,1,0,4.0106,1,4,0.0,0,safe
https://docs.who.org/blog/2026/updates?ref=fzu5,47,2,5,0,1,0,0,0,1,1,4.5095,3,5,0.1064,0,safe
https://help.reuters.net/help/contact,37,2,0,0,1,0,0,0,1,0,3.6789,1,4,0.0,0,safe
http://coinbase-billing.ml/recover/update/update/alert/vnph2diw?id=np54a8ydtp,77,1,4,1,0,0,0,0,0,4,4.5296,3,7,0.0519,0,phishing
https://help.nytimes.net/account/settings?ref=k23a,50,2,2,0,1,0,0,0,1,1,4.2986,3,4,0.04,0,safe
http://xm9qiu1h.0gu.trj0f8rv.n2u8j.chase.info/authenticate,58,5,7,0,0,0,0,0,4,1,4.4977,1,3,0.1207,0,phishing
http://44.86.83.233/chase-account/mfmqf2.php,44,4,10,1,0,0,1,0,0,1,4.2827,1,4,0.2273,0,phishing
http://107.109.26.80/netflix-suspended/vbehd2.php,49,4,11,1,0,0,1,0,0,1,4.4102,1,4,0.2245,0,phishing
https://en.notion.gov/,22,2,0,0,1,0,0,0,1,0,3.504,1,3,0.0,0,safe
https://www.reuters.gov/docs/getting-started,44,2,0,1,1,0,0,0,1,0,4.0068,1,4,0.0,0,safe
https://www.slack.edu/support/faq,33,2,0,0,1,0,0,0,1,1,4.0438,1,4,0.0,0,safe
http://5dq90.fhbh63.aopku3.sso.3pi.microsoft.top/authenticate,61,6,7,0,0,0,0,0,5,1,4.3808,1,3,0.1148,0,phishing
https://help.slack.org/about,28,2,0,0,1,0,0,0,1,0,3.9677,1,3,0.0,0,safe
http://instagram-verify.tk/recover/suspended/go7k2o90?id=87npim87yi,67,1,8,1,0,0,0,0,0,3,4.6727,3,5,0.1194,0,phishing
http://xfu6.b3aumiz.hhp.fap8i4t.microsoft.ga/authenticate,57,5,4,0,0,0,0,0,4,1,4.326,1,3,0.0702,0,phishing
https://help.github.gov/pricing,31,2,0,0,1,0,0,0,1,0,3.9694,1,3,0.0,0,safe
http://bankofamerica-alert.xyz/support-center/verify/cu38nqfb?id=8d5wcvdnur,75,1,4,2,0,0,0,0,0,3,4.7606,3,5,0.0533,0,phishing
http://250.217.170.237/apple-alert/737ev2.php,45,4,16,1,0,0,1,0,0,1,3.9645,1,4,0.3556,0,phishing
http://1.185.226.99/instagram-update/nlqbug.php,47,4,9,1,0,0,1,0,0,1,4.4747,1,4,0.1915,0,phishing
https://who.com/careers,23,1,0,0,1,0,0,0,0,0,3.7081,1,3,0.0,0,safe
http://wellsfargocx-suspended.info/suspended/9oovx,50,1,1,1,0,0,0,0,0,1,4.3093,1,4,0.02,0,phishing
http://binance-billing.gq/billing/mkonq,39,1,0,1,0,0,0,0,0,1,3.9334,1,4,0.0,0,phishing
https://help.khanacademy.edu/products,37,2,0,0,1,0,0,0,1,0,4.0937,1,3,0.0,0,safe
http://binance-unlock.gq/alert/reset-password/support-center/alert/fgsf3s0e?id=dylowgb8ni,89,1,3,3,0,0,0,0,0,5,4.5689,3,7,0.0337,0,phishing
https://help.wikipedia.gov/blog/2026/updates,44,2,4,0,1,0,0,0,1,1,4.2805,1,5,0.0909,0,safe
http://paypal7z-authenticate.top/authenticate/h4yeo,51,1,2,1,0,0,0,0,0,2,3.8754,1,4,0.0392,0,phishing
https://www.trello.edu/account/settings?ref=biaw,48,2,0,0,1,0,0,0,1,1,4.2878,3,4,0.0,0,safe
http://tinyurl.com/yxvt09b,26,1,2,0,0,0,0,0,0,0,4.1329,1,3,0.0769,1,phishing
https://googlenn-webscr.tk/webscr/obomq,39,1,0,1,1,0,0,0,0,1,4.1311,1,4,0.0,0,phishing
http://rb.gy/1qxhmad,20,1,1,0,0,0,0,0,0,0,3.8842,1,3,0.05,1,phishing
https://www.coursera.net/support/faq,36,2,0,0,1,0,0,0,1,1,3.9194,1,4,0.0,0,safe
http://outlook-alert.tk/authenticate/update/b8rk4dtu?id=n7182zej20,66,1,8,1,0,0,0,0,0,3,4.4883,3,5,0.1212,0,phishing
http://tinyurl.com/isavjd7,26,1,1,0,0,0,0,0,0,0,4.2578,1,3,0.0385,1,phishing
http://3xf4.bpr.3rmj.icloud.xyz/reset-password,46,4,3,1,0,0,0,0,3,2,4.5449,1,3,0.0652,0,phishing
http://30.138.143.231/binance-billing/b5ztcp.php,48,4,12,1,0,0,1,0,0,1,4.298,1,4,0.25,0,phishing
https://airbnb.gov/support/faq,30,1,0,0,1,0,0,0,0,1,3.9899,1,4,0.0,0,safe
https://help.spotify.io/pricing,31,2,0,0,1,0,0,0,1,0,3.8732,1,3,0.0,0,safe
https://www.notion.org/news/latest,34,2,0,0,1,0,0,0,1,0,3.7382,1,4,0.0,0,safe
https://help.coursera.io/help/contact,37,2,0,0,1,0,0,0,1,0,3.8642,1,4,0.0,0,safe
https://help.nasa.gov/blog/2026/updates,39,2,4,0,1,0,0,0,1,1,4.1411,1,5,0.1026,0,safe
https://help.harvard.gov/,25,2,0,0,1,0,0,0,1,0,3.7835,1,3,0.0,0,safe
https://en.bbc.gov,18,2,0,0,1,0,0,0,1,0,3.7255,1,2,0.0,0,safe
https://www.cloudflare.org/account/settings,43,2,0,0,1,0,0,0,1,1,4.1558,1,4,0.0,0,safe
https://netflixvy-alert.gq/alert/qlh9h,38,1,1,1,1,0,0,0,0,1,4.1132,1,4,0.0263,0,phishing
https://help.figma.io/help/contact?ref=ptc2,43,2,1,0,1,0,0,0,1,0,4.1734,3,4,0.0233,0,safe
https://docs.coursera.gov/en/home,33,2,0,0,1,0,0,0,1,0,3.9683,1,4,0.0,0,safe
http://apple-reset-password.tk/support-center/recover/hqxe7or4?id=lpdv39kqum,76,1,4,3,0,0,0,0,0,4,4.512,3,5,0.0526,0,phishing
https://binance-verify.gq/suspended/update/secure/alert/hh0hetzq?id=qyfg6pd3xt,78,1,3,1,1,0,0,0,0,5,4.544,3,7,0.0385,0,phishing
http://ic10ud-reset-password.ga/reset-password/jlngb,52,1,2,3,0,0,0,0,0,2,4.3056,1,4,0.0385,0,phishing
https://docs.bbc.net/pricing?ref=kwg4,37,2,1,0,1,0,0,0,1,0,4.3374,3,3,0.027,0,safe
https://help.harvard.com/news/latest,36,2,0,0,1,0,0,0,1,0,3.9749,1,4,0.0,0,safe
https://en.github.com/products?ref=7z4g,39,2,2,0,1,0,0,0,1,0,4.4455,3,3,0.0513,0,safe
https://37.119.125.169/coinbase-secure/cuzrzh.php,49,4,11,1,1,0,1,0,0,1,4.4356,1,4,0.2245,0,phishing
https://en.github.org/news/latest,33,2,0,0,1,0,0,0,1,0,3.9196,1,4,0.0,0,safe
https://nationalgeographic.org/products,39,1,0,0,1,0,0,0,0,0,4.0091,1,3,0.0,0,safe
https://bank0famerica-confirm.gq/confirm/6n8rx,46,1,3,1,1,0,0,0,0,1,4.398,1,4,0.0652,0,phishing
https://mit.io/products,23,1,0,0,1,0,0,0,0,0,3.6212,1,3,0.0,0,safe
https://118.49.198.71/coinbase-signin/vhixh2.php,48,4,11,1,1,0,1,0,0,1,4.3294,1,4,0.2292,0,phishing
https://uspsij-suspended.top/suspended/zlz4f,44,1,1,1,1,0,0,0,0,1,3.8965,1,4,0.0227,0,phishing
http://facebookke-update.ga/update/fpn83,40,1,2,1,0,0,0,0,0,1,4.0719,1,4,0.05,0,phishing
https://docs.harvard.net/,25,2,0,0,1,0,0,0,1,0,3.7835,1,3,0.0,0,safe
https://docs.trello.com/about,29,2,0,0,1,0,0,0,1,0,3.8664,1,3,0.0,0,safe
http://facebook-billing.info/confirm/suspended/unlock/billing/1v8cwbtu?id=dxcl8rz3ka,84,1,4,1,0,0,0,0,0,4,4.6624,3,7,0.0476,0,phishing
http://69.165.118.79/netflix-authenticate/f6aqic.php,52,4,11,1,0,0,1,0,0,1,4.3006,1,4,0.2115,0,phishing
http://faceb00k-secure.tk/secure/gke29,38,1,4,1,0,0,0,0,0,1,4.0433,1,4,0.1053,0,phishing
https://help.nytimes.gov/,25,2,0,0,1,0,0,0,1,0,3.8635,1,3,0.0,0,safe
https://docs.dropbox.com/products,33,2,0,0,1,0,0,0,1,0,3.7068,1,3,0.0,0,safe
http://162.50.118.54/facebook-support-center/w0sb37.php,55,4,13,2,0,0,1,0,0,1,4.5836,1,4,0.2364,0,phishing
http://15.222.222.240/icloud-support-center/jsa4tf.php,54,4,12,2,0,0,1,0,0,1,4.3314,1,4,0.2222,0,phishing
https://5hh.7vehhx5.3ipdm5h.x7zal.tinzlt.68syn.facebook.click/authenticate,74,7,8,0,1,0,0,0,6,2,4.5341,1,3,0.1081,0,phishing
https://is.gd/szbwzj2,21,1,1,0,1,0,0,0,0,0,3.749,1,3,0.0476,1,phishing
https://en.reuters.com/en/home,30,2,0,0,1,0,0,0,1,0,3.6281,1,4,0.0,0,safe
https://rb.gy/1avwb7b,21,1,2,0,1,0,0,0,0,0,3.8442,1,3,0.0952,1,phishing
https://help.coursera.org/docs/getting-started,46,2,0,1,1,0,0,0,1,0,4.0231,1,4,0.0,0,safe
http://243.30.96.51/paypal-authenticate/vmbwol.php,50,4,9,1,0,0,1,0,0,2,4.4844,1,4,0.18,0,phishing
https://en.wikipedia.org/en/home,32,2,0,0,1,0,0,0,1,0,3.9764,1,4,0.0,0,safe
https://docs.usps.com/news/latest,33,2,0,0,1,0,0,0,1,0,3.7865,1,4,0.0,0,safe
http://microsoftin-alert.info/alert/sqcl9,41,1,1,1,0,0,0,0,0,1,4.1227,1,4,0.0244,0,phishing
http://150.14.22.217/binance-secure/q2ffbn.php,46,4,11,1,0,0,1,0,0,1,4.371,1,4,0.2391,0,phishing
https://g00g1e-account.cf/account/ffz60,39,1,5,1,1,0,0,0,0,1,4.0772,1,4,0.1282,0,phishing
https://help.coursera.io/about?ref=txcw,39,2,0,0,1,0,0,0,1,0,4.2336,3,3,0.0,0,safe
https://airbnb.org/careers,26,1,0,0,1,0,0,0,0,0,3.8253,1,3,0.0,0,safe
https://help.spotify.gov/account/settings,41,2,0,0,1,0,0,0,1,1,4.0156,1,4,0.0,0,safe
https://en.trello.net/support/faq,33,2,0,0,1,0,0,0,1,1,3.7984,1,4,0.0,0,safe
https://dhl03-account.cf/account/p2qyg,38,1,3,1,1,0,0,0,0,1,4.2056,1,4,0.0789,0,phishing
https://uxb.v50qty.plgt9hzt.rdsm.xsufe1.paypal.tk/alert,55,6,4,0,1,0,0,0,5,2,4.4326,1,3,0.0727,0,phishing
https://github.edu/products,27,1,0,0,1,0,0,0,0,0,3.8101,1,3,0.0,0,safe
http://45.8.144.168/netflix-alert/4fkh7r.php,44,4,11,1,0,0,1,0,0,1,4.2433,1,4,0.25,0,phishing
https://docs.github.com/pricing,31,2,0,0,1,0,0,0,1,0,3.9536,1,3,0.0,0,safe
https://bankofamerica-suspended.ga/secure/secure/account/secure/wpyubswz?id=710ccfknmf,86,1,3,1,1,0,0,0,0,3,4.4964,3,7,0.0349,0,phishing
https://chase3v-login.tk/login/iwq7p,36,1,2,1,1,0,0,0,0,1,4.2947,1,4,0.0556,0,phishing
http://icloud-verify.click/unlock/alert/04ft81pj?id=9wfao7vltj,62,1,6,1,0,0,0,0,0,4,4.6907,3,5,0.0968,0,phishing
https://u6n2rz1e.t421f.065ar30.amazon.info/update,49,4,11,0,1,0,0,0,3,1,4.4819,1,3,0.2245,0,phishing
https://rb.gy/or17sx6,21,1,3,0,1,0,0,0,0,0,3.8802,1,3,0.1429,1,phishing
http://234.200.12.186/icloud-webscr/j5jtvh.php,46,4,12,1,0,0,1,0,0,1,4.5884,1,4,0.2609,0,phishing
https://www.figma.org/help/contact,34,2,0,0,1,0,0,0,1,0,4.0653,1,4,0.0,0,safe
http://usps-account.click/account/ffoya,39,1,0,1,0,0,0,0,0,2,3.9066,1,4,0.0,0,phishing
http://xzuy40.726s1.krsx.bt0.google.ga/reset-password,53,5,7,1,0,0,0,0,4,2,4.5394,1,3,0.1321,0,phishing
https://help.duolingo.com/help/contact,38,2,0,0,1,0,0,0,1,0,3.9579,1,4,0.0,0,safe
https://app1e-update.gq/update/ltfto,36,1,1,1,1,0,0,0,0,1,3.8191,1,4,0.0278,0,phishing
https://www.un.io/docs/getting-started,38,2,0,1,1,0,0,0,1,0,4.0106,1,4,0.0,0,safe
http://tynm.l62qjx0u.9z08cv.chase.gq/billing,44,4,6,0,0,0,0,0,3,1,4.6352,1,3,0.1364,0,phishing
https://en.dropbox.org/pricing,30,2,0,0,1,0,0,0,1,0,3.9396,1,3,0.0,0,safe
http://googleq4-login.ml/login/ugivr,36,1,1,1,0,0,0,0,0,1,3.9376,1,4,0.0278,0,phishing
https://un.net/support/faq,26,1,0,0,1,0,0,0,0,1,3.6714,1,4,0.0,0,safe
http://227.9.193.64/binance-update/5b3g7q.php,45,4,12,1,0,0,1,0,0,1,4.4529,1,4,0.2667,0,phishing
http://bit.ly/6hz089g,21,1,4,0,0,0,0,0,0,0,3.8442,1,3,0.1905,1,phishing
https://docs.dropbox.org/,25,2,0,0,1,0,0,0,1,0,3.6537,1,3,0.0,0,safe
https://www.bbc.com/products,28,2,0,0,1,0,0,0,1,0,3.7709,1,3,0.0,0,safe
http://62.59.7.2/apple-recover/mlvy0r.php,41,4,7,1,0,0,1,0,0,1,4.2083,1,4,0.1707,0,phishing
http://wellsfargo-signin.ga/unlock/secure/unlock/confirm/pxhzbizv?id=42xi109s9d,79,1,6,1,0,0,0,0,0,4,4.8128,3,7,0.0759,0,phishing
http://rb.gy/j9ggikn,20,1,1,0,0,0,0,0,0,0,3.7464,1,3,0.05,1,phishing
http://rb.gy/k0ixlni,20,1,1,0,0,0,0,0,0,0,3.8842,1,3,0.05,1,phishing
https://mozilla.edu/docs/getting-started,40,1,0,1,1,0,0,0,0,0,4.1276,1,4,0.0,0,safe
http://9.238.213.147/google-update/ad4dg5.php,45,4,12,1,0,0,1,0,0,1,4.286,1,4,0.2667,0,phishing
http://microsoft6j-suspended.xyz/suspended/zzeif,48,1,1,1,0,0,0,0,0,1,4.2624,1,4,0.0208,0,phishing
https://help.khanacademy.net/news/latest,40,2,0,0,1,0,0,0,1,0,3.8348,1,4,0.0,0,safe
https://bbc.com/docs/getting-started,36,1,0,1,1,0,0,0,0,0,3.9749,1,4,0.0,0,safe
http://is.gd/3jkyns6,20,1,2,0,0,0,0,0,0,0,3.8842,1,3,0.1,1,phishing
https://nasa.io/help/contact,28,1,0,0,1,0,0,0,0,0,3.6375,1,4,0.0,0,safe
http://fedex-login.xyz/secure/account/reset-password/suspended/t5jqhg1u?id=cmsrb0ze44,85,1,5,2,0,0,0,0,0,6,4.6998,3,7,0.0588,0,phishing
https://help.bbc.net/news/latest,32,2,0,0,1,0,0,0,1,0,3.6136,1,4,0.0,0,safe
https://bit.ly/oewgkk1,22,1,1,0,1,0,0,0,0,0,3.9363,1,3,0.0455,1,phishing
https://docs.mit.gov/careers,28,2,0,0,1,0,0,0,1,0,3.9408,1,3,0.0,0,safe
https://un.org/docs/getting-started,35,1,0,1,1,0,0,0,0,0,3.9002,1,4,0.0,0,safe
https://docs.nytimes.gov/products,33,2,0,0,1,0,0,0,1,0,4.0289,1,3,0.0,0,safe
http://rb.gy/nwhbkft,20,1,0,0,0,0,0,0,0,0,3.6464,1,3,0.0,1,phishing
https://en.khanacademy.net/?ref=vre7,36,2,1,0,1,0,0,0,1,0,4.1524,3,3,0.0278,0,safe
https://en.python.io/careers,28,2,0,0,1,0,0,0,1,0,3.7979,1,3,0.0,0,safe
https://stackoverflow.org/docs/getting-started,46,1,0,1,1,0,0,0,0,0,4.1341,1,4,0.0,0,safe
http://netflixl3-webscr.click/webscr/fhwiy,42,1,1,1,0,0,0,0,0,2,4.2072,1,4,0.0238,0,phishing
https://btgkk.vdehk63v.7lz.apple.click/update,45,4,3,0,1,0,0,0,3,2,4.2415,1,3,0.0667,0,phishing
http://rb.gy/9ar3o2g,20,1,3,0,0,0,0,0,0,0,3.7842,1,3,0.15,1,phishing
http://facebook67-webscr.top/webscr/3x2k9,41,1,5,1,0,0,0,0,0,1,4.3387,1,4,0.122,0,phishing
http://paypalwb-unlock.click/unlock/1krkb,41,1,1,1,0,0,0,0,0,3,4.0804,1,4,0.0244,0,phishing
https://help.trello.io/about,28,2,0,0,1,0,0,0,1,0,3.7265,1,3,0.0,0,safe
https://nasa.gov/blog/2026/updates,34,1,4,0,1,0,0,0,0,1,4.0912,1,5,0.1176,0,safe
https://help.notion.io/careers?ref=zd0w,39,2,1,0,1,0,0,0,1,0,4.2849,3,3,0.0256,0,safe
http://a4t062.2ts1u.q8jh6.n9lgiv.6854r.paypal.tk/confirm,56,6,13,0,0,0,0,0,5,2,4.6977,1,3,0.2321,0,phishing
https://help.irs.gov/about,26,2,0,0,1,0,0,0,1,0,3.9501,1,3,0.0,0,safe
https://docs.irs.org/en/home,28,2,0,0,1,0,0,0,1,0,3.8249,1,4,0.0,0,safe
http://l6b0fc4q.z05r4j.f3hksoxy.paypal.info/alert,49,4,7,0,0,0,0,0,3,2,4.6243,1,3,0.1429,0,phishing
http://netf1ix-suspended.cf/suspended/7a8ms,43,1,3,1,0,0,0,0,0,1,4.0894,1,4,0.0698,0,phishing
http://hr2.3hymhu.m7dzj36.hf7ek9.rrci.icloud.info/support-center,64,6,7,1,0,0,0,0,5,1,4.5623,1,3,0.1094,0,phishing
https://help.khanacademy.com/support/faq,40,2,0,0,1,0,0,0,1,1,4.1842,1,4,0.0,0,safe
http://apple-unlock.top/update/confirm/6xzmhsk0?id=ujahkbg2tc,61,1,3,1,0,0,0,0,0,3,4.6954,3,5,0.0492,0,phishing
https://tinyurl.com/7atvaoa,27,1,1,0,1,0,0,0,0,0,4.0323,1,3,0.037,1,phishing
https://airbnb.io/,18,1,0,0,1,0,0,0,0,0,3.5724,1,3,0.0,0,safe
https://237.29.252.163/amazon-secure/xttt9t.php,47,4,12,1,1,0,1,0,0,1,4.3575,1,4,0.2553,0,phishing
http://binance-support-center.tk/support-center/038et,53,1,3,3,0,0,0,0,0,1,4.0179,1,4,0.0566,0,phishing
http://paypalju-update.ml/update/iyzd9,38,1,1,1,0,0,0,0,0,2,3.9027,1,4,0.0263,0,phishing
https://rd8.ipv.ofz5yz.icloud.tk/account,40,4,2,0,1,0,0,0,3,1,4.3153,1,3,0.05,0,phishing
https://faceb00k-recover.gq/recover/8llsv,41,1,3,1,1,0,0,0,0,1,4.2083,1,4,0.0732,0,phishing
https://en.nytimes.com/products,31,2,0,0,1,0,0,0,1,0,3.9378,1,3,0.0,0,safe
http://145.85.155.6/usps-login/tpgvb2.php,41,4,10,1,0,0,1,0,0,1,4.1779,1,4,0.2439,0,phishing
https://www.mit.com,19,2,0,0,1,0,0,0,1,0,3.4316,1,2,0.0,1,safe
http://yseodqc.d60i7ou.u4gsl3cn.instagram.ml/unlock,51,4,5,0,0,0,0,0,3,1,4.5736,1,3,0.098,0,phishing
http://ngf61p.b7xwoy.0jl.a0mw.4nw53x.sk7tea.icloud.top/secure,61,7,9,0,0,0,0,0,6,1,4.7926,1,3,0.1475,0,phishing
https://en.figma.org/en/home,28,2,0,0,1,0,0,0,1,0,3.8518,1,4,0.0,0,safe
https://help.notion.org/account/settings?ref=y1ft,49,2,1,0,1,0,0,0,1,1,4.2033,3,4,0.0204,0,safe
https://help.airbnb.edu/support/faq,35,2,0,0,1,0,0,0,1,1,4.0791,1,4,0.0,0,safe
http://bit.ly/am4ab2c,21,1,2,0,0,0,0,0,0,0,3.749,1,3,0.0952,1,phishing
http://instagram-login.tk/billing/verify/billing/v1bi7w90?id=y1a0nwt3zb,71,1,7,1,0,0,0,0,0,3,4.5776,3,6,0.0986,0,phishing
http://185.10.151.14/amazon-verify/7pe927.php,45,4,14,1,0,0,1,0,0,1,4.4339,1,4,0.3111,0,phishing
https://help.nationalgeographic.edu/help/contact,48,2,0,0,1,0,0,0,1,0,3.9885,1,4,0.0,0,safe
https://www.mozilla.gov/en/home,31,2,0,0,1,0,0,0,1,0,4.0023,1,4,0.0,0,safe
https://www.khanacademy.org/careers,35,2,0,0,1,0,0,0,1,0,4.0716,1,3,0.0,0,safe
http://g1xt8dz.6ty.95ya7.x2zt1bny.ksi8.google.info/verify,57,6,9,0,0,0,0,0,5,1,4.6375,1,3,0.1579,0,phishing
http://chasene-webscr.info/webscr/riyzo,39,1,0,1,0,0,0,0,0,1,4.1504,1,4,0.0,0,phishing
http://dh1-login.ga/login/dnfa1,31,1,2,1,0,0,0,0,0,1,3.8732,1,4,0.0645,0,phishing
https://dhlr5-webscr.click/webscr/10duq,39,1,3,1,1,0,0,0,0,2,4.2723,1,4,0.0769,0,phishing
https://en.nasa.net/en/home,27,2,0,0,1,0,0,0,1,0,3.3936,1,4,0.0,0,safe
http://rb.gy/a2sh5d1,20,1,3,0,0,0,0,0,0,0,3.8842,1,3,0.15,1,phishing
https://help.cloudflare.net/about,33,2,0,0,1,0,0,0,1,0,4.0061,1,3,0.0,0,safe
https://www.airbnb.io/en/home,29,2,0,0,1,0,0,0,1,0,3.8664,1,4,0.0,0,safe
http://netflix7r-verify.ml/verify/2j5nr,39,1,3,1,0,0,0,0,0,1,4.1823,1,4,0.0769,0,phishing
https://www.spotify.io/help/contact,35,2,0,0,1,0,0,0,1,0,3.8757,1,4,0.0,0,safe
https://docs.usps.com/docs/getting-started,42,2,0,1,1,0,0,0,1,0,3.9332,1,4,0.0,0,safe
https://www.figma.org/docs/getting-started?ref=1qjf,51,2,1,1,1,0,0,0,1,0,4.3923,3,4,0.0196,0,safe
https://help.un.edu/careers,27,2,0,0,1,0,0,0,1,0,3.764,1,3,0.0,0,safe
http://instagram-authenticate.click/account/login/o70ur1lj?id=akekm5jawv,72,1,4,1,0,0,0,0,0,4,4.5601,3,5,0.0556,0,phishing
http://bankofamerica-confirm.click/alert/support-center/suspended/unlock/gc9qm4hh?id=7ldanrcpv6,95,1,4,2,0,0,0,0,0,6,4.6248,3,7,0.0421,0,phishing
https://en.mozilla.org/docs/getting-started,43,2,0,1,1,0,0,0,1,0,4.1116,1,4,0.0,0,safe
https://docs.npr.org/support/faq,32,2,0,0,1,0,0,0,1,1,3.8431,1,4,0.0,0,safe
http://is.gd/zgb8k1w,20,1,2,0,0,0,0,0,0,0,3.8842,1,3,0.1,1,phishing
https://help.slack.io/help/contact,34,2,0,0,1,0,0,0,1,0,3.7634,1,4,0.0,0,safe
https://www.nasa.io/blog/2026/updates,37,2,4,0,1,0,0,0,1,1,4.1654,1,5,0.1081,0,safe
https://www.mozilla.edu/about,29,2,0,0,1,0,0,0,1,0,4.0213,1,3,0.0,0,safe
https://www.python.org,22,2,0,0,1,0,0,0,1,0,3.5726,1,2,0.0,0,safe
https://reuters.io/blog/2026/updates?ref=j8gi,45,1,5,0,1,0,0,0,0,1,4.4003,3,5,0.1111,0,safe
http://wellsfargo-account.ga/login/verify/login/reset-password/ga0d56t4?id=bsjc23z1pg,85,1,7,2,0,0,0,0,0,5,4.7786,3,7,0.0824,0,phishing
http://44.139.54.234/apple-account/yama64.php,45,4,12,1,0,0,1,0,0,1,4.2035,1,4,0.2667,0,phishing
https://g00g1e-verify.ga/verify/voaxw,37,1,3,1,1,0,0,0,0,1,4.2293,1,4,0.0811,0,phishing
https://help.nytimes.net/help/contact,37,2,0,0,1,0,0,0,1,0,3.7561,1,4,0.0,0,safe
https://www.nasa.gov/account/settings,37,2,0,0,1,0,0,0,1,1,3.8615,1,4,0.0,0,safe
http://228.4.188.172/coinbase-alert/8odo97.php,46,4,13,1,0,0,1,0,0,1,4.371,1,4,0.2826,0,phishing
https://notion.io,17,1,0,0,1,0,0,0,0,0,3.1751,1,2,0.0,0,safe
https://paypa1-signin.gq/signin/49sj4,37,1,4,1,1,0,0,0,0,1,3.9254,1,4,0.1081,0,phishing
http://c0inbase-alert.info/alert/7s6ej,38,1,3,1,0,0,0,0,0,1,4.2281,1,4,0.0789,0,phishing
http://qye9rfy.5eqg5.2thbuz0.i0lr.nclv58.0vov49y0.fedex.info/alert,66,7,12,0,0,0,0,0,6,1,4.6422,1,3,0.1818,0,phishing
http://145.253.250.67/icloud-secure/oazwim.php,46,4,11,1,0,0,1,0,0,1,4.6212,1,4,0.2391,0,phishing
http://netf1ix-recover.tk/recover/r65gv,39,1,3,1,0,0,0,0,0,1,4.0553,1,4,0.0769,0,phishing
http://cutt.ly/a1cs3e8,22,1,3,0,0,0,0,0,0,0,3.7888,1,3,0.1364,1,phishing
https://83.21.136.126/icloud-signin/3re2ym.php,46,4,12,1,1,0,1,0,0,1,4.4415,1,4,0.2609,0,phishing
https://help.khanacademy.gov/en/home?ref=890a,45,2,3,0,1,0,0,0,1,0,4.4339,3,4,0.0667,0,safe
https://help.spotify.com/en/home,32,2,0,0,1,0,0,0,1,0,3.8195,1,4,0.0,0,safe
http://rb.gy/aid3ewm,20,1,1,0,0,0,0,0,0,0,3.9842,1,3,0.05,1,phishing
https://en.stackoverflow.gov/account/settings?ref=6y6x,54,2,2,0,1,0,0,0,1,1,4.4397,3,4,0.037,0,safe
http://tinyurl.com/ksv2hvx,26,1,1,0,0,0,0,0,0,0,4.1808,1,3,0.0385,1,phishing
https://www.who.net/pricing,27,2,0,0,1,0,0,0,1,0,3.736,1,3,0.0,0,safe
https://coinbase-alert.top/verify/unlock/alert/support-center/iqzr4j6n?id=sga02ebc29,84,1,6,2,1,0,0,0,0,4,4.6873,3,7,0.0714,0,phishing
https://docs.nationalgeographic.io/blog/2026/updates,52,2,4,0,1,0,0,0,1,1,4.2728,1,5,0.0769,0,safe
https://help.nytimes.com/blog/2026/updates,42,2,4,0,1,0,0,0,1,1,4.3001,1,5,0.0952,0,safe
http://104.80.168.37/google-recover/mrajya.php,46,4,10,1,0,0,1,0,0,1,4.4579,1,4,0.2174,0,phishing
https://www.mozilla.com/account/settings,40,2,0,0,1,0,0,0,1,1,4.0562,1,4,0.0,0,safe
https://tinyurl.com/mkv27c9,27,1,3,0,1,0,0,0,0,0,4.2545,1,3,0.1111,1,phishing
https://en.mozilla.org/careers,30,2,0,0,1,0,0,0,1,0,4.0314,1,3,0.0,0,safe
https://harvard.com/blog/2026/updates,37,1,4,0,1,0,0,0,0,1,4.2603,1,5,0.1081,0,safe
https://en.spotify.edu/careers,30,2,0,0,1,0,0,0,1,0,3.9647,1,3,0.0,0,safe
https://docs.mozilla.gov/support/faq,36,2,0,0,1,0,0,0,1,1,4.1626,1,4,0.0,0,safe
http://rb.gy/93d12ys,20,1,4,0,0,0,0,0,0,0,3.8842,1,3,0.2,1,phishing
https://irs.net,15,1,0,0,1,0,0,0,0,0,3.3232,1,2,0.0,0,safe
http://bit.ly/68ztxr3,21,1,3,0,0,0,0,0,0,0,3.7849,1,3,0.1429,1,phishing
https://help.bbc.net/support/faq?ref=qqyk,41,2,0,0,1,0,0,0,1,1,4.2476,3,4,0.0,0,safe
http://paypal-secure.top/account/alert/recover/account/mszfuekh?id=15za70cfby,77,1,4,1,0,0,0,0,0,5,4.5547,3,7,0.0519,0,phishing
https://127.49.115.37/fedex-alert/7lywmn.php,44,4,11,1,1,0,1,0,0,1,4.4646,1,4,0.25,0,phishing
http://bank0famerica-suspended.ml/suspended/k98eg,49,1,3,1,0,0,0,0,0,1,4.354,1,4,0.0612,0,phishing
http://225.75.169.102/instagram-alert/1jr7ji.php,48,4,13,1,0,0,1,0,0,1,4.3813,1,4,0.2708,0,phishing
https://en.nytimes.edu/blog/2026/updates,40,2,4,0,1,0,0,0,1,1,4.2128,1,5,0.1,0,safe
https://en.duolingo.com/help/contact,36,2,0,0,1,0,0,0,1,0,3.9613,1,4,0.0,0,safe
http://104.129.117.143/bankofamerica-verify/d3eizv.php,54,4,13,1,0,0,1,0,0,1,4.6321,1,4,0.2407,0,phishing
https://dhl01-verify.cf/verify/kc5c6,36,1,4,1,1,0,0,0,0,1,4.2947,1,4,0.1111,0,phishing
https://figma.org/account/settings,34,1,0,0,1,0,0,0,0,1,3.9369,1,4,0.0,0,safe
http://lac8.ugc5t.bgogfg36.gbjvs2.amazon.info/reset-password,60,5,5,1,0,0,0,0,4,2,4.674,1,3,0.0833,0,phishing
https://dropbox.io/about,24,1,0,0,1,0,0,0,0,0,3.6887,1,3,0.0,0,safe
https://docs.harvard.gov/,25,2,0,0,1,0,0,0,1,0,3.7337,1,3,0.0,0,safe
http://usps-support-center.top/support-center/ux5ao,51,1,1,3,0,0,0,0,0,1,3.7889,1,4,0.0196,0,phishing
https://www.dropbox.edu/account/settings,40,2,0,0,1,0,0,0,1,1,4.1251,1,4,0.0,0,safe
https://help.usps.com/account/settings,38,2,0,0,1,0,0,0,1,1,3.8603,1,4,0.0,0,safe
http://google-unlock.ga/verify/signin/suspended/8at167y9?id=c82zmql5kt,70,1,8,1,0,0,0,0,0,4,4.8646,3,6,0.1143,0,phishing
https://bit.ly/bqfqmk0,22,1,1,0,1,0,0,0,0,0,3.8454,1,3,0.0455,1,phishing
https://www.trello.gov?ref=dgyd,31,2,0,0,1,0,0,0,1,0,4.1313,3,2,0.0,0,safe
https://www.nytimes.com/blog/2026/updates,41,2,4,0,1,0,0,0,1,1,4.3546,1,5,0.0976,0,safe
https://www.notion.edu,22,2,0,0,1,0,0,0,1,0,3.6635,1,2,0.0,0,safe
http://wellsfargord-authenticate.gq/authenticate/gkcwr,54,1,0,1,0,0,0,0,0,1,4.1949,1,4,0.0,0,phishing
https://www.coursera.net/help/contact,37,2,0,0,1,0,0,0,1,0,3.8615,1,4,0.0,0,safe
https://un.org/about,20,1,0,0,1,0,0,0,0,0,3.6464,1,3,0.0,0,safe
http://microsoftss-alert.cf/alert/ojtw3,39,1,1,1,0,0,0,0,0,1,4.0604,1,4,0.0256,0,phishing
https://slack.gov/careers,25,1,0,0,1,0,0,0,0,0,3.8635,1,3,0.0,0,safe
https://en.harvard.net/support/faq,34,2,0,0,1,0,0,0,1,1,3.9032,1,4,0.0,0,safe
https://help.stackoverflow.net/products,39,2,0,0,1,0,0,0,1,0,4.1217,1,3,0.0,0,safe
https://mit.com/news/latest,27,1,0,0,1,0,0,0,0,0,3.7043,1,4,0.0,1,safe
https://google-update.top/reset-password/webscr/8swnqdgd?id=3xl924kiv4,70,1,6,2,1,0,0,0,0,4,4.6691,3,5,0.0857,0,phishing
http://is.gd/ejc5vad,20,1,1,0,0,0,0,0,0,0,3.8842,1,3,0.05,1,phishing
https://en.spotify.net/news/latest,34,2,0,0,1,0,0,0,1,0,3.6679,1,4,0.0,0,safe
https://docs.un.net/about,25,2,0,0,1,0,0,0,1,0,3.7337,1,3,0.0,0,safe
https://en.github.org/docs/getting-started,42,2,0,1,1,0,0,0,1,0,3.9837,1,4,0.0,0,safe
http://kua.n7nrgls4.lo3j.2te.4wn4dd1.instagram.cf/signin,56,6,7,0,0,0,0,0,5,1,4.494,1,3,0.125,0,phishing
https://docs.bbc.gov/pricing,28,2,0,0,1,0,0,0,1,0,3.8963,1,3,0.0,0,safe
http://phkl4kx.sxuap.a2u8ivq1.2jpy25.ma2uf0m.netflix.gq/signin,62,6,9,0,0,0,0,0,5,1,4.5987,1,3,0.1452,0,phishing
http://176.254.236.127/microsoft-billing/ryghp4.php,51,4,13,1,0,0,1,0,0,1,4.5152,1,4,0.2549,0,phishing
https://www.usps.gov/help/contact,33,2,0,0,1,0,0,0,1,0,3.8849,1,4,0.0,0,safe
http://chase-login.ml/login/d65oj,33,1,2,1,0,0,0,0,0,1,4.2108,1,4,0.0606,0,phishing
https://docs.coursera.org/pricing,33,2,0,0,1,0,0,0,1,0,3.9226,1,3,0.0,0,safe
http://wuq.0bwpj.c15rzi.idvnzt.egj7w02.j6xckfwu.fedex.cf/webscr,63,7,7,0,0,0,0,0,6,1,4.6395,1,3,0.1111,0,phishing
http://faceb00k-secure.click/secure/t3vr5,41,1,4,1,0,0,0,0,0,2,4.169,1,4,0.0976,0,phishing
https://www.npr.gov/pricing?ref=7mx3,36,2,2,0,1,0,0,0,1,0,4.3638,3,3,0.0556,0,safe
http://usps-reset-password.ga/reset-password/qdxxv,50,1,0,3,0,0,0,0,0,2,3.9586,1,4,0.0,0,phishing
http://dhl-authenticate.top/alert/account/webscr/60mafono?id=i599ig2ak0,71,1,7,1,0,0,0,0,0,4,4.593,3,6,0.0986,0,phishing
http://wellsfargo3x-billing.tk/billing/rtq6o,44,1,2,1,0,0,0,0,0,1,4.2716,1,4,0.0455,0,phishing
https://docs.python.org/blog/2026/updates,41,2,4,0,1,0,0,0,1,1,4.2083,1,5,0.0976,0,safe
https://onllek.8vw83.2ba1kpqu.rk0rc50.9un.fid.instagram.cf/suspended,68,7,9,0,1,0,0,0,6,1,4.7574,1,3,0.1324,0,phishing
https://icloud-billing.top/confirm/unlock/update/rza9jq2t?id=a3tnttsh3x,71,1,4,1,1,0,0,0,0,4,4.6442,3,6,0.0563,0,phishing
https://harvard.org/about,25,1,0,0,1,0,0,0,0,0,3.7231,1,3,0.0,0,safe
https://www.slack.gov/help/contact,34,2,0,0,1,0,0,0,1,0,3.9254,1,4,0.0,0,safe
http://h6s.kpgf1y.xyo1o.dsm.chase.cf/reset-password,51,5,3,1,0,0,0,0,4,2,4.3068,1,3,0.0588,0,phishing
https://help.python.net/careers,31,2,0,0,1,0,0,0,1,0,3.7199,1,3,0.0,0,safe
https://en.mit.com/help/contact?ref=1rzb,40,2,1,0,1,0,0,0,1,0,4.2439,3,4,0.025,1,safe
https://docs.khanacademy.net/blog/2026/updates,46,2,4,0,1,0,0,0,1,1,4.3089,1,5,0.087,0,safe
http://rb.gy/x51h5g1,20,1,4,0,0,0,0,0,0,0,3.5842,1,3,0.2,1,phishing
https://214.191.94.176/coinbase-recover/anznj1.php,50,4,12,1,1,0,1,0,0,1,4.4464,1,4,0.24,0,phishing
https://docs.github.com/blog/2026/updates?ref=f6y3,50,2,6,0,1,0,0,0,1,1,4.5815,3,5,0.12,0,safe
https://help.spotify.edu/about,30,2,0,0,1,0,0,0,1,0,3.9232,1,3,0.0,0,safe
https://help.notion.net/account/settings,40,2,0,0,1,0,0,0,1,1,3.7338,1,4,0.0,0,safe
https://help.cloudflare.net/news/latest,39,2,0,0,1,0,0,0,1,0,3.9014,1,4,0.0,0,safe
http://tinyurl.com/7ep5iql,26,1,2,0,0,0,0,0,0,0,4.1039,1,3,0.0769,1,phishing
http://is.gd/frapd5u,20,1,1,0,0,0,0,0,0,0,3.7842,1,3,0.05,1,phishing
http://bit.ly/emj6kmo,21,1,1,0,0,0,0,0,0,0,3.8442,1,3,0.0476,1,phishing
http://66.164.18.16/wellsfargo-verify/sdrpew.php,48,4,9,1,0,0,1,0,0,1,4.3711,1,4,0.1875,0,phishing
https://docs.trello.edu/,24,2,0,0,1,0,0,0,1,0,3.6887,1,3,0.0,0,safe
http://tinyurl.com/vm7gr6n,26,1,2,0,0,0,0,0,0,0,4.1039,1,3,0.0769,1,phishing
https://7.89.117.195/netflix-signin/vxbbdq.php,46,4,9,1,1,0,1,0,0,1,4.398,1,4,0.1957,0,phishing
https://paypal-recover.click/verify/login/uizerw27?id=ksxz1o1ndw,64,1,4,1,1,0,0,0,0,5,4.7463,3,5,0.0625,0,phishing
https://en.mit.edu/,19,2,0,0,1,0,0,0,1,0,3.5369,1,3,0.0,0,safe
https://www.khanacademy.io/blog/2026/updates,44,2,4,0,1,0,0,0,1,1,4.434,1,5,0.0909,0,safe
http://bank0famerica-billing.info/billing/xe9wq,47,1,2,1,0,0,0,0,0,1,4.3414,1,4,0.0426,0,phishing
https://docs.nytimes.net/support/faq,36,2,0,0,1,0,0,0,1,1,4.0487,1,4,0.0,0,safe
https://docs.dropbox.io/careers,31,2,0,0,1,0,0,0,1,0,3.8489,1,3,0.0,0,safe
https://en.usps.edu/products?ref=fp4e,37,2,1,0,1,0,0,0,1,0,3.9591,3,3,0.027,0,safe
http://is.gd/w24cog4,20,1,3,0,0,0,0,0,0,0,3.7842,1,3,0.15,1,phishing
https://coinbase-recover.xyz/account/alert/yh2k3r0d?id=apsfax99l7,65,1,6,1,1,0,0,0,0,3,4.7496,3,5,0.0923,0,phishing
https://en.npr.io/support/faq,29,2,0,0,1,0,0,0,1,1,3.7975,1,4,0.0,0,safe
http://rb.gy/wglq41r,20,1,2,0,0,0,0,0,0,0,3.7842,1,3,0.1,1,phishing
https://help.duolingo.org/news/latest,37,2,0,0,1,0,0,0,1,0,3.9927,1,4,0.0,0,safe
http://7macvri.63nrszy.1128q3b.netflix.info/suspended,53,4,8,0,0,0,0,0,3,1,4.751,1,3,0.1509,0,phishing
https://cloudflare.edu/products,31,1,0,0,1,0,0,0,0,0,3.889,1,3,0.0,0,safe
https://bbc.org/careers,23,1,0,0,1,0,0,0,0,0,3.6753,1,3,0.0,0,safe
https://www.trello.com/,23,2,0,0,1,0,0,0,1,0,3.6425,1,3,0.0,0,safe
http://icloud-recover.info/account/recover/ozcysbdr?id=2s7z3t9y7r,65,1,5,1,0,0,0,0,0,2,4.5201,3,5,0.0769,0,phishing
http://235.209.243.127/microsoft-support-center/suqric.php,58,4,12,2,0,0,1,0,0,1,4.4531,1,4,0.2069,0,phishing
http://0192.l4u2e.7elxw.bankofamerica.ga/update,47,4,7,0,0,0,0,0,3,1,4.5946,1,3,0.1489,0,phishing
https://bit.ly/wte5xrc,22,1,1,0,1,0,0,0,0,0,3.8797,1,3,0.0455,1,phishing
https://www.slack.gov/account/settings,38,2,0,0,1,0,0,0,1,1,4.0079,1,4,0.0,0,safe
http://icloud-recover.cf/unlock/reset-password/j53w7y4d?id=nyu0jdm1nq,69,1,6,2,0,0,0,0,0,4,4.8297,3,5,0.087,0,phishing
https://docs.npr.org/about,26,2,0,0,1,0,0,0,1,0,3.8441,1,3,0.0,0,safe
https://figma.net/news/latest,29,1,0,0,1,0,0,0,0,0,3.7159,1,4,0.0,0,safe
https://docs.bbc.net/help/contact,33,2,0,0,1,0,0,0,1,0,3.7229,1,4,0.0,0,safe
http://amaz0n-secure.xyz/secure/dv1xx,37,1,2,1,0,0,0,0,0,1,4.2701,1,4,0.0541,0,phishing
https://nationalgeographic.gov/products?ref=hw43,48,1,2,0,1,0,0,0,0,0,4.4489,3,3,0.0417,0,safe
https://197.68.101.10/apple-secure/dvlctv.php,45,4,10,1,1,0,1,0,0,1,4.2225,1,4,0.2222,0,phishing
https://n17.r8b.rryov9cc.i2if2grh.igl.icloud.tk/alert,53,6,6,0,1,0,0,0,5,1,4.4943,1,3,0.1132,0,phishing
https://docs.un.net/en/home,27,2,0,0,1,0,0,0,1,0,3.634,1,4,0.0,0,safe
https://airbnb.gov/pricing?ref=zzgk,35,1,0,0,1,0,0,0,0,0,4.3002,3,3,0.0,0,safe
http://cutt.ly/p1x4rzy,22,1,2,0,0,0,0,0,0,0,3.6978,1,3,0.0909,1,phishing
http://tinyurl.com/8lb2rye,26,1,2,0,0,0,0,0,0,0,4.1039,1,3,0.0769,1,phishing
https://www.airbnb.edu/about,28,2,0,0,1,0,0,0,1,0,3.9138,1,3,0.0,0,safe
http://paypal-authenticate.xyz/unlock/recover/suspended/reset-password/aulywp4c?id=q406d9wz9p,93,1,6,2,0,0,0,0,0,7,4.6325,3,7,0.0645,0,phishing
https://help.dropbox.com/pricing,32,2,0,0,1,0,0,0,1,0,4.0778,1,3,0.0,0,safe
https://a3boz.0wzaa2.ik9jhl.8ihn608k.9q2i1q.nnmatx1k.binance.tk/alert,69,7,12,0,1,0,0,0,6,1,4.6029,1,3,0.1739,0,phishing
http://facebook-reset-password.tk/update/alert/z8gdfnkr?id=4d4md6gsfr,69,1,4,2,0,0,0,0,0,4,4.5597,3,5,0.058,0,phishing
https://en.duolingo.org/blog/2026/updates?ref=gk88,50,2,6,0,1,0,0,0,1,1,4.5015,3,5,0.12,0,safe
https://tinyurl.com/uqzn4np,27,1,1,0,1,0,0,0,0,0,4.0784,1,3,0.037,1,phishing
http://coinbase-login.ga/login/reset-password/account/billing/dbsrjkr0?id=93zg00hh8x,84,1,6,2,0,0,0,0,0,5,4.6527,3,7,0.0714,0,phishing
http://rb.gy/3ul0tly,20,1,2,0,0,0,0,0,0,0,3.6464,1,3,0.1,1,phishing
https://help.nasa.io/account/settings,37,2,0,0,1,0,0,0,1,1,3.8278,1,4,0.0,0,safe
http://cutt.ly/6jv8kin,22,1,2,0,0,0,0,0,0,0,3.8797,1,3,0.0909,1,phishing
https://help.figma.io/careers?ref=nnre,38,2,0,0,1,0,0,0,1,0,4.1331,3,3,0.0,0,safe
https://airbnb.io/en/home,25,1,0,0,1,0,0,0,0,0,3.7639,1,4,0.0,0,safe
https://en.nasa.io/products,27,2,0,0,1,0,0,0,1,0,3.8562,1,3,0.0,0,safe
http://177.166.137.245/icloud-billing/165g1s.php,48,4,16,1,0,0,1,0,0,1,4.3478,1,4,0.3333,0,phishing
https://nationalgeographic.org/?ref=ajb8,40,1,1,0,1,0,0,0,0,0,4.2776,3,3,0.025,0,safe
http://is.gd/zlfokpl,20,1,0,0,0,0,0,0,0,0,3.7842,1,3,0.0,1,phishing
https://docs.github.com/en/home,31,2,0,0,1,0,0,0,1,0,3.9134,1,4,0.0,0,safe
https://en.mit.edu/,19,2,0,0,1,0,0,0,1,0,3.5369,1,3,0.0,0,safe
http://122.173.42.154/facebook-verify/wsx7v6.php,48,4,13,1,0,0,1,0,0,1,4.6211,1,4,0.2708,0,phishing
https://is.gd/dcmty71,21,1,2,0,1,0,0,0,0,0,3.749,1,3,0.0952,1,phishing
https://tinyurl.com/kns62rn,27,1,2,0,1,0,0,0,0,0,4.0784,1,3,0.0741,1,phishing
https://r0yj6.5mwg7yk.vj2u.zdakipci.scxy.32glxfx7.apple.tk/support-center,73,7,8,1,1,0,0,0,6,1,4.8089,1,3,0.1096,0,phishing
http://52.20.153.187/netflix-unlock/riinyu.php,46,4,10,1,0,0,1,0,0,1,4.5014,1,4,0.2174,0,phishing
https://docs.irs.net/account/settings,37,2,0,0,1,0,0,0,1,1,3.787,1,4,0.0,0,safe
https://www.who.net/blog/2026/updates,37,2,4,0,1,0,0,0,1,1,4.0849,1,5,0.1081,0,safe
https://www.usps.net/about,26,2,0,0,1,0,0,0,1,0,3.6133,1,3,0.0,0,safe
http://is.gd/pg4guhf,20,1,1,0,0,0,0,0,0,0,3.5464,1,3,0.05,1,phishing
https://www.python.com/blog/2026/updates,40,2,4,0,1,0,0,0,1,1,4.2751,1,5,0.1,0,safe
https://docs.mozilla.io/about?ref=2crm,38,2,1,0,1,0,0,0,1,0,4.3661,3,3,0.0263,0,safe
https://www.who.org/products,28,2,0,0,1,0,0,0,1,0,3.655,1,3,0.0,0,safe
https://help.dropbox.com/docs/getting-started?ref=2kuy,54,2,1,1,1,0,0,0,1,0,4.5229,3,4,0.0185,0,safe
http://fedex-authenticate.xyz/authenticate/d88ob,48,1,2,1,0,0,0,0,0,1,4.0378,1,4,0.0417,0,phishing
https://outlookqq-signin.ga/signin/2h6bq,40,1,2,1,1,0,0,0,0,1,4.0776,1,4,0.05,0,phishing
http://9ql6sx.31g71.4c115i.fkl9othq.ajhx.2lx5.apple.gq/secure,61,7,13,0,0,0,0,0,6,1,4.6039,1,3,0.2131,0,phishing
https://docs.nasa.net/docs/getting-started?ref=8yzw,51,2,1,1,1,0,0,0,1,0,4.27,3,4,0.0196,0,safe
https://hvym.dxa1.wczyhv87.rwinz.netflix.top/verify,51,5,3,0,1,0,0,0,4,1,4.508,1,3,0.0588,0,phishing
http://facebook-alert.gq/billing/account/0u6rvamm?id=5dlrbo5xnw,63,1,4,1,0,0,0,0,0,3,4.7172,3,5,0.0635,0,phishing
http://28f2qslc.qdxfx.u04raldh.z5upcbeo.ftcw8.instagram.tk/recover,66,6,7,0,0,0,0,0,5,1,4.7696,1,3,0.1061,0,phishing
http://196.62.72.106/outlook-confirm/0b2uyq.php,47,4,12,1,0,0,1,0,0,1,4.4691,1,4,0.2553,0,phishing
https://help.nasa.com,21,2,0,0,1,0,0,0,1,0,3.7257,1,2,0.0,0,safe
https://en.cloudflare.org/?ref=j51r,35,2,2,0,1,0,0,0,1,0,4.3433,3,3,0.0571,0,safe
https://vh9budw.bniyzi.vgdogxpb.binance.gq/reset-password,57,4,1,1,1,0,0,0,3,2,4.534,1,3,0.0175,0,phishing
https://help.stackoverflow.edu/support/faq,42,2,0,0,1,0,0,0,1,1,4.1479,1,4,0.0,0,safe
https://help.bbc.io/about,25,2,0,0,1,0,0,0,1,0,3.7533,1,3,0.0,0,safe
https://co8e.eq8z4c.y80qrr.eh8wfcg.qk2lu.3oag6.coinbase.tk/support-center,73,7,9,1,1,0,0,0,6,1,4.6364,1,3,0.1233,0,phishing
http://189.63.209.79/amazon-update/x0ef6z.php,45,4,12,1,0,0,1,0,0,1,4.4193,1,4,0.2667,0,phishing
https://netf1ix-secure.cf/secure/5stru,38,1,2,1,1,0,0,0,0,1,3.8828,1,4,0.0526,0,phishing
http://rb.gy/jipxr3p,20,1,1,0,0,0,0,0,0,0,3.6464,1,3,0.05,1,phishing
http://1k5dwg.u4s.p75n.5atkvt.1hi7svxi.4eb2x.bankofamerica.info/confirm,71,7,10,0,0,0,0,0,6,1,4.6704,1,3,0.1408,0,phishing
http://okfge.di10ip52.9gop.8pg.dhl.top/update,45,5,6,0,0,0,0,0,4,1,4.1554,1,3,0.1333,0,phishing
https://www.mit.com/account/settings,36,2,0,0,1,0,0,0,1,1,3.8429,1,4,0.0,1,safe
http://usps-alert.gq/alert/2fid4,32,1,2,1,0,0,0,0,0,1,4.125,1,4,0.0625,0,phishing
http://180.246.163.113/usps-login/0pmbva.php,44,4,13,1,0,0,1,0,0,1,4.3774,1,4,0.2955,0,phishing
http://fedext6-suspended.click/suspended/cd1q0,46,1,3,1,0,0,0,0,0,2,4.1043,1,4,0.0652,0,phishing
https://npr.net/careers,23,1,0,0,1,0,0,0,0,0,3.4358,1,3,0.0,0,safe
https://rb.gy/81ke0nq,21,1,3,0,1,0,0,0,0,0,4.0707,1,3,0.1429,1,phishing
https://www.notion.org/support/faq,34,2,0,0,1,0,0,0,1,1,3.8666,1,4,0.0,0,safe
https://github.io/docs/getting-started?ref=e2xb,47,1,1,1,1,0,0,0,0,0,4.2798,3,4,0.0213,0,safe
https://dropbox.gov,19,1,0,0,1,0,0,0,0,0,3.6819,1,2,0.0,0,safe
https://docs.usps.edu/products,30,2,0,0,1,0,0,0,1,0,3.5274,1,3,0.0,0,safe
https://spotify.edu/careers,27,1,0,0,1,0,0,0,0,0,3.9023,1,3,0.0,0,safe
http://is.gd/uwvfbbx,20,1,0,0,0,0,0,0,0,0,3.8842,1,3,0.0,1,phishing
http://we11sfarg0-update.ml/update/0e1z4,40,1,6,1,0,0,0,0,0,1,4.2153,1,4,0.15,0,phishing
http://p2i.r5k3u.frt7tba.amazon.top/billing,43,4,4,0,0,0,0,0,3,1,4.2954,1,3,0.093,0,phishing
https://en.slack.io/news/latest?ref=nh5w,40,2,1,0,1,0,0,0,1,0,4.1531,3,4,0.025,0,safe
https://usps-login.cf/authenticate/unlock/login/8r5fqyik?id=beq7pmpurd,70,1,3,1,1,0,0,0,0,3,4.6649,3,6,0.0429,0,phishing
http://bit.ly/j1wbylh,21,1,1,0,0,0,0,0,0,0,3.5585,1,3,0.0476,1,phishing
http://46.152.144.37/bankofamerica-alert/hbmxjt.php,51,4,10,1,0,0,1,0,0,1,4.5692,1,4,0.1961,0,phishing
http://39.72.252.143/netflix-billing/45mywg.php,47,4,12,1,0,0,1,0,0,1,4.453,1,4,0.2553,0,phishing
https://r09imu.0ugca.b3zl.bankofamerica.tk/update,49,4,4,0,1,0,0,0,3,1,4.4898,1,3,0.0816,0,phishing
https://www.mit.net/products,28,2,0,0,1,0,0,0,1,0,3.8388,1,3,0.0,0,safe
https://reuters.io/products,27,1,0,0,1,0,0,0,0,0,3.634,1,3,0.0,0,safe
http://45.235.253.195/binance-confirm/mc32o5.php,48,4,14,1,0,0,1,0,0,1,4.3061,1,4,0.2917,0,phishing
http://51.12.203.53/binance-signin/px9joo.php,45,4,10,1,0,0,1,0,0,1,4.364,1,4,0.2222,0,phishing
https://www.usps.com/about,26,2,0,0,1,0,0,0,1,0,3.6612,1,3,0.0,0,safe
https://bit.ly/qr1wt7q,22,1,2,0,1,0,0,0,0,0,3.7888,1,3,0.0909,1,phishing
https://en.mozilla.gov/,23,2,0,0,1,0,0,0,1,0,3.969,1,3,0.0,0,safe
https://90edvq.k94rd3.fphqy.p28.instagram.ga/recover,52,5,7,0,1,0,0,0,4,1,4.5969,1,3,0.1346,0,phishing
https://help.nasa.net/blog/2026/updates,39,2,4,0,1,0,0,0,1,1,4.0385,1,5,0.1026,0,safe
https://help.slack.edu/about,28,2,0,0,1,0,0,0,1,0,3.8963,1,3,0.0,0,safe
https://www.un.com/about,24,2,0,0,1,0,0,0,1,0,3.7406,1,3,0.0,0,safe
https://en.duolingo.org/,24,2,0,0,1,0,0,0,1,0,3.8554,1,3,0.0,0,safe
https://instagram-confirm.ml/confirm/jwfsv,42,1,0,1,1,0,0,0,0,1,4.1892,1,4,0.0,0,phishing
https://docs.github.net/en/home?ref=g9ys,40,2,1,0,1,0,0,0,1,0,4.2842,3,4,0.025,0,safe
https://docs.coursera.io/support/faq,36,2,0,0,1,0,0,0,1,1,3.8848,1,4,0.0,0,safe
http://47.188.5.41/icloud-suspended/dymete.php,46,4,8,1,0,0,1,0,0,1,4.2898,1,4,0.1739,0,phishing
http://micr0s0ft-authenticate.top/authenticate/i2af9,52,1,4,1,0,0,0,0,0,1,4.0016,1,4,0.0769,0,phishing
http://chase-alert.gq/unlock/billing/update/login/abdarat2?id=ykgdxnm1xe,72,1,2,1,0,0,0,0,0,5,4.5535,3,7,0.0278,0,phishing
http://is.gd/4mrft7v,20,1,2,0,0,0,0,0,0,0,3.8464,1,3,0.1,1,phishing
http://123.62.1.223/bankofamerica-alert/1mc7x7.php,50,4,12,1,0,0,1,0,0,1,4.4386,1,4,0.24,0,phishing
https://spotify.net/products?ref=oavw,37,1,0,0,1,0,0,0,0,0,4.2195,3,3,0.0,0,safe
http://fedex-support-center.cf/support-center/un75x,51,1,2,3,0,0,0,0,0,1,3.993,1,4,0.0392,0,phishing
https://help.mozilla.org/,25,2,0,0,1,0,0,0,1,0,3.8635,1,3,0.0,0,safe
http://vqk5isa.cjb.zdftybu.b9v.nj5hz.mdmpu0ny.microsoft.cf/signin,65,7,4,0,0,0,0,0,6,1,4.6042,1,3,0.0615,0,phishing
http://ic10ud-alert.cf/alert/p6te4,34,1,4,1,0,0,0,0,0,1,4.0767,1,4,0.1176,0,phishing
http://paypalzd-login.gq/login/mlccq,36,1,0,1,0,0,0,0,0,2,4.0724,1,4,0.0,0,phishing
https://en.notion.io/products,29,2,0,0,1,0,0,0,1,0,3.7025,1,3,0.0,0,safe
https://rb.gy/gjwh5qp,21,1,1,0,1,0,0,0,0,0,3.7849,1,3,0.0476,1,phishing
https://docs.trello.net/blog/2026/updates,41,2,4,0,1,0,0,0,1,1,4.1322,1,5,0.0976,0,safe
http://tbl3x.q5dhr.vbpm.py8otc.netflix.ga/reset-password,56,5,3,1,0,0,0,0,4,2,4.5906,1,3,0.0536,0,phishing
https://docs.khanacademy.gov/blog/2026/updates,46,2,4,0,1,0,0,0,1,1,4.3794,1,5,0.087,0,safe
http://microsoft-support-center.xyz/webscr/verify/billing/confirm/7587wj6x?id=96z6g8qp3z,88,1,10,2,0,0,0,0,0,5,4.8906,3,7,0.1136,0,phishing
https://rb.gy/n8xv99f,21,1,3,0,1,0,0,0,0,0,3.9754,1,3,0.1429,1,phishing
http://250.6.193.37/outlook-suspended/32ydhi.php,48,4,11,1,0,0,1,0,0,1,4.423,1,4,0.2292,0,phishing
http://cutt.ly/g6r4665,22,1,5,0,0,0,0,0,0,0,3.6635,1,3,0.2273,1,phishing
http://ape.grdb6hk.2hil772t.bankofamerica.ml/billing,52,4,5,0,0,0,0,0,3,1,4.3731,1,3,0.0962,0,phishing
https://mh58.2ocw.401ic7ta.7rzqah.22s0y.dhl.ga/suspended,56,6,11,0,1,0,0,0,5,1,4.6416,1,3,0.1964,0,phishing
https://appleyx-authenticate.ga/authenticate/4t7hl,50,1,2,1,1,0,0,0,0,1,3.9158,1,4,0.04,0,phishing
https://dropbox.com,19,1,0,0,1,0,0,0,0,0,3.6819,1,2,0.0,0,safe
https://235.141.175.56/chase-suspended/otqgty.php,49,4,11,1,1,0,1,0,0,1,4.3694,1,4,0.2245,0,phishing
https://khanacademy.net/news/latest,35,1,0,0,1,0,0,0,0,0,3.783,1,4,0.0,0,safe
https://docs.khanacademy.org/account/settings,45,2,0,0,1,0,0,0,1,1,4.0892,1,4,0.0,0,safe
http://chase-billing.info/signin/authenticate/secure/account/ljd2xvbz?id=g3c13bevgl,83,1,4,1,0,0,0,0,0,5,4.5394,3,7,0.0482,0,phishing
http://bit.ly/wq7scrp,21,1,1,0,0,0,0,0,0,0,3.8442,1,3,0.0476,1,phishing
https://help.github.edu/support/faq,35,2,0,0,1,0,0,0,1,1,4.0004,1,4,0.0,0,safe
http://is.gd/8v9y2mv,20,1,3,0,0,0,0,0,0,0,3.8842,1,3,0.15,1,phishing
https://is.gd/vqnf1ge,21,1,1,0,1,0,0,0,0,0,3.8802,1,3,0.0476,1,phishing
https://un.gov/careers,22,1,0,0,1,0,0,0,0,0,3.8797,1,3,0.0,0,safe
https://u2j8xp.pp6ks.yzjg.4v9cev.r1195na.outlook.cf/update,58,6,9,0,1,0,0,0,5,1,4.6962,1,3,0.1552,0,phishing
https://apple-confirm.ga/update/login/billing/9g84ig0v?id=ag7e3x30ag,68,1,8,1,1,0,0,0,0,4,4.6089,3,6,0.1176,0,phishing
http://vo6xw.86vg7.dor43qr.icloud.xyz/signin,44,4,6,0,0,0,0,0,3,1,4.5898,1,3,0.1364,0,phishing
https://a3ib28q.w7rv8tdl.k24y.aig9d115.vl2m.google.top/billing,62,6,12,0,1,0,0,0,5,1,4.6738,1,3,0.1935,0,phishing
https://help.npr.gov/account/settings?ref=4z86,46,2,3,0,1,0,0,0,1,1,4.4229,3,4,0.0652,0,safe
https://help.who.com/support/faq,32,2,0,0,1,0,0,0,1,1,3.9292,1,4,0.0,0,safe
https://help.mozilla.net/support/faq,36,2,0,0,1,0,0,0,1,1,4.0378,1,4,0.0,0,safe
https://rb.gy/1v0cz44,21,1,4,0,1,0,0,0,0,0,3.9754,1,3,0.1905,1,phishing
https://en.stackoverflow.com/,29,2,0,0,1,0,0,0,1,0,4.0902,1,3,0.0,0,safe
http://rb.gy/h660j1p,20,1,4,0,0,0,0,0,0,0,3.6842,1,3,0.2,1,phishing
https://docs.mit.com/about,26,2,0,0,1,0,0,0,1,0,3.7193,1,3,0.0,1,safe
https://docs.figma.net/support/faq,34,2,0,0,1,0,0,0,1,1,4.1019,1,4,0.0,0,safe
https://help.reuters.gov/news/latest,36,2,0,0,1,0,0,0,1,0,3.8027,1,4,0.0,0,safe
https://harvard.net/en/home,27,1,0,0,1,0,0,0,0,0,3.708,1,4,0.0,0,safe
https://www.harvard.net/,24,2,0,0,1,0,0,0,1,0,3.6573,1,3,0.0,0,safe
https://en.bbc.edu?ref=mz58,27,2,2,0,1,0,0,0,1,0,4.2825,3,2,0.0741,0,safe
https://en.python.gov/news/latest,33,2,0,0,1,0,0,0,1,0,3.7755,1,4,0.0,0,safe
http://116.117.218.154/binance-login/qh41uu.php,47,4,14,1,0,0,1,0,0,1,4.3223,1,4,0.2979,0,phishing
http://zcqel8.45h.fysrtl.9mynlr5c.coinbase.tk/suspended,55,5,5,0,0,0,0,0,4,1,4.5699,1,3,0.0909,0,phishing
https://en.khanacademy.io/account/settings,42,2,0,0,1,0,0,0,1,1,4.0144,1,4,0.0,0,safe
https://nationalgeographic.io/en/home?ref=8w1r,46,1,2,0,1,0,0,0,0,0,4.2947,3,4,0.0435,0,safe
https://cutt.ly/dpycvuk,23,1,0,0,1,0,0,0,0,0,3.6212,1,3,0.0,1,phishing
https://docs.github.com/pricing?ref=tnum,40,2,0,0,1,0,0,0,1,0,4.2653,3,3,0.0,0,safe
http://p0vgm.71ho.3syf1g.aurpo2.b4py4fi5.facebook.top/confirm,61,6,9,0,0,0,0,0,5,1,4.5842,1,3,0.1475,0,phishing
https://docs.dropbox.edu/products,33,2,0,0,1,0,0,0,1,0,3.7408,1,3,0.0,0,safe
https://docs.mit.io/support/faq,31,2,0,0,1,0,0,0,1,1,3.8489,1,4,0.0,0,safe
https://en.slack.com/about,26,2,0,0,1,0,0,0,1,0,3.9501,1,3,0.0,0,safe
https://en.figma.net/help/contact,33,2,0,0,1,0,0,0,1,0,3.859,1,4,0.0,0,safe
http://224.187.147.231/outlook-account/fbjkwb.php,49,4,12,1,0,0,1,0,0,1,4.3848,1,4,0.2449,0,phishing
https://bbc.net/en/home,23,1,0,0,1,0,0,0,0,0,3.5014,1,4,0.0,0,safe
http://239.209.224.108/netflix-billing/w9tbgt.php,49,4,13,1,0,0,1,0,0,1,4.2957,1,4,0.2653,0,phishing
http://17.18.82.35/binance-account/k2and0.php,45,4,10,1,0,0,1,0,0,1,4.3581,1,4,0.2222,0,phishing
https://help.mit.gov/about,26,2,0,0,1,0,0,0,1,0,3.9022,1,3,0.0,0,safe
https://235.132.161.49/outlook-confirm/t9xpel.php,49,4,12,1,1,0,1,0,0,1,4.4973,1,4,0.2449,0,phishing
http://238.76.80.205/outlook-reset-password/eseiqn.php,54,4,10,2,0,0,1,0,0,2,4.4956,1,4,0.1852,0,phishing
https://en.airbnb.edu/en/home,29,2,0,0,1,0,0,0,1,0,3.8664,1,4,0.0,0,safe
https://z699.nmpmk.pzk1i.facebook.tk/recover,44,4,4,0,1,0,0,0,3,1,4.3282,1,3,0.0909,0,phishing
https://80.80.57.142/google-authenticate/594e3e.php,51,4,13,1,1,0,1,0,0,1,4.4424,1,4,0.2549,0,phishing
http://pg77gu05.shnvr.wv23b3d4.dtxvnb.outlook.tk/signin,55,5,8,0,0,0,0,0,4,1,4.5043,1,3,0.1455,0,phishing
http://icloud-alert.top/signin/confirm/v81lu9zj?id=zpu1bcylvw,61,1,4,1,0,0,0,0,0,3,4.7341,3,5,0.0656,0,phishing
https://www.nationalgeographic.gov/en/home,42,2,0,0,1,0,0,0,1,0,4.076,1,4,0.0,0,safe
https://nytimes.gov/products?ref=ua7o,37,1,1,0,1,0,0,0,0,0,4.3915,3,3,0.027,0,safe
https://cutt.ly/37md0j1,23,1,4,0,1,0,0,0,0,0,3.969,1,3,0.1739,1,phishing
http://outlook-reset-password.top/webscr/login/secure/u6mptc7o?id=xrrj467w86,76,1,7,2,0,0,0,0,0,5,4.5845,3,6,0.0921,0,phishing
https://help.mozilla.io/pricing,31,2,0,0,1,0,0,0,1,0,3.9779,1,3,0.0,0,safe
https://www.mit.net/careers,27,2,0,0,1,0,0,0,1,0,3.708,1,3,0.0,0,safe
https://gsfc.l3y7h.749di4ar.ip679.zkiv9.netflix.info/secure,59,6,10,0,1,0,0,0,5,1,4.6216,1,3,0.1695,0,phishing
http://145.5.128.226/icloud-webscr/zqtrdr.php,45,4,10,1,0,0,1,0,0,1,4.4914,1,4,0.2222,0,phishing
http://paypal-authenticate.cf/suspended/webscr/webscr/il0vsdgz?id=vwoda1klhl,76,1,2,1,0,0,0,0,0,4,4.5937,3,6,0.0263,0,phishing
https://www.un.net/careers,26,2,0,0,1,0,0,0,1,0,3.6612,1,3,0.0,0,safe
https://docs.cloudflare.org/support/faq,39,2,0,0,1,0,0,0,1,1,4.0285,1,4,0.0,0,safe
https://help.nytimes.io/support/faq,35,2,0,0,1,0,0,0,1,1,4.022,1,4,0.0,0,safe
https://www.cloudflare.org/help/contact,39,2,0,0,1,0,0,0,1,0,4.0798,1,4,0.0,0,safe
https://harvard.org/docs/getting-started,40,1,0,1,1,0,0,0,0,0,3.9087,1,4,0.0,0,safe
http://115.33.39.186/apple-signin/esvup4.php,44,4,11,1,0,0,1,0,0,1,4.2544,1,4,0.25,0,phishing
https://c0inbase-unlock.info/unlock/n7ivf,41,1,2,1,1,0,0,0,0,1,4.2387,1,4,0.0488,0,phishing
https://facebook-verify.xyz/billing/recover/webscr/reset-password/pvkrp43v?id=c20xu3o5q9,88,1,7,2,1,0,0,0,0,6,4.8267,3,7,0.0795,0,phishing
https://en.github.edu/careers,29,2,0,0,1,0,0,0,1,0,3.9094,1,3,0.0,0,safe
https://137.228.45.208/fedex-alert/9ewl48.php,45,4,14,1,1,0,1,0,0,1,4.4025,1,4,0.3111,0,phishing
https://docs.duolingo.org/products?ref=mnqs,43,2,0,0,1,0,0,0,1,0,4.2488,3,3,0.0,0,safe
https://airbnb.net/products,27,1,0,0,1,0,0,0,0,0,3.9121,1,3,0.0,0,safe
https://docs.cloudflare.com/en/home,35,2,0,0,1,0,0,0,1,0,4.0004,1,4,0.0,0,safe
https://80.50.6.11/facebook-signin/bp3vp8.php,45,4,9,1,1,0,1,0,0,1,4.4339,1,4,0.2,0,phishing
http://213.165.17.139/apple-authenticate/fhioom.php,51,4,11,1,0,0,1,0,0,1,4.2856,1,4,0.2157,0,phishing
https://www.un.io/help/contact?ref=pr8d,39,2,1,0,1,0,0,0,1,0,4.2723,3,4,0.0256,0,safe
http://bdwnz0.nmi51on.ij8wz.7o3i.apple.cf/signin,48,5,6,0,0,0,0,0,4,1,4.4946,1,3,0.125,0,phishing
https://help.who.net/help/contact,33,2,0,0,1,0,0,0,1,0,3.6165,1,4,0.0,0,safe
http://5tea.xs5e.38r77w1y.s6odbxg.v12wznx.outlook.xyz/recover,61,6,10,0,0,0,0,0,5,1,4.6745,1,3,0.1639,0,phishing
https://help.github.net/about?ref=y7kk,38,2,1,0,1,0,0,0,1,0,4.3039,3,3,0.0263,0,safe
http://239.34.223.248/paypal-reset-password/xj4vax.php,54,4,12,2,0,0,1,0,0,3,4.3377,1,4,0.2222,0,phishing
https://docs.spotify.io/en/home?ref=rmh3,40,2,1,0,1,0,0,0,1,0,4.1464,3,4,0.025,0,safe
https://dhlog-unlock.gq/unlock/6wpqb,36,1,1,1,1,0,0,0,0,1,4.1835,1,4,0.0278,0,phishing
https://en.nytimes.edu/docs/getting-started,43,2,0,1,1,0,0,0,1,0,3.9665,1,4,0.0,0,safe
https://crbi.1zlf2kg.skiibt.038.hwpl.yn4azo.usps.ga/signin,58,7,6,0,1,0,0,0,6,1,4.502,1,3,0.1034,0,phishing
https://help.nationalgeographic.io/about,40,2,0,0,1,0,0,0,1,0,3.9964,1,3,0.0,0,safe
https://cutt.ly/yvx610v,23,1,3,0,1,0,0,0,0,0,3.7951,1,3,0.1304,1,phishing
https://coursera.net/pricing?ref=ft93,37,1,2,0,1,0,0,0,0,0,4.1957,3,3,0.0541,0,safe
https://tinyurl.com/h2jgeox,27,1,1,0,1,0,0,0,0,0,4.2545,1,3,0.037,1,phishing
https://docs.figma.gov/careers,30,2,0,0,1,0,0,0,1,0,4.0566,1,3,0.0,0,safe
https://reuters.net/about,25,1,0,0,1,0,0,0,0,0,3.5591,1,3,0.0,0,safe
http://9.80.161.86/bankofamerica-suspended/57hpgs.php,53,4,10,1,0,0,1,0,0,1,4.6217,1,4,0.1887,0,phishing
https://www.python.net/about,28,2,0,0,1,0,0,0,1,0,3.6959,1,3,0.0,0,safe
http://amazon-recover.top/webscr/login/suspended/sbknpwe3?id=tzx1tiydh9,71,1,3,1,0,0,0,0,0,4,4.683,3,6,0.0423,0,phishing
https://www.mozilla.edu/account/settings,40,2,0,0,1,0,0,0,1,1,4.1439,1,4,0.0,0,safe
https://docs.un.gov/account/settings,36,2,0,0,1,0,0,0,1,1,3.8401,1,4,0.0,0,safe
http://facebook-recover.tk/suspended/unlock/n97iy2zr?id=hpyy5r8716,66,1,8,1,0,0,0,0,0,3,4.7943,3,5,0.1212,0,phishing
https://help.cloudflare.org/?ref=62zd,37,2,2,0,1,0,0,0,1,0,4.317,3,3,0.0541,0,safe
https://un.net/about,20,1,0,0,1,0,0,0,0,0,3.4842,1,3,0.0,0,safe
https://nytimes.net/news/latest,31,1,0,0,1,0,0,0,0,0,3.5263,1,4,0.0,0,safe
http://tinyurl.com/pab9v36,26,1,3,0,0,0,0,0,0,0,4.2578,1,3,0.1154,1,phishing
https://24.27.103.3/amazon-suspended/sfbdtk.php,47,4,8,1,1,0,1,0,0,1,4.4161,1,4,0.1702,0,phishing
http://224.129.146.214/instagram-support-center/hgiuyj.php,58,4,12,2,0,0,1,0,0,1,4.4401,1,4,0.2069,0,phishing
https://tinyurl.com/1dt3z47,27,1,4,0,1,0,0,0,0,0,4.2825,1,3,0.1481,1,phishing
http://facebookxr-unlock.info/unlock/33jcw,42,1,2,1,0,0,0,0,0,1,4.2704,1,4,0.0476,0,phishing
https://help.un.gov/pricing?ref=4hw3,36,2,2,0,1,0,0,0,1,0,4.3848,3,3,0.0556,0,safe
https://bankofamerica-suspended.ga/login/webscr/webscr/jxuidvbl?id=ydadfhdfu1,77,1,1,1,1,0,0,0,0,3,4.6595,3,6,0.013,0,phishing
http://bit.ly/we7pi4b,21,1,2,0,0,0,0,0,0,0,3.6538,1,3,0.0952,1,phishing
https://icloud-secure.click/authenticate/billing/update/unlock/h8pucsds?id=sq3rl3d2ix,85,1,4,1,1,0,0,0,0,6,4.4408,3,7,0.0471,0,phishing
https://en.harvard.gov/blog/2026/updates?ref=01xw,49,2,6,0,1,0,0,0,1,1,4.5815,3,5,0.1224,0,safe
https://mit.gov,15,1,0,0,1,0,0,0,0,0,3.4566,1,2,0.0,0,safe
https://en.github.io/pricing,28,2,0,0,1,0,0,0,1,0,3.8249,1,3,0.0,0,safe
https://facebook-confirm.cf/billing/webscr/secure/webscr/j1m8johi?id=s464rwqx0a,79,1,6,1,1,0,0,0,0,4,4.7454,3,7,0.0759,0,phishing
https://rb.gy/9lst7ub,21,1,2,0,1,0,0,0,0,0,3.749,1,3,0.0952,1,phishing
https://www.un.net/news/latest,30,2,0,0,1,0,0,0,1,0,3.4444,1,4,0.0,0,safe
http://2t5cg.63hla.oo7iyw1.48y.eiyz0hy.k32b61yw.usps.click/confirm,66,7,13,0,0,0,0,0,6,2,4.7674,1,3,0.197,0,phishing
http://facebook-unlock.tk/signin/confirm/signin/ac9yx8yl?id=moq957eotk,70,1,5,1,0,0,0,0,0,3,4.643,3,6,0.0714,0,phishing
http://58.199.114.62/wellsfargo-unlock/qvris4.php,49,4,11,1,0,0,1,0,0,1,4.7113,1,4,0.2245,0,phishing
http://fedexzp-update.click/update/a2ke9,40,1,2,1,0,0,0,0,0,2,4.0439,1,4,0.05,0,phishing
https://www.airbnb.edu/products,31,2,0,0,1,0,0,0,1,0,4.0424,1,3,0.0,0,safe
http://usps-account.cf/authenticate/account/recover/52o1o8ph?id=6l8u0bvo2b,74,1,8,1,0,0,0,0,0,3,4.5041,3,6,0.1081,0,phishing
https://binance-confirm.click/verify/account/alert/74dmpihv?id=6nzncmi6w7,73,1,5,1,1,0,0,0,0,5,4.6098,3,6,0.0685,0,phishing
https://binance-verify.ml/billing/support-center/suspended/bwreet8u?id=hh4skyftij,81,1,2,2,1,0,0,0,0,4,4.5927,3,6,0.0247,0,phishing
https://www.reuters.gov/about,29,2,0,0,1,0,0,0,1,0,3.8404,1,3,0.0,0,safe
https://duolingo.edu/careers,28,1,0,0,1,0,0,0,0,0,4.0391,1,3,0.0,0,safe
https://help.npr.org/docs/getting-started,41,2,0,1,1,0,0,0,1,0,3.9604,1,4,0.0,0,safe
https://www.duolingo.com/en/home,32,2,0,0,1,0,0,0,1,0,3.9764,1,4,0.0,0,safe
https://www.nationalgeographic.net/news/latest,46,2,0,0,1,0,0,0,1,0,3.9091,1,4,0.0,0,safe
https://docs.coursera.edu/support/faq,37,2,0,0,1,0,0,0,1,1,3.8642,1,4,0.0,0,safe
http://cutt.ly/b1i1ay2,22,1,3,0,0,0,0,0,0,0,3.6978,1,3,0.1364,1,phishing
https://rb.gy/940opci,21,1,3,0,1,0,0,0,0,0,3.9754,1,3,0.1429,1,phishing
https://help.spotify.gov/pricing,32,2,0,0,1,0,0,0,1,0,3.9917,1,3,0.0,0,safe
http://icloud-confirm.xyz/alert/secure/authenticate/update/neqx9tmq?id=uzyofeo89x,81,1,3,1,0,0,0,0,0,5,4.5092,3,7,0.037,0,phishing
https://help.un.io/support/faq,30,2,0,0,1,0,0,0,1,1,3.8817,1,4,0.0,0,safe
https://en.who.io/careers,25,2,0,0,1,0,0,0,1,0,3.7835,1,3,0.0,0,safe
https://help.nytimes.org/news/latest,36,2,0,0,1,0,0,0,1,0,3.903,1,4,0.0,0,safe
https://en.mit.edu/pricing?ref=gkdn,35,2,0,0,1,0,0,0,1,0,4.1643,3,3,0.0,0,safe
http://amazon-authenticate.info/secure/billing/signin/oeolvi8j?id=z3glyp3quk,76,1,3,1,0,0,0,0,0,4,4.6197,3,6,0.0395,0,phishing
https://73.169.148.157/usps-unlock/zmw3y6.php,45,4,13,1,1,0,1,0,0,1,4.4805,1,4,0.2889,0,phishing
https://help.usps.org/,22,2,0,0,1,0,0,0,1,0,3.5383,1,3,0.0,0,safe
https://docs.mit.com/docs/getting-started,41,2,0,1,1,0,0,0,1,0,3.8962,1,4,0.0,1,safe
http://to6w7ab.611krub.erbt6.ow5xro.netflix.top/secure,54,5,7,0,0,0,0,0,4,1,4.3589,1,3,0.1296,0,phishing
http://tinyurl.com/u32y854,26,1,5,0,0,0,0,0,0,0,4.1808,1,3,0.1923,1,phishing
http://amaz0n-login.top/login/jg6fu,35,1,2,1,0,0,0,0,0,1,4.1287,1,4,0.0571,0,phishing
https://help.github.io/account/settings?ref=x14n,48,2,2,0,1,0,0,0,1,1,4.3499,3,4,0.0417,0,safe
https://www.github.gov/blog/2026/updates?ref=xpoq,49,2,4,0,1,0,0,0,1,1,4.5406,3,5,0.0816,0,safe
https://stackoverflow.org/,26,1,0,0,1,0,0,0,0,0,3.998,1,3,0.0,0,safe
http://microsoftuk-account.top/account/6b66d,44,1,3,1,0,0,0,0,0,1,4.0449,1,4,0.0682,0,phishing
http://google-recover.click/webscr/support-center/confirm/reset-password/jeykznnu?id=wzrpsoy4bp,95,1,1,3,0,0,0,0,0,7,4.5407,3,7,0.0105,0,phishing
https://www.cloudflare.edu/help/contact,39,2,0,0,1,0,0,0,1,0,4.0285,1,4,0.0,0,safe
https://docs.figma.gov/products,31,2,0,0,1,0,0,0,1,0,4.0181,1,3,0.0,0,safe
http://binancehr-authenticate.click/authenticate/afjzb,54,1,0,1,0,0,0,0,0,2,3.9266,1,4,0.0,0,phishing
https://en.usps.edu,19,2,0,0,1,0,0,0,1,0,3.3661,1,2,0.0,0,safe
https://apple-account.click/suspended/verify/9qp2t9hi?id=z6h5paa7bu,67,1,6,1,1,0,0,0,0,4,4.6909,3,5,0.0896,0,phishing
https://134.24.218.99/chase-update/3mlpxm.php,45,4,11,1,1,0,1,0,0,1,4.267,1,4,0.2444,0,phishing
https://en.npr.io/help/contact,30,2,0,0,1,0,0,0,1,0,3.7232,1,4,0.0,0,safe
https://en.irs.edu/support/faq,30,2,0,0,1,0,0,0,1,1,3.8981,1,4,0.0,0,safe
https://www.usps.net/account/settings,37,2,0,0,1,0,0,0,1,1,3.733,1,4,0.0,0,safe
https://help.mozilla.net/,25,2,0,0,1,0,0,0,1,0,3.7533,1,3,0.0,0,safe
http://dhl-suspended.xyz/signin/verify/unlock/update/dfbl51c4?id=8huhzt7q34,75,1,7,1,0,0,0,0,0,5,4.7965,3,7,0.0933,0,phishing
https://www.usps.net/support/faq,32,2,0,0,1,0,0,0,1,1,3.7264,1,4,0.0,0,safe
https://amazon-verify.click/signin/support-center/0ecp242p?id=fgakum3uon,72,1,5,2,1,0,0,0,0,4,4.6947,3,5,0.0694,0,phishing
https://notion.edu/products,27,1,0,0,1,0,0,0,0,0,3.736,1,3,0.0,0,safe
http://microsoft2t-recover.ml/recover/qwc7c,43,1,2,1,0,0,0,0,0,1,4.0491,1,4,0.0465,0,phishing
https://help.notion.edu/about,29,2,0,0,1,0,0,0,1,0,3.8404,1,3,0.0,0,safe
https://en.duolingo.net/pricing,31,2,0,0,1,0,0,0,1,0,3.9134,1,3,0.0,0,safe
http://q2h.wzatvy.nt14c.apple.click/confirm,43,4,3,0,0,0,0,0,3,2,4.4144,1,3,0.0698,0,phishing
http://cutt.ly/1a77dqe,22,1,3,0,0,0,0,0,0,0,3.7888,1,3,0.1364,1,phishing
https://bit.ly/ym1vb4l,22,1,2,0,1,0,0,0,0,0,3.7544,1,3,0.0909,1,phishing
http://bankofamerica6n-billing.ga/billing/tb4l6,47,1,3,1,0,0,0,0,0,1,4.1348,1,4,0.0638,0,phishing
https://docs.bbc.com/products,29,2,0,0,1,0,0,0,1,0,3.6504,1,3,0.0,0,safe
http://n146x5y.1mep9.c5t.google.ml/signin,41,4,7,0,0,0,0,0,3,1,4.3083,1,3,0.1707,0,phishing
https://9hjgo2.pzauv.uw5xtb8.la01d.dhl.top/secure,49,5,6,0,1,0,0,0,4,1,4.5815,1,3,0.1224,0,phishing
http://icloud3f-unlock.ml/unlock/ido8h,38,1,2,1,0,0,0,0,0,1,4.0503,1,4,0.0526,0,phishing
https://docs.nytimes.org/pricing,32,2,0,0,1,0,0,0,1,0,3.9681,1,3,0.0,0,safe
https://www.stackoverflow.com/account/settings,46,2,0,0,1,0,0,0,1,1,4.1429,1,4,0.0,0,safe
https://www.coursera.edu/support/faq,36,2,0,0,1,0,0,0,1,1,3.933,1,4,0.0,0,safe
http://amaz0n-secure.click/secure/ecndj,39,1,1,1,0,0,0,0,0,2,4.1772,1,4,0.0256,0,phishing
https://docs.dropbox.gov/help/contact,37,2,0,0,1,0,0,0,1,0,3.99,1,4,0.0,0,safe
https://www.usps.io/docs/getting-started,40,2,0,1,1,0,0,0,1,0,3.9751,1,4,0.0,0,safe
http://is.gd/q6uk9s0,20,1,3,0,0,0,0,0,0,0,3.8842,1,3,0.15,1,phishing
http://c0inbase-alert.top/alert/2arwv,37,1,2,1,0,0,0,0,0,1,4.0981,1,4,0.0541,0,phishing
https://43pg3nt1.jr65jm9w.yvpj4y9.wellsfargo.click/webscr,57,4,9,0,1,0,0,0,3,2,4.7312,1,3,0.1579,0,phishing
http://95.3.66.3/paypal-support-center/9rhm6o.php,49,4,8,2,0,0,1,0,0,2,4.1878,1,4,0.1633,0,phishing
https://ic10ud-recover.gq/recover/u18r2,39,1,5,1,1,0,0,0,0,1,4.1991,1,4,0.1282,0,phishing
https://docs.github.net/account/settings,40,2,0,0,1,0,0,0,1,1,3.8429,1,4,0.0,0,safe
https://help.npr.io/careers,27,2,0,0,1,0,0,0,1,0,3.7542,1,3,0.0,0,safe
http://cutt.ly/2f3plm9,22,1,3,0,0,0,0,0,0,0,3.6978,1,3,0.1364,1,phishing
https://en.cloudflare.net/pricing,33,2,0,0,1,0,0,0,1,0,4.1044,1,3,0.0,0,safe
https://netf1ix-billing.click/billing/8vs8m,43,1,3,1,1,0,0,0,0,2,4.1558,1,4,0.0698,0,phishing
https://docs.notion.org/pricing?ref=22ki,40,2,2,0,1,0,0,0,1,0,4.1464,3,3,0.05,0,safe
https://en.duolingo.edu/docs/getting-started,44,2,0,1,1,0,0,0,1,0,3.9929,1,4,0.0,0,safe
http://binancel9-authenticate.cf/authenticate/6ynn4,51,1,3,1,0,0,0,0,0,1,3.903,1,4,0.0588,0,phishing
https://docs.khanacademy.gov,28,2,0,0,1,0,0,0,1,0,4.0661,1,2,0.0,0,safe
https://44.108.27.102/instagram-login/xuti3p.php,48,4,11,1,1,0,1,0,0,1,4.4442,1,4,0.2292,0,phishing
https://www.nationalgeographic.gov/en/home,42,2,0,0,1,0,0,0,1,0,4.076,1,4,0.0,0,safe
http://187.124.202.17/chase-verify/o3k5hf.php,45,4,13,1,0,0,1,0,0,1,4.4637,1,4,0.2889,0,phishing
https://www.usps.com/,21,2,0,0,1,0,0,0,1,0,3.4273,1,3,0.0,0,safe
https://un.net/account/settings,31,1,0,0,1,0,0,0,0,1,3.5908,1,4,0.0,0,safe
https://help.coursera.net/account/settings,42,2,0,0,1,0,0,0,1,1,3.8919,1,4,0.0,0,safe
https://docs.usps.com/,22,2,0,0,1,0,0,0,1,0,3.4251,1,3,0.0,0,safe
https://help.python.net/news/latest,35,2,0,0,1,0,0,0,1,0,3.5713,1,4,0.0,0,safe
http://nfx51vg.pqqq.na39tv3.icloud.gq/suspended,47,4,5,0,0,0,0,0,3,1,4.453,1,3,0.1064,0,phishing
https://docs.figma.gov/help/contact,35,2,0,0,1,0,0,0,1,0,4.0576,1,4,0.0,0,safe
https://irs.edu/news/latest,27,1,0,0,1,0,0,0,0,0,3.6899,1,4,0.0,0,safe
https://47.164.105.95/dhl-billing/inq1xx.php,44,4,11,1,1,0,1,0,0,1,4.3282,1,4,0.25,0,phishing
http://nf25e.xo2.w0wy.n5mq.t89e.dbbbkql.microsoft.tk/reset-password,67,7,7,1,0,0,0,0,6,2,4.6306,1,3,0.1045,0,phishing
https://help.duolingo.net/account/settings,42,2,0,0,1,0,0,0,1,1,3.9215,1,4,0.0,0,safe
https://docs.dropbox.org/help/contact,37,2,0,0,1,0,0,0,1,0,3.936,1,4,0.0,0,safe
https://www.cloudflare.edu/account/settings,43,2,0,0,1,0,0,0,1,1,4.1383,1,4,0.0,0,safe
https://dp7ed2.wgzmvie.flakk.dhl.top/verify,43,4,2,0,1,0,0,0,3,1,4.4083,1,3,0.0465,0,phishing
https://help.mozilla.com/account/settings,41,2,0,0,1,0,0,0,1,1,4.0251,1,4,0.0,0,safe
https://docs.nationalgeographic.net/news/latest,47,2,0,0,1,0,0,0,1,0,3.9745,1,4,0.0,0,safe
https://help.trello.com/account/settings?ref=itp6,49,2,1,0,1,0,0,0,1,1,4.1979,3,4,0.0204,0,safe
http://zlhm.b1l.87w21.1q5bnh9a.mmzk2.outlook.top/suspended,58,6,9,0,0,0,0,0,5,1,4.5125,1,3,0.1552,0,phishing
https://docs.trello.edu/about,29,2,0,0,1,0,0,0,1,0,3.8404,1,3,0.0,0,safe
https://en.notion.gov,21,2,0,0,1,0,0,0,1,0,3.5226,1,2,0.0,0,safe
https://usps.gov/en/home,24,1,0,0,1,0,0,0,0,0,3.6368,1,4,0.0,0,safe
https://www.wikipedia.com/en/home,33,2,0,0,1,0,0,0,1,0,3.9077,1,4,0.0,0,safe
https://www.wikipedia.net/docs/getting-started,46,2,0,1,1,0,0,0,1,0,3.9766,1,4,0.0,0,safe
http://bit.ly/ksioaa9,21,1,1,0,0,0,0,0,0,0,3.749,1,3,0.0476,1,phishing
http://wellsfargo-unlock.cf/recover/account/confirm/a1fvp4bg?id=iqksq0k1nk,74,1,4,1,0,0,0,0,0,4,4.6905,3,6,0.0541,0,phishing
https://docs.npr.edu/pricing,28,2,0,0,1,0,0,0,1,0,3.8963,1,3,0.0,0,safe
https://help.cloudflare.net/docs/getting-started,48,2,0,1,1,0,0,0,1,0,4.0948,1,4,0.0,0,safe
https://un.net/careers,22,1,0,0,1,0,0,0,0,0,3.5383,1,3,0.0,0,safe
https://en.nytimes.net/support/faq,34,2,0,0,1,0,0,0,1,1,3.8925,1,4,0.0,0,safe
https://docs.airbnb.edu,23,2,0,0,1,0,0,0,1,0,4.0018,1,2,0.0,0,safe
https://airbnb.net/about,24,1,0,0,1,0,0,0,0,0,3.6887,1,3,0.0,0,safe
http://96xvea77.jg2ga72.8upfv.1sza92i.q555v.instagram.cf/verify,63,6,14,0,0,0,0,0,5,1,4.6573,1,3,0.2222,0,phishing
https://help.figma.edu/about,28,2,0,0,1,0,0,0,1,0,4.0391,1,3,0.0,0,safe
https://en.harvard.org/en/home,30,2,0,0,1,0,0,0,1,0,3.8314,1,4,0.0,0,safe
https://nasa.io/en/home,23,1,0,0,1,0,0,0,0,0,3.567,1,4,0.0,0,safe
http://i3czzs.db8lr8q.7goa9.9mcv4t8.chase.gq/login,50,5,8,0,0,0,0,0,4,1,4.5762,1,3,0.16,0,phishing
https://www.reuters.org/products,32,2,0,0,1,0,0,0,1,0,3.7417,1,3,0.0,0,safe
https://wikipedia.com?ref=frja,30,1,0,0,1,0,0,0,0,0,4.2817,3,2,0.0,0,safe
http://we11sfarg0-reset-password.cf/reset-password/1re2w,56,1,5,3,0,0,0,0,0,2,4.0272,1,4,0.0893,0,phishing
https://en.usps.net/careers?ref=x8fg,36,2,1,0,1,0,0,0,1,0,4.0067,3,3,0.0278,0,safe
https://en.mit.edu/help/contact?ref=3if3,40,2,2,0,1,0,0,0,1,0,4.2317,3,4,0.05,0,safe
https://186.114.8.105/usps-webscr/znldez.php,44,4,10,1,1,0,1,0,0,1,4.3231,1,4,0.2273,0,phishing
http://bankofamerica-support-center.top/support-center/verify/us9u5882?id=k9jdzmjk7b,84,1,7,3,0,0,0,0,0,2,4.7129,3,5,0.0833,0,phishing
http://js4li.1s4j.ppotpky.nli.2vyg.icloud.click/alert,53,6,4,0,0,0,0,0,5,2,4.3576,1,3,0.0755,0,phishing
https://is.gd/ourns09,21,1,2,0,1,0,0,0,0,0,3.8442,1,3,0.0952,1,phishing
https://docs.un.org/help/contact,32,2,0,0,1,0,0,0,1,0,3.8903,1,4,0.0,0,safe
http://135.115.87.134/paypal-verify/07isdw.php,46,4,13,1,0,0,1,0,0,2,4.4016,1,4,0.2826,0,phishing
http://outlook-secure.gq/login/alert/reset-password/support-center/oili47cj?id=7p8zngc0lb,89,1,5,3,0,0,0,0,0,6,4.566,3,7,0.0562,0,phishing
http://cutt.ly/9qpwhsw,22,1,1,0,0,0,0,0,0,0,3.6069,1,3,0.0455,1,phishing
http://dgd9.rbi8.6ji.o62sajzj.7w6.5qu.instagram.ga/webscr,57,7,8,0,0,0,0,0,6,1,4.5752,1,3,0.1404,0,phishing
https://147.119.234.243/usps-reset-password/cgwklh.php,54,4,12,2,1,0,1,0,0,2,4.3819,1,4,0.2222,0,phishing
https://help.nationalgeographic.net/docs/getting-started?ref=fx8v,65,2,1,1,1,0,0,0,1,0,4.3295,3,4,0.0154,0,safe
https://www.khanacademy.com?ref=aigu,36,2,0,0,1,0,0,0,1,0,4.4267,3,2,0.0,0,safe
https://en.github.io/docs/getting-started,41,2,0,1,1,0,0,0,1,0,3.9753,1,4,0.0,0,safe
https://help.nytimes.org/blog/2026/updates,42,2,4,0,1,0,0,0,1,1,4.3001,1,5,0.0952,0,safe
https://is.gd/5fhjzdj,21,1,1,0,1,0,0,0,0,0,3.6897,1,3,0.0476,1,phishing
https://www.duolingo.io/about,29,2,0,0,1,0,0,0,1,0,3.8833,1,3,0.0,0,safe
http://app1e-reset-password.cf/reset-password/pznes,51,1,1,3,0,0,0,0,0,2,3.9042,1,4,0.0196,0,phishing
https://icloud-suspended.info/authenticate/update/login/8lijpiry?id=95ildo3no5,78,1,5,1,1,0,0,0,0,4,4.4281,3,6,0.0641,0,phishing
http://p2c5cqp4.3xfq.xpuw.q1kij8t3.ycd5ta.fjygox9.icloud.ml/reset-password,74,7,9,1,0,0,0,0,6,2,4.8122,1,3,0.1216,0,phishing
https://tinyurl.com/poekyjh,27,1,0,0,1,0,0,0,0,0,4.1064,1,3,0.0,1,phishing
https://www.cloudflare.net/support/faq,38,2,0,0,1,0,0,0,1,1,4.1029,1,4,0.0,0,safe
https://is.gd/jxkgso4,21,1,1,0,1,0,0,0,0,0,3.749,1,3,0.0476,1,phishing
http://218.224.100.177/microsoft-authenticate/uj03q4.php,56,4,15,1,0,0,1,0,0,1,4.5344,1,4,0.2679,0,phishing
https://help.mozilla.org/news/latest?ref=9wec,45,2,1,0,1,0,0,0,1,0,4.2838,3,4,0.0222,0,safe
https://en.nytimes.io/news/latest,33,2,0,0,1,0,0,0,1,0,3.7,1,4,0.0,0,safe
https://157.72.132.63/instagram-webscr/6wzch1.php,49,4,12,1,1,0,1,0,0,1,4.4765,1,4,0.2449,0,phishing
https://khanacademy.org/docs/getting-started,44,1,0,1,1,0,0,0,0,0,4.0838,1,4,0.0,0,safe
https://help.airbnb.gov/news/latest,35,2,0,0,1,0,0,0,1,0,4.0004,1,4,0.0,0,safe
http://instagram-alert.ml/authenticate/billing/p3klorga?id=pt1y2nogf0,69,1,4,1,0,0,0,0,0,3,4.5056,3,5,0.058,0,phishing
https://www.irs.org/en/home,27,2,0,0,1,0,0,0,1,0,3.764,1,4,0.0,0,safe
https://help.khanacademy.edu/careers,36,2,0,0,1,0,0,0,1,0,3.9722,1,3,0.0,0,safe
https://npr.io/docs/getting-started,35,1,0,1,1,0,0,0,0,0,3.8646,1,4,0.0,0,safe
https://en.bbc.gov/products,27,2,0,0,1,0,0,0,1,0,3.9582,1,3,0.0,0,safe
https://github.org?ref=uns4,27,1,1,0,1,0,0,0,0,0,4.1343,3,2,0.037,0,safe
http://cutt.ly/p68vj72,22,1,4,0,0,0,0,0,0,0,3.7888,1,3,0.1818,1,phishing
http://cutt.ly/rjka1e9,22,1,2,0,0,0,0,0,0,0,3.8797,1,3,0.0909,1,phishing
http://icloud-support-center.cf/reset-password/billing/support-center/secure/1njndae2?id=fww41mixhz,99,1,4,4,0,0,0,0,0,5,4.5804,3,7,0.0404,0,phishing
https://help.figma.com/,23,2,0,0,1,0,0,0,1,0,3.882,1,3,0.0,0,safe
https://airbnb.gov/help/contact,31,1,0,0,1,0,0,0,0,0,3.9865,1,4,0.0,0,safe
http://amaz0n-alert.xyz/alert/mog1r,35,1,2,1,0,0,0,0,0,1,4.0791,1,4,0.0571,0,phishing
https://coinbase-billing.top/recover/unlock/secure/confirm/9wus0x1x?id=me4d65ncdj,81,1,6,1,1,0,0,0,0,5,4.7532,3,7,0.0741,0,phishing
https://wl649ov3.p6go.b4or.pndlo.google.info/confirm,52,5,6,0,1,0,0,0,4,1,4.3277,1,3,0.1154,0,phishing
https://en.nytimes.org/help/contact,35,2,0,0,1,0,0,0,1,0,3.9544,1,4,0.0,0,safe
https://microsoftb9-suspended.click/suspended/jyq0n,51,1,2,1,1,0,0,0,0,2,4.4071,1,4,0.0392,0,phishing
http://25.204.79.155/microsoft-suspended/kvng1r.php,51,4,11,1,0,0,1,0,0,1,4.6084,1,4,0.2157,0,phishing
https://help.spotify.gov/,25,2,0,0,1,0,0,0,1,0,3.7533,1,3,0.0,0,safe
https://help.bbc.gov/about,26,2,0,0,1,0,0,0,1,0,3.8441,1,3,0.0,0,safe
https://www.airbnb.gov/,23,2,0,0,1,0,0,0,1,0,3.8492,1,3,0.0,0,safe
https://airbnb.io/support/faq?ref=1i3l,38,1,2,0,1,0,0,0,0,1,4.2737,3,4,0.0526,0,safe
http://rb.gy/bs677pp,20,1,3,0,0,0,0,0,0,0,3.5464,1,3,0.15,1,phishing
https://slack.gov/pricing?ref=iv47,34,1,2,0,1,0,0,0,0,0,4.396,3,3,0.0588,0,safe
https://www.npr.gov/docs/getting-started,40,2,0,1,1,0,0,0,1,0,4.0276,1,4,0.0,0,safe
https://www.figma.edu/account/settings,38,2,0,0,1,0,0,0,1,1,4.0606,1,4,0.0,0,safe
https://www.nationalgeographic.net/news/latest,46,2,0,0,1,0,0,0,1,0,3.9091,1,4,0.0,0,safe
https://docs.harvard.org/products,33,2,0,0,1,0,0,0,1,0,3.7785,1,3,0.0,0,safe
https://help.npr.gov/docs/getting-started,41,2,0,1,1,0,0,0,1,0,4.0276,1,4,0.0,0,safe
https://en.stackoverflow.org/about,34,2,0,0,1,0,0,0,1,0,4.1829,1,3,0.0,0,safe
https://en.mozilla.gov/news/latest,34,2,0,0,1,0,0,0,1,0,3.962,1,4,0.0,0,safe
https://docs.wikipedia.net/careers?ref=7p05,43,2,3,0,1,0,0,0,1,0,4.3068,3,3,0.0698,0,safe
http://50.108.149.129/coinbase-account/eicc14.php,49,4,13,1,0,0,1,0,0,1,4.3266,1,4,0.2653,0,phishing
https://en.npr.net/,19,2,0,0,1,0,0,0,1,0,3.1814,1,3,0.0,0,safe
https://amazon-webscr.cf/recover/support-center/alert/reset-password/ld4aibqk?id=1kae5gifjt,91,1,3,3,1,0,0,0,0,6,4.6054,3,7,0.033,0,phishing
https://c0inbase-login.cf/login/jtiza,37,1,1,1,1,0,0,0,0,1,4.1957,1,4,0.027,0,phishing
http://amaz0n-login.ga/login/1p0a5,34,1,4,1,0,0,0,0,0,1,3.9842,1,4,0.1176,0,phishing
https://pmo.0xr.iplr.owwh05.7m544kd.wellsfargo.top/recover,58,6,7,0,1,0,0,0,5,1,4.4355,1,3,0.1207,0,phishing
https://en.github.com/blog/2026/updates,39,2,4,0,1,0,0,0,1,1,4.2698,1,5,0.1026,0,safe
http://181.168.91.197/paypal-secure/gsb5ko.php,46,4,12,1,0,0,1,0,0,2,4.3666,1,4,0.2609,0,phishing
http://0m9a7lym.z20o.gftpfd3v.64fr.rl1.siobyqyh.icloud.top/unlock,65,7,9,0,0,0,0,0,6,1,4.7565,1,3,0.1385,0,phishing
https://tinyurl.com/hwgha9f,27,1,1,0,1,0,0,0,0,0,4.2266,1,3,0.037,1,phishing
http://dh1-recover.gq/recover/jhskt,35,1,1,1,0,0,0,0,0,1,4.0004,1,4,0.0286,0,phishing
https://docs.dropbox.io/careers,31,2,0,0,1,0,0,0,1,0,3.8489,1,3,0.0,0,safe
https://www.spotify.net/about,29,2,0,0,1,0,0,0,1,0,3.8539,1,3,0.0,0,safe
https://www.coursera.net/news/latest,36,2,0,0,1,0,0,0,1,0,3.7363,1,4,0.0,0,safe
http://chase-billing.ga/billing/aa0zk,37,1,1,1,0,0,0,0,0,1,3.9999,1,4,0.027,0,phishing
http://facebookzu-recover.ml/recover/yssg9,42,1,1,1,0,0,0,0,0,1,4.2884,1,4,0.0238,0,phishing
https://en.nasa.edu/account/settings,36,2,0,0,1,0,0,0,1,1,3.7499,1,4,0.0,0,safe
https://www.cloudflare.io/products,34,2,0,0,1,0,0,0,1,0,4.0575,1,3,0.0,0,safe
https://irs.io/help/contact,27,1,0,0,1,0,0,0,0,0,3.7179,1,4,0.0,0,safe
https://coursera.org/support/faq,32,1,0,0,1,0,0,0,0,1,3.7806,1,4,0.0,0,safe
http://facebookyf-secure.tk/secure/ec1ew,40,1,1,1,0,0,0,0,0,1,4.0118,1,4,0.025,0,phishing
https://help.nasa.org/pricing,29,2,0,0,1,0,0,0,1,0,3.9094,1,3,0.0,0,safe
http://104.158.65.65/usps-update/h9jz5f.php,43,4,12,1,0,0,1,0,0,1,4.1909,1,4,0.2791,0,phishing
https://coinbase-update.click/support-center/account/authenticate/ibtk5x8f?id=dftedb7jwl,88,1,3,2,1,0,0,0,0,5,4.4782,3,6,0.0341,0,phishing
https://113.45.59.244/apple-recover/vdfr3n.php,46,4,11,1,1,0,1,0,0,1,4.3524,1,4,0.2391,0,phishing
http://213.6.26.2/paypal-alert/jiihkz.php,41,4,7,1,0,0,1,0,0,2,4.0739,1,4,0.1707,0,phishing
http://faceb00k-verify.info/verify/j5z1q,40,1,4,1,0,0,0,0,0,1,4.4342,1,4,0.1,0,phishing
https://outlook-webscr.top/recover/update/suspended/lhx3ifqi?id=yd4eomfro8,74,1,3,1,1,0,0,0,0,4,4.594,3,6,0.0405,0,phishing
https://www.reuters.edu/blog/2026/updates,41,2,4,0,1,0,0,0,1,1,4.0923,1,5,0.0976,0,safe
https://cutt.ly/iw30fwb,23,1,2,0,1,0,0,0,0,0,3.882,1,3,0.087,1,phishing
https://www.duolingo.gov/products,33,2,0,0,1,0,0,0,1,0,4.0061,1,3,0.0,0,safe
https://help.reuters.net/en/home?ref=9dak,41,2,1,0,1,0,0,0,1,0,4.0609,3,4,0.0244,0,safe
https://111.232.243.159/wellsfargo-billing/z383zc.php,53,4,15,1,1,0,1,0,0,1,4.5674,1,4,0.283,0,phishing
https://help.dropbox.edu/blog/2026/updates,42,2,4,0,1,0,0,0,1,1,4.1392,1,5,0.0952,0,safe
http://faceb00k-confirm.click/confirm/g2iar,43,1,3,1,0,0,0,0,0,2,4.2374,1,4,0.0698,0,phishing
https://www.nasa.com/en/home,28,2,0,0,1,0,0,0,1,0,3.709,1,4,0.0,0,safe
https://github.org/docs/getting-started,39,1,0,1,1,0,0,0,0,0,3.9416,1,4,0.0,0,safe
http://bit.ly/4pj35k1,21,1,4,0,0,0,0,0,0,0,3.8442,1,3,0.1905,1,phishing
http://rb.gy/iwbgju1,20,1,1,0,0,0,0,0,0,0,3.7842,1,3,0.05,1,phishing
https://help.nationalgeographic.gov/blog/2026/updates,53,2,4,0,1,0,0,0,1,1,4.2963,1,5,0.0755,0,safe
http://wellsfargo-secure.top/reset-password/support-center/confirm/authenticate/vsasqi4l?id=6damh296py,102,1,5,3,0,0,0,0,0,6,4.5595,3,7,0.049,0,phishing
http://icloudmv-unlock.ml/unlock/tukl6,38,1,1,1,0,0,0,0,0,1,3.9156,1,4,0.0263,0,phishing
https://docs.nationalgeographic.edu/help/contact,48,2,0,0,1,0,0,0,1,0,4.0302,1,4,0.0,0,safe
https://amaz0n-reset-password.ml/reset-password/1lfmu,53,1,2,3,1,0,0,0,0,2,4.1823,1,4,0.0377,0,phishing
http://227.185.103.237/chase-account/gnhim5.php,47,4,13,1,0,0,1,0,0,1,4.384,1,4,0.2766,0,phishing
https://docs.bbc.io/products,28,2,0,0,1,0,0,0,1,0,3.6726,1,3,0.0,0,safe
https://en.nationalgeographic.gov/products?ref=i632,51,2,3,0,1,0,0,0,1,0,4.456,3,3,0.0588,0,safe
https://www.airbnb.edu/,23,2,0,0,1,0,0,0,1,0,3.8492,1,3,0.0,0,safe
https://docs.reuters.com/help/contact?ref=7s82,46,2,3,0,1,0,0,0,1,0,4.2384,3,4,0.0652,0,safe
http://cutt.ly/10bdfi9,22,1,3,0,0,0,0,0,0,0,3.8797,1,3,0.1364,1,phishing
https://en.reuters.net/pricing,30,2,0,0,1,0,0,0,1,0,3.6314,1,3,0.0,0,safe
https://tinyurl.com/rm09hmf,27,1,2,0,1,0,0,0,0,0,4.0784,1,3,0.0741,1,phishing
https://docs.bbc.io/docs/getting-started,40,2,0,1,1,0,0,0,1,0,3.9276,1,4,0.0,0,safe
https://101.th0y.xu5.mcqwvs.wellsfargo.cf/unlock,48,5,5,0,1,0,0,0,4,1,4.5561,1,3,0.1042,0,phishing
http://74.168.121.40/microsoft-billing/kqcuxp.php,49,4,10,1,0,0,1,0,0,1,4.6297,1,4,0.2041,0,phishing
https://www.irs.com/news/latest,31,2,0,0,1,0,0,0,1,0,3.7929,1,4,0.0,0,safe
https://89.218.12.17/fedex-verify/vho260.php,44,4,12,1,1,0,1,0,0,1,4.3736,1,4,0.2727,0,phishing
https://www.khanacademy.com,27,2,0,0,1,0,0,0,1,0,3.9582,1,2,0.0,0,safe
https://amazon-confirm.xyz/support-center/billing/6t8uvaxc?id=z6hwgfq0i3,72,1,5,2,1,0,0,0,0,3,4.8733,3,5,0.0694,0,phishing
http://bit.ly/avm5e71,21,1,3,0,0,0,0,0,0,0,3.9395,1,3,0.1429,1,phishing
http://apple-secure.ml/update/account/xejpfeaa?id=vej3vghdim,60,1,1,1,0,0,0,0,0,3,4.4278,3,5,0.0167,0,phishing
https://docs.npr.io/products?ref=ss3e,37,2,1,0,1,0,0,0,1,0,4.0369,3,3,0.027,0,safe
http://7q4b.9gkbxdgy.pjpz.uoi9.x5hhks.apple.ml/account,54,6,5,0,0,0,0,0,5,1,4.6181,1,3,0.0926,0,phishing
https://www.npr.org/products,28,2,0,0,1,0,0,0,1,0,3.744,1,3,0.0,0,safe
http://cutt.ly/op1mcv3,22,1,2,0,0,0,0,0,0,0,3.6978,1,3,0.0909,1,phishing
https://docs.cloudflare.io/about?ref=oopo,41,2,0,0,1,0,0,0,1,0,4.1097,3,3,0.0,0,safe
https://help.khanacademy.net/blog/2026/updates,46,2,4,0,1,0,0,0,1,1,4.2818,1,5,0.087,0,safe
https://en.harvard.com/,23,2,0,0,1,0,0,0,1,0,3.882,1,3,0.0,0,safe
http://is.gd/spk13q8,20,1,3,0,0,0,0,0,0,0,3.7842,1,3,0.15,1,phishing
https://docs.irs.net/account/settings?ref=c1b3,46,2,2,0,1,0,0,0,1,1,4.2055,3,4,0.0435,0,safe
https://instagram-login.gq/webscr/secure/877dmkb2?id=yss7e4wwiv,63,1,6,1,1,0,0,0,0,3,4.725,3,5,0.0952,0,phishing
https://docs.un.com/,20,2,0,0,1,0,0,0,1,0,3.5842,1,3,0.0,0,safe
http://5wd.1f2afux.equ2w4x5.facebook.top/account,48,4,6,0,0,0,0,0,3,1,4.3397,1,3,0.125,0,phishing
https://figma.gov/news/latest,29,1,0,0,1,0,0,0,0,0,3.9354,1,4,0.0,0,safe
https://nationalgeographic.edu/,31,1,0,0,1,0,0,0,0,0,4.0424,1,3,0.0,0,safe
http://wellsfargo-verify.click/support-center/confirm/confirm/update/xbpkg6x0?id=wxfbivaz11,91,1,4,2,0,0,0,0,0,5,4.7744,3,7,0.044,0,phishing
https://help.npr.com/blog/2026/updates,38,2,4,0,1,0,0,0,1,1,4.2383,1,5,0.1053,0,safe
https://help.who.gov/account/settings,37,2,0,0,1,0,0,0,1,1,3.9696,1,4,0.0,0,safe
https://en.dropbox.gov/blog/2026/updates,40,2,4,0,1,0,0,0,1,1,4.2439,1,5,0.1,0,safe
https://en.dropbox.org/support/faq?ref=ynhs,43,2,0,0,1,0,0,0,1,1,4.2284,3,4,0.0,0,safe
http://microsoft1u-account.top/account/8si5t,44,1,3,1,0,0,0,0,0,1,3.9679,1,4,0.0682,0,phishing
https://dhl3o-authenticate.ga/authenticate/0tk10,48,1,4,1,1,0,0,0,0,1,4.0404,1,4,0.0833,0,phishing
https://www.spotify.edu/docs/getting-started,44,2,0,1,1,0,0,0,1,0,4.0977,1,4,0.0,0,safe
https://help.stackoverflow.org/,31,2,0,0,1,0,0,0,1,0,4.0424,1,3,0.0,0,safe
https://230.39.205.244/icloud-unlock/lkpe56.php,47,4,13,1,1,0,1,0,0,1,4.4161,1,4,0.2766,0,phishing
http://rb.gy/0a12whr,20,1,3,0,0,0,0,0,0,0,3.7842,1,3,0.15,1,phishing
http://ic10ud-confirm.gq/confirm/hnjil,38,1,2,1,0,0,0,0,0,1,4.2608,1,4,0.0526,0,phishing
https://help.nationalgeographic.net/careers?ref=yl84,52,2,2,0,1,0,0,0,1,0,4.2527,3,3,0.0385,0,safe
https://111.143.169.177/facebook-recover/6gbygz.php,51,4,13,1,1,0,1,0,0,1,4.4612,1,4,0.2549,0,phishing
http://rb.gy/8ujsya6,20,1,2,0,0,0,0,0,0,0,3.8842,1,3,0.1,1,phishing
https://nasa.net/,17,1,0,0,1,0,0,0,0,0,3.1751,1,3,0.0,0,safe
http://paypalr3-verify.ml/verify/yzjps,38,1,1,1,0,0,0,0,0,2,4.1228,1,4,0.0263,0,phishing
https://docs.who.net/news/latest,32,2,0,0,1,0,0,0,1,0,3.6761,1,4,0.0,0,safe
http://bit.ly/0z6eenn,21,1,2,0,0,0,0,0,0,0,3.749,1,3,0.0952,1,phishing
https://help.khanacademy.net/en/home,36,2,0,0,1,0,0,0,1,0,3.8401,1,4,0.0,0,safe
https://docs.npr.net/careers?ref=buk3,37,2,1,0,1,0,0,0,1,0,4.1753,3,3,0.027,0,safe
https://en.coursera.org/about,29,2,0,0,1,0,0,0,1,0,3.8573,1,3,0.0,0,safe
https://binance-authenticate.xyz/login/account/authenticate/7foc57p2?id=ng7pwtgkpq,82,1,5,1,1,0,0,0,0,3,4.4747,3,6,0.061,0,phishing
https://docs.python.gov/support/faq,35,2,0,0,1,0,0,0,1,1,3.9649,1,4,0.0,0,safe
http://icloudpe-webscr.info/webscr/c7768,40,1,4,1,0,0,0,0,0,1,4.3531,1,4,0.1,0,phishing
http://bank0famerica-signin.click/signin/om7la,46,1,2,1,0,0,0,0,0,2,4.2219,1,4,0.0435,0,phishing
https://khanacademy.edu/help/contact,36,1,0,0,1,0,0,0,0,0,3.9404,1,4,0.0,0,safe
https://nytimes.edu/?ref=mhxi,29,1,0,0,1,0,0,0,0,0,4.0902,3,3,0.0,0,safe
http://cutt.ly/7z6r7eb,22,1,3,0,0,0,0,0,0,0,3.7888,1,3,0.1364,1,phishing
http://105.162.211.225/dhl-confirm/ur2x63.php,45,4,15,1,0,0,1,0,0,1,4.3114,1,4,0.3333,0,phishing
https://www.duolingo.io/,24,2,0,0,1,0,0,0,1,0,3.7406,1,3,0.0,0,safe
https://en.mit.com/support/faq,30,2,0,0,1,0,0,0,1,1,3.9484,1,4,0.0,1,safe
https://en.npr.com/docs/getting-started,39,2,0,1,1,0,0,0,1,0,3.9579,1,4,0.0,0,safe
https://docs.khanacademy.gov/help/contact?ref=d8bl,50,2,1,0,1,0,0,0,1,0,4.4235,3,4,0.02,0,safe
https://is.gd/4tjipur,21,1,1,0,1,0,0,0,0,0,3.6538,1,3,0.0476,1,phishing
https://un.io/careers,21,1,0,0,1,0,0,0,0,0,3.7849,1,3,0.0,0,safe
http://v9s0.df5ukk.lr1ukn.z5qdjdo.microsoft.gq/recover,54,5,5,0,0,0,0,0,4,1,4.5951,1,3,0.0926,0,phishing
https://en.trello.edu/news/latest,33,2,0,0,1,0,0,0,1,0,3.689,1,4,0.0,0,safe
http://dhl-suspended.xyz/secure/suspended/suspended/support-center/sf21tnrr?id=eaw3tcyulw,89,1,3,2,0,0,0,0,0,3,4.2877,3,7,0.0337,0,phishing
https://www.irs.net/en/home,27,2,0,0,1,0,0,0,1,0,3.634,1,4,0.0,0,safe
https://en.reuters.edu/pricing,30,2,0,0,1,0,0,0,1,0,3.7647,1,3,0.0,0,safe
http://outlook-secure.gq/alert/webscr/confirm/7ghs93ry?id=hlpfacjsfx,68,1,3,1,0,0,0,0,0,4,4.7436,3,6,0.0441,0,phishing
https://docs.cloudflare.io/docs/getting-started,47,2,0,1,1,0,0,0,1,0,4.0861,1,4,0.0,0,safe
https://help.nytimes.com/products,33,2,0,0,1,0,0,0,1,0,4.0061,1,3,0.0,0,safe
http://amazon-support-center.top/reset-password/unlock/update/billing/wkuixjd3?id=76kezugelf,92,1,3,3,0,0,0,0,0,6,4.6628,3,7,0.0326,0,phishing
https://help.stackoverflow.com/,31,2,0,0,1,0,0,0,1,0,4.0424,1,3,0.0,0,safe
http://fedexh1-signin.tk/signin/fb5j9,37,1,3,1,0,0,0,0,0,1,4.162,1,4,0.0811,0,phishing
http://74.86.187.90/dhl-update/ngkdap.php,41,4,9,1,0,0,1,0,0,1,4.1899,1,4,0.2195,0,phishing
https://slack.gov/?ref=9fuy,27,1,1,0,1,0,0,0,0,0,4.3566,3,3,0.037,0,safe
https://wellsfargogy-update.click/update/92u9y,46,1,3,1,1,0,0,0,0,2,4.398,1,4,0.0652,0,phishing
https://docs.wikipedia.edu/docs/getting-started,47,2,0,1,1,0,0,0,1,0,4.0414,1,4,0.0,0,safe
https://help.trello.edu/blog/2026/updates,41,2,4,0,1,0,0,0,1,1,4.0316,1,5,0.0976,0,safe
http://6f2nxq.iwlr4.54qsry.paypal.top/alert,43,4,5,0,0,0,0,0,3,2,4.2863,1,3,0.1163,0,phishing
http://139.185.11.214/instagram-billing/r4fe9b.php,50,4,13,1,0,0,1,0,0,1,4.4464,1,4,0.26,0,phishing
http://rkf7.juq7dv3w.vaksjqi.icloud.info/recover,48,4,3,0,0,0,0,0,3,1,4.5063,1,3,0.0625,0,phishing
https://ztx.z52zx4.1yzq4zc9.coinbase.xyz/billing,48,4,6,0,1,0,0,0,3,1,4.4073,1,3,0.125,0,phishing
https://en.coursera.edu/docs/getting-started,44,2,0,1,1,0,0,0,1,0,3.9451,1,4,0.0,0,safe
http://rb.gy/7mhlqi9,20,1,2,0,0,0,0,0,0,0,3.8842,1,3,0.1,1,phishing
https://bbc.net/help/contact,28,1,0,0,1,0,0,0,0,0,3.5801,1,4,0.0,0,safe
https://en.duolingo.net/en/home,31,2,0,0,1,0,0,0,1,0,3.7442,1,4,0.0,0,safe
https://u6n2rz1e.t421f.065ar30.amazon.info/update,49,4,11,0,1,0,0,0,3,1,4.4819,1,3,0.2245,0,phishing
https://paypal-suspended.info/update/update/support-center/signin/fo4dl1ey?id=5fy4l5djjs,88,1,5,2,1,0,0,0,0,5,4.4298,3,7,0.0568,0,phishing
https://docs.figma.com/account/settings,39,2,0,0,1,0,0,0,1,1,3.9427,1,4,0.0,0,safe
https://182.53.129.22/chase-update/ocfst9.php,45,4,11,1,1,0,1,0,0,1,4.1694,1,4,0.2444,0,phishing
http://fedex-confirm.info/verify/billing/update/kf9dqf7q?id=2jsj1rlo0t,70,1,5,1,0,0,0,0,0,4,4.7643,3,6,0.0714,0,phishing
https://docs.slack.edu/,23,2,0,0,1,0,0,0,1,0,3.7623,1,3,0.0,0,safe
https://notion.net/help/contact,31,1,0,0,1,0,0,0,0,0,3.5263,1,4,0.0,0,safe
https://help.nationalgeographic.gov/en/home,43,2,0,0,1,0,0,0,1,0,3.9896,1,4,0.0,0,safe
https://amazon-authenticate.ga/confirm/support-center/yzkhxrew?id=e9d2ai3ikt,76,1,3,2,1,0,0,0,0,3,4.5735,3,5,0.0395,0,phishing
http://tinyurl.com/jvswlof,26,1,0,0,0,0,0,0,0,0,4.1808,1,3,0.0,1,phishing
https://spotify.edu/about,25,1,0,0,1,0,0,0,0,0,3.8137,1,3,0.0,0,safe
https://www.bbc.edu/pricing,27,2,0,0,1,0,0,0,1,0,3.9582,1,3,0.0,0,safe
http://google3y-billing.ga/billing/qk24p,40,1,3,1,0,0,0,0,0,1,4.0914,1,4,0.075,0,phishing
https://hy9za.mq5.9r60mr.microsoft.tk/suspended,47,4,5,0,1,0,0,0,3,1,4.4851,1,3,0.1064,0,phishing
http://p81ljeqd.enf8y.ct5t2p.9fq3.6vkq3tti.muq.paypal.top/recover,65,7,9,0,0,0,0,0,6,2,4.5521,1,3,0.1385,0,phishing
https://irs.gov/docs/getting-started,36,1,0,1,1,0,0,0,0,0,3.8848,1,4,0.0,0,safe
http://usps-confirm.cf/webscr/alert/kyysbpd2?id=wavb1rb7hd,58,1,3,1,0,0,0,0,0,3,4.6747,3,5,0.0517,0,phishing
https://tinyurl.com/zwj27kw,27,1,2,0,1,0,0,0,0,0,4.3286,1,3,0.0741,1,phishing
http://11h7js8.5terk56x.eqg6.4l0nqlf.kino7khu.paypal.tk/recover,63,6,11,0,0,0,0,0,5,2,4.7188,1,3,0.1746,0,phishing
http://wellsfargo0e-authenticate.top/authenticate/310w4,55,1,5,1,0,0,0,0,0,1,4.2104,1,4,0.0909,0,phishing
https://232.235.250.244/amazon-verify/xx4wo6.php,48,4,14,1,1,0,1,0,0,1,4.52,1,4,0.2917,0,phishing
https://help.coursera.org/about,31,2,0,0,1,0,0,0,1,0,3.889,1,3,0.0,0,safe
http://h2oyu9xs.ueo.tls0i.4gimopd0.pmxmx.paypal.click/recover,61,6,5,0,0,0,0,0,5,3,4.5019,1,3,0.082,0,phishing
http://157.186.183.169/microsoft-recover/j5bqab.php,51,4,13,1,0,0,1,0,0,1,4.5544,1,4,0.2549,0,phishing
https://en.mit.edu/help/contact?ref=3if3,40,2,2,0,1,0,0,0,1,0,4.2317,3,4,0.05,0,safe
https://help.github.org/careers,31,2,0,0,1,0,0,0,1,0,3.9292,1,3,0.0,0,safe
https://rb.gy/eiie79i,21,1,2,0,1,0,0,0,0,0,3.749,1,3,0.0952,1,phishing
https://111.143.169.177/facebook-recover/6gbygz.php,51,4,13,1,1,0,1,0,0,1,4.4612,1,4,0.2549,0,phishing
https://bbc.edu/about,21,1,0,0,1,0,0,0,0,0,3.6178,1,3,0.0,0,safe
http://outlook-webscr.ga/webscr/webscr/support-center/billing/bxx5n3gm?id=874sckinsy,84,1,5,2,0,0,0,0,0,3,4.6753,3,7,0.0595,0,phishing
https://help.khanacademy.io/news/latest,39,2,0,0,1,0,0,0,1,0,4.0159,1,4,0.0,0,safe
https://wikipedia.com/news/latest,33,1,0,0,1,0,0,0,0,0,3.9455,1,4,0.0,0,safe
https://hwl7pa.19id9.6lb.46a66lkc.fedex.ga/suspended,52,5,9,0,1,0,0,0,4,1,4.4431,1,3,0.1731,0,phishing
https://help.nytimes.net/help/contact,37,2,0,0,1,0,0,0,1,0,3.7561,1,4,0.0,0,safe
https://www.mozilla.net/,24,2,0,0,1,0,0,0,1,0,3.8239,1,3,0.0,0,safe
https://help.nasa.gov/blog/2026/updates,39,2,4,0,1,0,0,0,1,1,4.1411,1,5,0.1026,0,safe
https://201.36.197.142/usps-authenticate/5w5g88.php,51,4,15,1,1,0,1,0,0,1,4.4592,1,4,0.2941,0,phishing
https://amaz0n-recover.info/recover/qz4sq,41,1,2,1,1,0,0,0,0,1,4.266,1,4,0.0488,0,phishing
https://netflix-secure.gq/verify/authenticate/update/stf11ygg?id=43jrka04d9,75,1,7,1,1,0,0,0,0,4,4.6596,3,6,0.0933,0,phishing
http://224.57.112.17/chase-verify/5tu3qg.php,44,4,12,1,0,0,1,0,0,1,4.4191,1,4,0.2727,0,phishing
http://xa511uo.qtyctlj2.otybgf.pax5n.t5jqpw90.amazon.ml/signin,62,6,8,0,0,0,0,0,5,1,4.5987,1,3,0.129,0,phishing
https://www.duolingo.io/,24,2,0,0,1,0,0,0,1,0,3.7406,1,3,0.0,0,safe
https://www.usps.org/news/latest,32,2,0,0,1,0,0,0,1,0,3.6997,1,4,0.0,0,safe
http://145.104.249.127/fedex-recover/b5h1qq.php,47,4,14,1,0,0,1,0,0,1,4.3575,1,4,0.2979,0,phishing
http://187.169.28.186/instagram-reset-password/imq6ga.php,57,4,12,2,0,0,1,0,0,2,4.4466,1,4,0.2105,0,phishing
https://docs.nytimes.io/en/home?ref=yfdv,40,2,0,0,1,0,0,0,1,0,4.1653,3,4,0.0,0,safe
https://tinyurl.com/co2pza1,27,1,2,0,1,0,0,0,0,0,4.1805,1,3,0.0741,1,phishing
http://tinyurl.com/yxvt09b,26,1,2,0,0,0,0,0,0,0,4.1329,1,3,0.0769,1,phishing
https://help.nationalgeographic.gov/products,44,2,0,0,1,0,0,0,1,0,4.1181,1,3,0.0,0,safe
http://mci6f0vd.qzmadw.o233wzg8.iebk.f0e4tyc.microsoft.ga/login,63,6,8,0,0,0,0,0,5,1,4.7505,1,3,0.127,0,phishing
https://en.mit.edu/help/contact?ref=3if3,40,2,2,0,1,0,0,0,1,0,4.2317,3,4,0.05,0,safe
https://11.56.166.132/instagram-recover/0b5ktm.php,50,4,12,1,1,0,1,0,0,1,4.4786,1,4,0.24,0,phishing
http://bfnjx.02tr.llf1.dwlm6g.92esl.bou352oh.microsoft.ga/account,65,7,9,0,0,0,0,0,6,1,4.6702,1,3,0.1385,0,phishing
https://help.reuters.edu/careers,32,2,0,0,1,0,0,0,1,0,3.5695,1,3,0.0,0,safe
https://docs.mozilla.net/,25,2,0,0,1,0,0,0,1,0,3.9435,1,3,0.0,0,safe
https://en.harvard.edu/products,31,2,0,0,1,0,0,0,1,0,3.889,1,3,0.0,0,safe
